file_path,filename,extension,file_size_bytes,is_valid,error,width,height,aspect_ratio,channels,mode,format,md5_hash,class_name,relative_path
C:\Users\laksh\OneDrive\Desktop\AIML\solar-panel-ai\data\raw\Bird-drop\1.JPG,1.JPG,.jpg,233818,True,,803,806,0.9963,3,RGB,JPEG,26e1a8d7d98da24cc833a6c530661191,Bird-drop,Bird-drop/1.JPG
C:\Users\laksh\OneDrive\Desktop\AIML\solar-panel-ai\data\raw\Bird-drop\10.JPG,10.JPG,.jpg,60527,True,,628,480,1.3083,3,RGB,JPEG,93d7924bbfc5d3794cd1d8222872572b,Bird-drop,Bird-drop/10.JPG
C:\Users\laksh\OneDrive\Desktop\AIML\solar-panel-ai\data\raw\Bird-drop\11.JPG,11.JPG,.jpg,54856,True,,502,344,1.4593,3,RGB,JPEG,5dd1f23aaeb784f506a084d285b1bc9a,Bird-drop,Bird-drop/11.JPG
C:\Users\laksh\OneDrive\Desktop\AIML\solar-panel-ai\data\raw\Bird-drop\12.JPG,12.JPG,.jpg,154111,True,,968,716,1.352,3,RGB,JPEG,1cf31e274d8cc96f546d280a43e563d2,Bird-drop,Bird-drop/12.JPG
C:\Users\laksh\OneDrive\Desktop\AIML\solar-panel-ai\data\raw\Bird-drop\13.JPG,13.JPG,.jpg,36424,True,,383,245,1.5633,3,RGB,JPEG,9ccc2d217bb8c96ebd827e8cf799c463,Bird-drop,Bird-drop/13.JPG
C:\Users\laksh\OneDrive\Desktop\AIML\solar-panel-ai\data\raw\Bird-drop\14.JPG,14.JPG,.jpg,36141,True,,379,227,1.6696,3,RGB,JPEG,0a1f7f772ae0593c5845c578f01783fb,Bird-drop,Bird-drop/14.JPG
C:\Users\laksh\OneDrive\Desktop\AIML\solar-panel-ai\data\raw\Bird-drop\15.JPG,15.JPG,.jpg,38822,True,,438,284,1.5423,3,RGB,JPEG,bb2e9c6fc7863432c5aec813edc07143,Bird-drop,Bird-drop/15.JPG
C:\Users\laksh\OneDrive\Desktop\AIML\solar-panel-ai\data\raw\Bird-drop\16.JPG,16.JPG,.jpg,70897,True,,421,781,0.5391,3,RGB,JPEG,706f864d043634b5c878da4db544be6a,Bird-drop,Bird-drop/16.JPG
C:\Users\laksh\OneDrive\Desktop\AIML\solar-panel-ai\data\raw\Bird-drop\2.JPG,2.JPG,.jpg,148000,True,,601,805,0.7466,3,RGB,JPEG,9bf524de773c8c912f230be31c42e6ed,Bird-drop,Bird-drop/2.JPG
C:\Users\laksh\OneDrive\Desktop\AIML\solar-panel-ai\data\raw\Bird-drop\3.JPG,3.JPG,.jpg,141460,True,,601,794,0.7569,3,RGB,JPEG,f4fc3af95e3923c79fa58bd0343ba382,Bird-drop,Bird-drop/3.JPG
C:\Users\laksh\OneDrive\Desktop\AIML\solar-panel-ai\data\raw\Bird-drop\4.JPG,4.JPG,.jpg,149853,True,,594,796,0.7462,3,RGB,JPEG,492c4a9b23c0b3f41c0d45aa86d4a479,Bird-drop,Bird-drop/4.JPG
C:\Users\laksh\OneDrive\Desktop\AIML\solar-panel-ai\data\raw\Bird-drop\5.JPG,5.JPG,.jpg,138171,True,,598,802,0.7456,3,RGB,JPEG,81eca1771934cd4ffc192bff80c9484b,Bird-drop,Bird-drop/5.JPG
C:\Users\laksh\OneDrive\Desktop\AIML\solar-panel-ai\data\raw\Bird-drop\6.JPG,6.JPG,.jpg,146033,True,,604,802,0.7531,3,RGB,JPEG,1eff9fe45f20a55f062a0d8375649305,Bird-drop,Bird-drop/6.JPG
C:\Users\laksh\OneDrive\Desktop\AIML\solar-panel-ai\data\raw\Bird-drop\7.JPG,7.JPG,.jpg,72231,True,,458,459,0.9978,3,RGB,JPEG,24614038f2837c73e4a67385d469d967,Bird-drop,Bird-drop/7.JPG
C:\Users\laksh\OneDrive\Desktop\AIML\solar-panel-ai\data\raw\Bird-drop\8.JPG,8.JPG,.jpg,72593,True,,466,346,1.3468,3,RGB,JPEG,5f4eb5ec0b400ad5f5069e6fdfc710c1,Bird-drop,Bird-drop/8.JPG
C:\Users\laksh\OneDrive\Desktop\AIML\solar-panel-ai\data\raw\Bird-drop\9.JPG,9.JPG,.jpg,81864,True,,626,553,1.132,3,RGB,JPEG,5ab7cdcfa7b45c101f33d5bb524db127,Bird-drop,Bird-drop/9.JPG
C:\Users\laksh\OneDrive\Desktop\AIML\solar-panel-ai\data\raw\Bird-drop\Bird (1).jpeg,Bird (1).jpeg,.jpeg,18831,True,,190,250,0.76,3,RGB,JPEG,ded72643ef9be49f5db8f08f7ad7456c,Bird-drop,Bird-drop/Bird (1).jpeg
C:\Users\laksh\OneDrive\Desktop\AIML\solar-panel-ai\data\raw\Bird-drop\Bird (10).jpg,Bird (10).jpg,.jpg,55972,True,,474,474,1.0,3,RGB,JPEG,4d12e24c7606c24f6b17380f24646e39,Bird-drop,Bird-drop/Bird (10).jpg
C:\Users\laksh\OneDrive\Desktop\AIML\solar-panel-ai\data\raw\Bird-drop\Bird (100).jpg,Bird (100).jpg,.jpg,1144594,True,,1512,2016,0.75,3,RGB,JPEG,40f99a5c608c39a545741086cb337aac,Bird-drop,Bird-drop/Bird (100).jpg
C:\Users\laksh\OneDrive\Desktop\AIML\solar-panel-ai\data\raw\Bird-drop\Bird (101).jpg,Bird (101).jpg,.jpg,438630,True,,1536,2048,0.75,3,RGB,JPEG,b8e7b2ab3d801fa9686c0cfca4b0932e,Bird-drop,Bird-drop/Bird (101).jpg
C:\Users\laksh\OneDrive\Desktop\AIML\solar-panel-ai\data\raw\Bird-drop\Bird (102).jpg,Bird (102).jpg,.jpg,1294083,True,,2016,1512,1.3333,3,RGB,JPEG,6809c305b509ad37c9f7b9c3b0488b50,Bird-drop,Bird-drop/Bird (102).jpg
C:\Users\laksh\OneDrive\Desktop\AIML\solar-panel-ai\data\raw\Bird-drop\Bird (103).jpg,Bird (103).jpg,.jpg,1638142,True,,960,720,1.3333,4,RGBA,PNG,18579acf9bdb00aa620c0fde994ffbd6,Bird-drop,Bird-drop/Bird (103).jpg
C:\Users\laksh\OneDrive\Desktop\AIML\solar-panel-ai\data\raw\Bird-drop\Bird (104).jpg,Bird (104).jpg,.jpg,1256586,True,,2016,1512,1.3333,3,RGB,JPEG,0ed0e3fe4cd39feee330e6191c2a3c18,Bird-drop,Bird-drop/Bird (104).jpg
C:\Users\laksh\OneDrive\Desktop\AIML\solar-panel-ai\data\raw\Bird-drop\Bird (105).jpg,Bird (105).jpg,.jpg,79299,True,,960,720,1.3333,3,RGB,JPEG,4b4e77806e32577b3daa3af19ed2fe54,Bird-drop,Bird-drop/Bird (105).jpg
C:\Users\laksh\OneDrive\Desktop\AIML\solar-panel-ai\data\raw\Bird-drop\Bird (106).jpg,Bird (106).jpg,.jpg,143801,True,,720,960,0.75,3,RGB,JPEG,c51c04feccd1169bc09f15b7421eac35,Bird-drop,Bird-drop/Bird (106).jpg
C:\Users\laksh\OneDrive\Desktop\AIML\solar-panel-ai\data\raw\Bird-drop\Bird (107).jpg,Bird (107).jpg,.jpg,185517,True,,1024,768,1.3333,3,RGB,JPEG,ab12623f06d169004f2196cb14a839aa,Bird-drop,Bird-drop/Bird (107).jpg
C:\Users\laksh\OneDrive\Desktop\AIML\solar-panel-ai\data\raw\Bird-drop\Bird (108).jpg,Bird (108).jpg,.jpg,87746,True,,800,533,1.5009,3,RGB,JPEG,9a7254d09e720b07dfdd757566962370,Bird-drop,Bird-drop/Bird (108).jpg
C:\Users\laksh\OneDrive\Desktop\AIML\solar-panel-ai\data\raw\Bird-drop\Bird (109).jpg,Bird (109).jpg,.jpg,245105,True,,816,459,1.7778,3,RGB,JPEG,22236b8eec70cd8a8572c8897087b7e4,Bird-drop,Bird-drop/Bird (109).jpg
C:\Users\laksh\OneDrive\Desktop\AIML\solar-panel-ai\data\raw\Bird-drop\Bird (11).jpg,Bird (11).jpg,.jpg,529769,True,,1427,951,1.5005,3,RGB,JPEG,03fe473544629041104b1cdf123426a8,Bird-drop,Bird-drop/Bird (11).jpg
C:\Users\laksh\OneDrive\Desktop\AIML\solar-panel-ai\data\raw\Bird-drop\Bird (110).jpg,Bird (110).jpg,.jpg,924011,True,,1512,2016,0.75,3,RGB,JPEG,f976395443870fd41a4bcf5a3cf557c5,Bird-drop,Bird-drop/Bird (110).jpg
C:\Users\laksh\OneDrive\Desktop\AIML\solar-panel-ai\data\raw\Bird-drop\Bird (111).jpg,Bird (111).jpg,.jpg,2156750,True,,1500,1225,1.2245,3,RGB,JPEG,0b8172a7b2c87b2d5e5b1951dbb3c6e7,Bird-drop,Bird-drop/Bird (111).jpg
C:\Users\laksh\OneDrive\Desktop\AIML\solar-panel-ai\data\raw\Bird-drop\Bird (112).jpg,Bird (112).jpg,.jpg,115434,True,,700,510,1.3725,3,RGB,JPEG,7206135443a1b9ff1109a0aeda114e15,Bird-drop,Bird-drop/Bird (112).jpg
C:\Users\laksh\OneDrive\Desktop\AIML\solar-panel-ai\data\raw\Bird-drop\Bird (113).jpg,Bird (113).jpg,.jpg,175287,True,,1440,810,1.7778,3,RGB,JPEG,5c398fcd20b8feb3cd8ae561c94fa2af,Bird-drop,Bird-drop/Bird (113).jpg
C:\Users\laksh\OneDrive\Desktop\AIML\solar-panel-ai\data\raw\Bird-drop\Bird (114).jpg,Bird (114).jpg,.jpg,82499,True,,800,600,1.3333,3,RGB,JPEG,9161535a5557b0c3e7e73d47a20af256,Bird-drop,Bird-drop/Bird (114).jpg
C:\Users\laksh\OneDrive\Desktop\AIML\solar-panel-ai\data\raw\Bird-drop\Bird (115).jpg,Bird (115).jpg,.jpg,355966,True,,1600,1290,1.2403,3,RGB,JPEG,53bf963422f9ac893c245562146f51b2,Bird-drop,Bird-drop/Bird (115).jpg
C:\Users\laksh\OneDrive\Desktop\AIML\solar-panel-ai\data\raw\Bird-drop\Bird (116).jpg,Bird (116).jpg,.jpg,924011,True,,1512,2016,0.75,3,RGB,JPEG,f976395443870fd41a4bcf5a3cf557c5,Bird-drop,Bird-drop/Bird (116).jpg
C:\Users\laksh\OneDrive\Desktop\AIML\solar-panel-ai\data\raw\Bird-drop\Bird (117).jpg,Bird (117).jpg,.jpg,1942129,True,,1500,1102,1.3612,3,RGB,JPEG,47b9ffa0346d264ae4313a8768fd20f1,Bird-drop,Bird-drop/Bird (117).jpg
C:\Users\laksh\OneDrive\Desktop\AIML\solar-panel-ai\data\raw\Bird-drop\Bird (118).jpg,Bird (118).jpg,.jpg,185517,True,,1024,768,1.3333,3,RGB,JPEG,ab12623f06d169004f2196cb14a839aa,Bird-drop,Bird-drop/Bird (118).jpg
C:\Users\laksh\OneDrive\Desktop\AIML\solar-panel-ai\data\raw\Bird-drop\Bird (119).jpg,Bird (119).jpg,.jpg,1023736,True,,2016,1512,1.3333,3,RGB,JPEG,8c759e77f712bf83d3dec7efb7480003,Bird-drop,Bird-drop/Bird (119).jpg
C:\Users\laksh\OneDrive\Desktop\AIML\solar-panel-ai\data\raw\Bird-drop\Bird (12).jpg,Bird (12).jpg,.jpg,17809,True,,318,158,2.0127,3,RGB,JPEG,516b52db7a8eef38a20cae45bc651442,Bird-drop,Bird-drop/Bird (12).jpg
C:\Users\laksh\OneDrive\Desktop\AIML\solar-panel-ai\data\raw\Bird-drop\Bird (120).jpg,Bird (120).jpg,.jpg,79549,True,,800,533,1.5009,3,RGB,JPEG,196d683343b9d2c0450b7cd9699e08f5,Bird-drop,Bird-drop/Bird (120).jpg
C:\Users\laksh\OneDrive\Desktop\AIML\solar-panel-ai\data\raw\Bird-drop\Bird (121).jpg,Bird (121).jpg,.jpg,245105,True,,816,459,1.7778,3,RGB,JPEG,22236b8eec70cd8a8572c8897087b7e4,Bird-drop,Bird-drop/Bird (121).jpg
C:\Users\laksh\OneDrive\Desktop\AIML\solar-panel-ai\data\raw\Bird-drop\Bird (122).jpg,Bird (122).jpg,.jpg,25755,True,,300,225,1.3333,3,RGB,JPEG,8e2a76948aa078d4dfe2f7b80b72c719,Bird-drop,Bird-drop/Bird (122).jpg
C:\Users\laksh\OneDrive\Desktop\AIML\solar-panel-ai\data\raw\Bird-drop\Bird (123).jpg,Bird (123).jpg,.jpg,1383547,True,,1001,1600,0.6256,3,RGB,JPEG,6883b490b4f17d56e000ada93c615da1,Bird-drop,Bird-drop/Bird (123).jpg
C:\Users\laksh\OneDrive\Desktop\AIML\solar-panel-ai\data\raw\Bird-drop\Bird (124).jpg,Bird (124).jpg,.jpg,244477,True,,900,675,1.3333,3,RGB,JPEG,ca2f3bcf5151fcc2ea3bd22cf147f4aa,Bird-drop,Bird-drop/Bird (124).jpg
C:\Users\laksh\OneDrive\Desktop\AIML\solar-panel-ai\data\raw\Bird-drop\Bird (125).jpg,Bird (125).jpg,.jpg,179028,True,,800,399,2.005,3,RGB,JPEG,aa39974052150ef7ff8c4315c65e70aa,Bird-drop,Bird-drop/Bird (125).jpg
C:\Users\laksh\OneDrive\Desktop\AIML\solar-panel-ai\data\raw\Bird-drop\Bird (126).jpg,Bird (126).jpg,.jpg,2218014,True,,1500,1105,1.3575,3,RGB,JPEG,8f7170d514908b09d40e1b0b658bf05c,Bird-drop,Bird-drop/Bird (126).jpg
C:\Users\laksh\OneDrive\Desktop\AIML\solar-panel-ai\data\raw\Bird-drop\Bird (127).jpg,Bird (127).jpg,.jpg,158823,True,,1024,768,1.3333,3,RGB,JPEG,e775c8cb175ed646e676d90c8f84c87b,Bird-drop,Bird-drop/Bird (127).jpg
C:\Users\laksh\OneDrive\Desktop\AIML\solar-panel-ai\data\raw\Bird-drop\Bird (128).jpg,Bird (128).jpg,.jpg,174708,True,,1280,720,1.7778,3,RGB,JPEG,95b8ee8d73624ef8702e6539247f5d77,Bird-drop,Bird-drop/Bird (128).jpg
C:\Users\laksh\OneDrive\Desktop\AIML\solar-panel-ai\data\raw\Bird-drop\Bird (129).jpg,Bird (129).jpg,.jpg,2146106,True,,1500,1105,1.3575,3,RGB,JPEG,6ad98fee9e857a77aab9ea046e75c6db,Bird-drop,Bird-drop/Bird (129).jpg
C:\Users\laksh\OneDrive\Desktop\AIML\solar-panel-ai\data\raw\Bird-drop\Bird (13).jpg,Bird (13).jpg,.jpg,87746,True,,800,533,1.5009,3,RGB,JPEG,9a7254d09e720b07dfdd757566962370,Bird-drop,Bird-drop/Bird (13).jpg
C:\Users\laksh\OneDrive\Desktop\AIML\solar-panel-ai\data\raw\Bird-drop\Bird (130).jpg,Bird (130).jpg,.jpg,179028,True,,800,399,2.005,3,RGB,JPEG,aa39974052150ef7ff8c4315c65e70aa,Bird-drop,Bird-drop/Bird (130).jpg
C:\Users\laksh\OneDrive\Desktop\AIML\solar-panel-ai\data\raw\Bird-drop\Bird (131).jpg,Bird (131).jpg,.jpg,1741844,True,,1500,1024,1.4648,3,RGB,JPEG,283e3e8a58302109d2008741dd0f3920,Bird-drop,Bird-drop/Bird (131).jpg
C:\Users\laksh\OneDrive\Desktop\AIML\solar-panel-ai\data\raw\Bird-drop\Bird (132).jpg,Bird (132).jpg,.jpg,16027,True,,259,194,1.3351,3,RGB,JPEG,55879f94b82ab724a846140e446b0ef8,Bird-drop,Bird-drop/Bird (132).jpg
C:\Users\laksh\OneDrive\Desktop\AIML\solar-panel-ai\data\raw\Bird-drop\Bird (133).jpg,Bird (133).jpg,.jpg,529769,True,,1427,951,1.5005,3,RGB,JPEG,03fe473544629041104b1cdf123426a8,Bird-drop,Bird-drop/Bird (133).jpg
C:\Users\laksh\OneDrive\Desktop\AIML\solar-panel-ai\data\raw\Bird-drop\Bird (134).JPG,Bird (134).JPG,.jpg,20389,True,,180,244,0.7377,3,RGB,JPEG,231e9ddbf9286035dbb3a40ee4921524,Bird-drop,Bird-drop/Bird (134).JPG
C:\Users\laksh\OneDrive\Desktop\AIML\solar-panel-ai\data\raw\Bird-drop\Bird (135).jpg,Bird (135).jpg,.jpg,214560,True,,1000,750,1.3333,3,RGB,JPEG,96b5854d41f8933e55c859af53e6f267,Bird-drop,Bird-drop/Bird (135).jpg
C:\Users\laksh\OneDrive\Desktop\AIML\solar-panel-ai\data\raw\Bird-drop\Bird (136).JPG,Bird (136).JPG,.jpg,158199,True,,975,678,1.4381,3,RGB,JPEG,ecb1f76f4476870813200d9efaa84f5f,Bird-drop,Bird-drop/Bird (136).JPG
C:\Users\laksh\OneDrive\Desktop\AIML\solar-panel-ai\data\raw\Bird-drop\Bird (137).JPG,Bird (137).JPG,.jpg,61166,True,,489,295,1.6576,3,RGB,JPEG,314b41a9a1422477b160256da1cbbc41,Bird-drop,Bird-drop/Bird (137).JPG
C:\Users\laksh\OneDrive\Desktop\AIML\solar-panel-ai\data\raw\Bird-drop\Bird (138).JPG,Bird (138).JPG,.jpg,98281,True,,632,427,1.4801,3,RGB,JPEG,0f6f79b0ed0da84786f2c8dafab33441,Bird-drop,Bird-drop/Bird (138).JPG
C:\Users\laksh\OneDrive\Desktop\AIML\solar-panel-ai\data\raw\Bird-drop\Bird (139).jpg,Bird (139).jpg,.jpg,214560,True,,1000,750,1.3333,3,RGB,JPEG,96b5854d41f8933e55c859af53e6f267,Bird-drop,Bird-drop/Bird (139).jpg
C:\Users\laksh\OneDrive\Desktop\AIML\solar-panel-ai\data\raw\Bird-drop\Bird (14).JPG,Bird (14).JPG,.jpg,55229,True,,592,374,1.5829,3,RGB,JPEG,b11ebf9508574d9d330e7672a182a7ea,Bird-drop,Bird-drop/Bird (14).JPG
C:\Users\laksh\OneDrive\Desktop\AIML\solar-panel-ai\data\raw\Bird-drop\Bird (140).jpg,Bird (140).jpg,.jpg,108983,True,,800,600,1.3333,3,RGB,JPEG,5e18f245ea5edc9ecf0145155c4c1995,Bird-drop,Bird-drop/Bird (140).jpg
C:\Users\laksh\OneDrive\Desktop\AIML\solar-panel-ai\data\raw\Bird-drop\Bird (141).jpg,Bird (141).jpg,.jpg,45010,True,,474,267,1.7753,3,RGB,JPEG,fd2c9f9fb5cc76ad61b638b7478971ee,Bird-drop,Bird-drop/Bird (141).jpg
C:\Users\laksh\OneDrive\Desktop\AIML\solar-panel-ai\data\raw\Bird-drop\Bird (142).jpg,Bird (142).jpg,.jpg,45010,True,,474,267,1.7753,3,RGB,JPEG,fd2c9f9fb5cc76ad61b638b7478971ee,Bird-drop,Bird-drop/Bird (142).jpg
C:\Users\laksh\OneDrive\Desktop\AIML\solar-panel-ai\data\raw\Bird-drop\Bird (143).jpg,Bird (143).jpg,.jpg,45132,True,,474,355,1.3352,3,RGB,JPEG,9cb1d70e8bd21bc9d5b51cfb510b4a86,Bird-drop,Bird-drop/Bird (143).jpg
C:\Users\laksh\OneDrive\Desktop\AIML\solar-panel-ai\data\raw\Bird-drop\Bird (144).jpg,Bird (144).jpg,.jpg,52168,True,,474,355,1.3352,3,RGB,JPEG,fa7929dcf78164177efadd9d29bceb04,Bird-drop,Bird-drop/Bird (144).jpg
C:\Users\laksh\OneDrive\Desktop\AIML\solar-panel-ai\data\raw\Bird-drop\Bird (145).jpg,Bird (145).jpg,.jpg,81119,True,,700,510,1.3725,3,RGB,JPEG,4b78ebf04b2e0cd90c9787b6de356d4d,Bird-drop,Bird-drop/Bird (145).jpg
C:\Users\laksh\OneDrive\Desktop\AIML\solar-panel-ai\data\raw\Bird-drop\Bird (146).jpg,Bird (146).jpg,.jpg,42172,True,,474,316,1.5,3,RGB,JPEG,2a95c3a7047cb687ac2fd2f393e03fa1,Bird-drop,Bird-drop/Bird (146).jpg
C:\Users\laksh\OneDrive\Desktop\AIML\solar-panel-ai\data\raw\Bird-drop\Bird (147).jpg,Bird (147).jpg,.jpg,52168,True,,474,355,1.3352,3,RGB,JPEG,fa7929dcf78164177efadd9d29bceb04,Bird-drop,Bird-drop/Bird (147).jpg
C:\Users\laksh\OneDrive\Desktop\AIML\solar-panel-ai\data\raw\Bird-drop\Bird (148).jpg,Bird (148).jpg,.jpg,42331,True,,450,300,1.5,3,RGB,JPEG,e2a394bbc1371c9ee664c9ef7dbe7cce,Bird-drop,Bird-drop/Bird (148).jpg
C:\Users\laksh\OneDrive\Desktop\AIML\solar-panel-ai\data\raw\Bird-drop\Bird (149).jpg,Bird (149).jpg,.jpg,71603,True,,474,632,0.75,3,RGB,JPEG,6794c832c82d1c0cba63c0944b3fd0de,Bird-drop,Bird-drop/Bird (149).jpg
C:\Users\laksh\OneDrive\Desktop\AIML\solar-panel-ai\data\raw\Bird-drop\Bird (15).JPG,Bird (15).JPG,.jpg,66414,True,,548,430,1.2744,3,RGB,JPEG,1797eabbc3c7214d27b3adcccbb6836d,Bird-drop,Bird-drop/Bird (15).JPG
C:\Users\laksh\OneDrive\Desktop\AIML\solar-panel-ai\data\raw\Bird-drop\Bird (150).jpg,Bird (150).jpg,.jpg,71205,True,,474,632,0.75,3,RGB,JPEG,ead76e26280ee5ce685884d72a6e47ec,Bird-drop,Bird-drop/Bird (150).jpg
C:\Users\laksh\OneDrive\Desktop\AIML\solar-panel-ai\data\raw\Bird-drop\Bird (159).jpg,Bird (159).jpg,.jpg,58417,True,,474,578,0.8201,3,RGB,JPEG,bcf496c8f6ffeb7c330be2da6542cc19,Bird-drop,Bird-drop/Bird (159).jpg
C:\Users\laksh\OneDrive\Desktop\AIML\solar-panel-ai\data\raw\Bird-drop\Bird (16).JPG,Bird (16).JPG,.jpg,54936,True,,473,477,0.9916,3,RGB,JPEG,9d0a29458d1e4ca4a87aac8ab7a4fef5,Bird-drop,Bird-drop/Bird (16).JPG
C:\Users\laksh\OneDrive\Desktop\AIML\solar-panel-ai\data\raw\Bird-drop\Bird (160).jpg,Bird (160).jpg,.jpg,124394,True,,980,735,1.3333,3,RGB,JPEG,93936ae366ac0eb1912408a1c9f5ca5c,Bird-drop,Bird-drop/Bird (160).jpg
C:\Users\laksh\OneDrive\Desktop\AIML\solar-panel-ai\data\raw\Bird-drop\Bird (161).jpg,Bird (161).jpg,.jpg,123384,True,,620,827,0.7497,3,RGB,JPEG,f2c9e6f74ca20199db49d91b328aed2b,Bird-drop,Bird-drop/Bird (161).jpg
C:\Users\laksh\OneDrive\Desktop\AIML\solar-panel-ai\data\raw\Bird-drop\Bird (162).jpg,Bird (162).jpg,.jpg,45835,True,,364,307,1.1857,3,RGB,JPEG,faef3dcf006ce875a1ed15bd6a88a432,Bird-drop,Bird-drop/Bird (162).jpg
C:\Users\laksh\OneDrive\Desktop\AIML\solar-panel-ai\data\raw\Bird-drop\Bird (163).jpg,Bird (163).jpg,.jpg,244477,True,,900,675,1.3333,3,RGB,JPEG,ca2f3bcf5151fcc2ea3bd22cf147f4aa,Bird-drop,Bird-drop/Bird (163).jpg
C:\Users\laksh\OneDrive\Desktop\AIML\solar-panel-ai\data\raw\Bird-drop\Bird (164).jpg,Bird (164).jpg,.jpg,78046,True,,638,476,1.3403,3,RGB,JPEG,7feecbf9c4e025d901d65bf7c00278ee,Bird-drop,Bird-drop/Bird (164).jpg
C:\Users\laksh\OneDrive\Desktop\AIML\solar-panel-ai\data\raw\Bird-drop\Bird (165).jpg,Bird (165).jpg,.jpg,128347,True,,768,576,1.3333,3,RGB,JPEG,85d0d933c7a82c1de9c39eacf9b5ba69,Bird-drop,Bird-drop/Bird (165).jpg
C:\Users\laksh\OneDrive\Desktop\AIML\solar-panel-ai\data\raw\Bird-drop\Bird (166).jpg,Bird (166).jpg,.jpg,69500,True,,480,360,1.3333,3,RGB,JPEG,2e4ad59e947f5ff8356be6bd9691a32c,Bird-drop,Bird-drop/Bird (166).jpg
C:\Users\laksh\OneDrive\Desktop\AIML\solar-panel-ai\data\raw\Bird-drop\Bird (167).JPG,Bird (167).JPG,.jpg,61730,True,,493,289,1.7059,3,RGB,JPEG,1d8f95bca6fa28b17f71ea906861271a,Bird-drop,Bird-drop/Bird (167).JPG
C:\Users\laksh\OneDrive\Desktop\AIML\solar-panel-ai\data\raw\Bird-drop\Bird (168).jpg,Bird (168).jpg,.jpg,529769,True,,1427,951,1.5005,3,RGB,JPEG,03fe473544629041104b1cdf123426a8,Bird-drop,Bird-drop/Bird (168).jpg
C:\Users\laksh\OneDrive\Desktop\AIML\solar-panel-ai\data\raw\Bird-drop\Bird (169).jpg,Bird (169).jpg,.jpg,52493,True,,533,533,1.0,3,RGB,JPEG,77b4e19f8ed42e7b36ad7c8c89450f08,Bird-drop,Bird-drop/Bird (169).jpg
C:\Users\laksh\OneDrive\Desktop\AIML\solar-panel-ai\data\raw\Bird-drop\Bird (17).jpg,Bird (17).jpg,.jpg,92765,True,,474,632,0.75,3,RGB,JPEG,261a7bce221c3f3af34d8aa0ba66be4f,Bird-drop,Bird-drop/Bird (17).jpg
C:\Users\laksh\OneDrive\Desktop\AIML\solar-panel-ai\data\raw\Bird-drop\Bird (170).JPG,Bird (170).JPG,.jpg,65729,True,,522,371,1.407,3,RGB,JPEG,1a36496aeb7840b890df6e87313bcc71,Bird-drop,Bird-drop/Bird (170).JPG
C:\Users\laksh\OneDrive\Desktop\AIML\solar-panel-ai\data\raw\Bird-drop\Bird (171).JPG,Bird (171).JPG,.jpg,114786,True,,581,769,0.7555,3,RGB,JPEG,5843eede256a30e73f549064ccc4f83a,Bird-drop,Bird-drop/Bird (171).JPG
C:\Users\laksh\OneDrive\Desktop\AIML\solar-panel-ai\data\raw\Bird-drop\Bird (172).jpg,Bird (172).jpg,.jpg,92765,True,,474,632,0.75,3,RGB,JPEG,261a7bce221c3f3af34d8aa0ba66be4f,Bird-drop,Bird-drop/Bird (172).jpg
C:\Users\laksh\OneDrive\Desktop\AIML\solar-panel-ai\data\raw\Bird-drop\Bird (173).jpg,Bird (173).jpg,.jpg,57275,True,,474,632,0.75,3,RGB,JPEG,91eafe07df84a97d276d1828fd6fe5e7,Bird-drop,Bird-drop/Bird (173).jpg
C:\Users\laksh\OneDrive\Desktop\AIML\solar-panel-ai\data\raw\Bird-drop\Bird (174).jpg,Bird (174).jpg,.jpg,12194,True,,190,250,0.76,3,RGB,JPEG,88c2e5de6bc8bd6b851597f6c1df42fd,Bird-drop,Bird-drop/Bird (174).jpg
C:\Users\laksh\OneDrive\Desktop\AIML\solar-panel-ai\data\raw\Bird-drop\Bird (175).jpg,Bird (175).jpg,.jpg,44442,True,,474,474,1.0,3,RGB,JPEG,a6b662f9b00aa92c46901e307f15ebf7,Bird-drop,Bird-drop/Bird (175).jpg
C:\Users\laksh\OneDrive\Desktop\AIML\solar-panel-ai\data\raw\Bird-drop\Bird (176).jpg,Bird (176).jpg,.jpg,277849,True,,800,600,1.3333,3,RGB,JPEG,b932e847d063bac3e4943fc677a19c59,Bird-drop,Bird-drop/Bird (176).jpg
C:\Users\laksh\OneDrive\Desktop\AIML\solar-panel-ai\data\raw\Bird-drop\Bird (177).jpg,Bird (177).jpg,.jpg,665063,True,,1920,1080,1.7778,3,RGB,JPEG,64253d425981384105b9a307224b5186,Bird-drop,Bird-drop/Bird (177).jpg
C:\Users\laksh\OneDrive\Desktop\AIML\solar-panel-ai\data\raw\Bird-drop\Bird (178).jpg,Bird (178).jpg,.jpg,219131,True,,980,735,1.3333,3,RGB,JPEG,eeb1c0648e860f9a4a90837b4bd2f88d,Bird-drop,Bird-drop/Bird (178).jpg
C:\Users\laksh\OneDrive\Desktop\AIML\solar-panel-ai\data\raw\Bird-drop\Bird (179).JPG,Bird (179).JPG,.jpg,115202,True,,1162,733,1.5853,3,RGB,JPEG,95d3f34b314ae429614c34b381370d9d,Bird-drop,Bird-drop/Bird (179).JPG
C:\Users\laksh\OneDrive\Desktop\AIML\solar-panel-ai\data\raw\Bird-drop\Bird (18).jpg,Bird (18).jpg,.jpg,36628,True,,474,382,1.2408,3,RGB,JPEG,790f4e7d23305369849d0e4e41bf7c0c,Bird-drop,Bird-drop/Bird (18).jpg
C:\Users\laksh\OneDrive\Desktop\AIML\solar-panel-ai\data\raw\Bird-drop\Bird (180).jpg,Bird (180).jpg,.jpg,62426,True,,300,200,1.5,3,RGB,JPEG,6bc854f5ef18b3775f3aacc17bf77fe2,Bird-drop,Bird-drop/Bird (180).jpg
C:\Users\laksh\OneDrive\Desktop\AIML\solar-panel-ai\data\raw\Bird-drop\Bird (181).jpg,Bird (181).jpg,.jpg,53878,True,,657,469,1.4009,3,RGB,JPEG,13da68e0b12f068164c6421ef52dd17b,Bird-drop,Bird-drop/Bird (181).jpg
C:\Users\laksh\OneDrive\Desktop\AIML\solar-panel-ai\data\raw\Bird-drop\Bird (182).jpg,Bird (182).jpg,.jpg,52168,True,,474,355,1.3352,3,RGB,JPEG,fa7929dcf78164177efadd9d29bceb04,Bird-drop,Bird-drop/Bird (182).jpg
C:\Users\laksh\OneDrive\Desktop\AIML\solar-panel-ai\data\raw\Bird-drop\Bird (183).jpg,Bird (183).jpg,.jpg,44442,True,,474,474,1.0,3,RGB,JPEG,a6b662f9b00aa92c46901e307f15ebf7,Bird-drop,Bird-drop/Bird (183).jpg
C:\Users\laksh\OneDrive\Desktop\AIML\solar-panel-ai\data\raw\Bird-drop\Bird (184).jpg,Bird (184).jpg,.jpg,277849,True,,800,600,1.3333,3,RGB,JPEG,b932e847d063bac3e4943fc677a19c59,Bird-drop,Bird-drop/Bird (184).jpg
C:\Users\laksh\OneDrive\Desktop\AIML\solar-panel-ai\data\raw\Bird-drop\Bird (185).jpg,Bird (185).jpg,.jpg,134622,True,,406,306,1.3268,3,RGB,JPEG,511bc1c5209a3d1a50adccca52a112f7,Bird-drop,Bird-drop/Bird (185).jpg
C:\Users\laksh\OneDrive\Desktop\AIML\solar-panel-ai\data\raw\Bird-drop\Bird (186).jpg,Bird (186).jpg,.jpg,88771,True,,575,241,2.3859,3,RGB,JPEG,c1db198550ae34591060cb6125383599,Bird-drop,Bird-drop/Bird (186).jpg
C:\Users\laksh\OneDrive\Desktop\AIML\solar-panel-ai\data\raw\Bird-drop\Bird (187).jpg,Bird (187).jpg,.jpg,70409,True,,360,322,1.118,3,RGB,JPEG,b7dd3014adba723744ec267d94fb0a85,Bird-drop,Bird-drop/Bird (187).jpg
C:\Users\laksh\OneDrive\Desktop\AIML\solar-panel-ai\data\raw\Bird-drop\Bird (188).jpg,Bird (188).jpg,.jpg,236272,True,,1200,800,1.5,3,RGB,JPEG,fd59abbd5eec714df2e2e33e5c7cbf47,Bird-drop,Bird-drop/Bird (188).jpg
C:\Users\laksh\OneDrive\Desktop\AIML\solar-panel-ai\data\raw\Bird-drop\Bird (189).jpg,Bird (189).jpg,.jpg,189629,True,,768,1024,0.75,3,RGB,JPEG,5228949c54d770c7f0128adfcb4435be,Bird-drop,Bird-drop/Bird (189).jpg
C:\Users\laksh\OneDrive\Desktop\AIML\solar-panel-ai\data\raw\Bird-drop\Bird (19).jpg,Bird (19).jpg,.jpg,71205,True,,474,632,0.75,3,RGB,JPEG,ead76e26280ee5ce685884d72a6e47ec,Bird-drop,Bird-drop/Bird (19).jpg
C:\Users\laksh\OneDrive\Desktop\AIML\solar-panel-ai\data\raw\Bird-drop\Bird (190).jpg,Bird (190).jpg,.jpg,15398,True,,194,259,0.749,3,RGB,JPEG,0862a9ece39a48c8950b613c903f5e3f,Bird-drop,Bird-drop/Bird (190).jpg
C:\Users\laksh\OneDrive\Desktop\AIML\solar-panel-ai\data\raw\Bird-drop\Bird (191).jpg,Bird (191).jpg,.jpg,9621,True,,259,194,1.3351,3,RGB,JPEG,3c3a2bd087135d2a45524cf5640935ec,Bird-drop,Bird-drop/Bird (191).jpg
C:\Users\laksh\OneDrive\Desktop\AIML\solar-panel-ai\data\raw\Bird-drop\Bird (192).jpg,Bird (192).jpg,.jpg,11906,True,,259,194,1.3351,3,RGB,JPEG,da7ee83909f7dea114ec075a80f3db82,Bird-drop,Bird-drop/Bird (192).jpg
C:\Users\laksh\OneDrive\Desktop\AIML\solar-panel-ai\data\raw\Bird-drop\Bird (193).jpg,Bird (193).jpg,.jpg,15367,True,,278,181,1.5359,3,RGB,JPEG,a5c5841cf608a86e08b63c02b9eab2a6,Bird-drop,Bird-drop/Bird (193).jpg
C:\Users\laksh\OneDrive\Desktop\AIML\solar-panel-ai\data\raw\Bird-drop\Bird (194).jpg,Bird (194).jpg,.jpg,15398,True,,194,259,0.749,3,RGB,JPEG,0862a9ece39a48c8950b613c903f5e3f,Bird-drop,Bird-drop/Bird (194).jpg
C:\Users\laksh\OneDrive\Desktop\AIML\solar-panel-ai\data\raw\Bird-drop\Bird (195).jpg,Bird (195).jpg,.jpg,16027,True,,259,194,1.3351,3,RGB,JPEG,55879f94b82ab724a846140e446b0ef8,Bird-drop,Bird-drop/Bird (195).jpg
C:\Users\laksh\OneDrive\Desktop\AIML\solar-panel-ai\data\raw\Bird-drop\Bird (196).jpg,Bird (196).jpg,.jpg,11906,True,,259,194,1.3351,3,RGB,JPEG,da7ee83909f7dea114ec075a80f3db82,Bird-drop,Bird-drop/Bird (196).jpg
C:\Users\laksh\OneDrive\Desktop\AIML\solar-panel-ai\data\raw\Bird-drop\Bird (197).jpg,Bird (197).jpg,.jpg,9621,True,,259,194,1.3351,3,RGB,JPEG,3c3a2bd087135d2a45524cf5640935ec,Bird-drop,Bird-drop/Bird (197).jpg
C:\Users\laksh\OneDrive\Desktop\AIML\solar-panel-ai\data\raw\Bird-drop\Bird (198).JPG,Bird (198).JPG,.jpg,89953,True,,625,463,1.3499,3,RGB,JPEG,e332601aa116cec54416114a5ffa9047,Bird-drop,Bird-drop/Bird (198).JPG
C:\Users\laksh\OneDrive\Desktop\AIML\solar-panel-ai\data\raw\Bird-drop\Bird (2).JPG,Bird (2).JPG,.jpg,23869,True,,263,197,1.335,3,RGB,JPEG,555877a5324a9924b1b9660afab38039,Bird-drop,Bird-drop/Bird (2).JPG
C:\Users\laksh\OneDrive\Desktop\AIML\solar-panel-ai\data\raw\Bird-drop\Bird (20).jpg,Bird (20).jpg,.jpg,102381,True,,480,640,0.75,3,RGB,JPEG,de1425f422ac28249ba6fcf698e7b065,Bird-drop,Bird-drop/Bird (20).jpg
C:\Users\laksh\OneDrive\Desktop\AIML\solar-panel-ai\data\raw\Bird-drop\Bird (21).jpg,Bird (21).jpg,.jpg,384396,True,,980,1307,0.7498,3,RGB,JPEG,bdc0212337ccff7c1de86fba3baf0554,Bird-drop,Bird-drop/Bird (21).jpg
C:\Users\laksh\OneDrive\Desktop\AIML\solar-panel-ai\data\raw\Bird-drop\Bird (22).jpg,Bird (22).jpg,.jpg,277849,True,,800,600,1.3333,3,RGB,JPEG,b932e847d063bac3e4943fc677a19c59,Bird-drop,Bird-drop/Bird (22).jpg
C:\Users\laksh\OneDrive\Desktop\AIML\solar-panel-ai\data\raw\Bird-drop\Bird (23).JPG,Bird (23).JPG,.jpg,69014,True,,449,359,1.2507,3,RGB,JPEG,56f580f00b96703a53cb21a6f7432cc8,Bird-drop,Bird-drop/Bird (23).JPG
C:\Users\laksh\OneDrive\Desktop\AIML\solar-panel-ai\data\raw\Bird-drop\Bird (24).JPG,Bird (24).JPG,.jpg,128896,True,,503,742,0.6779,3,RGB,JPEG,05e4b4b2a9bf337a2bf3e61685435f35,Bird-drop,Bird-drop/Bird (24).JPG
C:\Users\laksh\OneDrive\Desktop\AIML\solar-panel-ai\data\raw\Bird-drop\Bird (25).jpg,Bird (25).jpg,.jpg,89389,True,,474,632,0.75,3,RGB,JPEG,c96ede8688c4a2c204c9834281997590,Bird-drop,Bird-drop/Bird (25).jpg
C:\Users\laksh\OneDrive\Desktop\AIML\solar-panel-ai\data\raw\Bird-drop\Bird (26).JPG,Bird (26).JPG,.jpg,92398,True,,470,591,0.7953,3,RGB,JPEG,61ca2635a6913390e0f3fefc58fb03a1,Bird-drop,Bird-drop/Bird (26).JPG
C:\Users\laksh\OneDrive\Desktop\AIML\solar-panel-ai\data\raw\Bird-drop\Bird (27).JPG,Bird (27).JPG,.jpg,150019,True,,1093,538,2.0316,3,RGB,JPEG,89f2a1c222163fbf14ebaec4f73b9850,Bird-drop,Bird-drop/Bird (27).JPG
C:\Users\laksh\OneDrive\Desktop\AIML\solar-panel-ai\data\raw\Bird-drop\Bird (28).jpg,Bird (28).jpg,.jpg,44283,True,,474,355,1.3352,3,RGB,JPEG,1203eff70de7b282a1c29b6196a219f7,Bird-drop,Bird-drop/Bird (28).jpg
C:\Users\laksh\OneDrive\Desktop\AIML\solar-panel-ai\data\raw\Bird-drop\Bird (29).jpg,Bird (29).jpg,.jpg,2206774,True,,3024,4032,0.75,3,RGB,JPEG,beefdb46672cc384df8e1fc7f16f78da,Bird-drop,Bird-drop/Bird (29).jpg
C:\Users\laksh\OneDrive\Desktop\AIML\solar-panel-ai\data\raw\Bird-drop\Bird (3).jpeg,Bird (3).jpeg,.jpeg,1012730,True,,1600,900,1.7778,3,RGB,JPEG,31ebe230dbfe12d5253c9efe890c8faf,Bird-drop,Bird-drop/Bird (3).jpeg
C:\Users\laksh\OneDrive\Desktop\AIML\solar-panel-ai\data\raw\Bird-drop\Bird (3).jpg,Bird (3).jpg,.jpg,30083,True,,300,300,1.0,3,RGB,JPEG,464deeb831e2716195ddbc227fb9f32d,Bird-drop,Bird-drop/Bird (3).jpg
C:\Users\laksh\OneDrive\Desktop\AIML\solar-panel-ai\data\raw\Bird-drop\Bird (30).jpg,Bird (30).jpg,.jpg,115434,True,,700,510,1.3725,3,RGB,JPEG,7206135443a1b9ff1109a0aeda114e15,Bird-drop,Bird-drop/Bird (30).jpg
C:\Users\laksh\OneDrive\Desktop\AIML\solar-panel-ai\data\raw\Bird-drop\Bird (31).JPG,Bird (31).JPG,.jpg,21910,True,,221,202,1.0941,3,RGB,JPEG,762e45b9e4bfb58f9e11d01384e2e0b5,Bird-drop,Bird-drop/Bird (31).JPG
C:\Users\laksh\OneDrive\Desktop\AIML\solar-panel-ai\data\raw\Bird-drop\Bird (32).JPG,Bird (32).JPG,.jpg,61382,True,,494,296,1.6689,3,RGB,JPEG,7762f399492fdaa6a5e13cf7989e7eaf,Bird-drop,Bird-drop/Bird (32).JPG
C:\Users\laksh\OneDrive\Desktop\AIML\solar-panel-ai\data\raw\Bird-drop\Bird (33).jpg,Bird (33).jpg,.jpg,614421,True,,1600,1200,1.3333,3,RGB,JPEG,4a90ac1d382bfa015b17565fb3a1b972,Bird-drop,Bird-drop/Bird (33).jpg
C:\Users\laksh\OneDrive\Desktop\AIML\solar-panel-ai\data\raw\Bird-drop\Bird (34).jpg,Bird (34).jpg,.jpg,38509,True,,474,256,1.8516,3,RGB,JPEG,c7239810c3c3818840befeb50aee2bec,Bird-drop,Bird-drop/Bird (34).jpg
C:\Users\laksh\OneDrive\Desktop\AIML\solar-panel-ai\data\raw\Bird-drop\Bird (35).jpg,Bird (35).jpg,.jpg,40682,True,,474,353,1.3428,3,RGB,JPEG,d4125b488ab4766f0990d029bf5b2844,Bird-drop,Bird-drop/Bird (35).jpg
C:\Users\laksh\OneDrive\Desktop\AIML\solar-panel-ai\data\raw\Bird-drop\Bird (36).jpg,Bird (36).jpg,.jpg,122360,True,,600,400,1.5,3,RGB,JPEG,9a083c023c8eb9c4f3fa7a2e62ca67d1,Bird-drop,Bird-drop/Bird (36).jpg
C:\Users\laksh\OneDrive\Desktop\AIML\solar-panel-ai\data\raw\Bird-drop\Bird (37).jpg,Bird (37).jpg,.jpg,42436,True,,474,355,1.3352,3,RGB,JPEG,8f24ab62fbc2d1900b0140bd4c998a37,Bird-drop,Bird-drop/Bird (37).jpg
C:\Users\laksh\OneDrive\Desktop\AIML\solar-panel-ai\data\raw\Bird-drop\Bird (38).jpg,Bird (38).jpg,.jpg,12194,True,,190,250,0.76,3,RGB,JPEG,88c2e5de6bc8bd6b851597f6c1df42fd,Bird-drop,Bird-drop/Bird (38).jpg
C:\Users\laksh\OneDrive\Desktop\AIML\solar-panel-ai\data\raw\Bird-drop\Bird (39).jpg,Bird (39).jpg,.jpg,45132,True,,474,355,1.3352,3,RGB,JPEG,9cb1d70e8bd21bc9d5b51cfb510b4a86,Bird-drop,Bird-drop/Bird (39).jpg
C:\Users\laksh\OneDrive\Desktop\AIML\solar-panel-ai\data\raw\Bird-drop\Bird (4).jpg,Bird (4).jpg,.jpg,55972,True,,474,474,1.0,3,RGB,JPEG,4d12e24c7606c24f6b17380f24646e39,Bird-drop,Bird-drop/Bird (4).jpg
C:\Users\laksh\OneDrive\Desktop\AIML\solar-panel-ai\data\raw\Bird-drop\Bird (40).jpg,Bird (40).jpg,.jpg,55972,True,,474,474,1.0,3,RGB,JPEG,4d12e24c7606c24f6b17380f24646e39,Bird-drop,Bird-drop/Bird (40).jpg
C:\Users\laksh\OneDrive\Desktop\AIML\solar-panel-ai\data\raw\Bird-drop\Bird (41).jpg,Bird (41).jpg,.jpg,42436,True,,474,355,1.3352,3,RGB,JPEG,8f24ab62fbc2d1900b0140bd4c998a37,Bird-drop,Bird-drop/Bird (41).jpg
C:\Users\laksh\OneDrive\Desktop\AIML\solar-panel-ai\data\raw\Bird-drop\Bird (42).jpg,Bird (42).jpg,.jpg,28295,True,,474,355,1.3352,3,RGB,JPEG,82c6b390d8641e070616f674c502a5b8,Bird-drop,Bird-drop/Bird (42).jpg
C:\Users\laksh\OneDrive\Desktop\AIML\solar-panel-ai\data\raw\Bird-drop\Bird (43).jpg,Bird (43).jpg,.jpg,257907,True,,1080,1440,0.75,3,RGB,JPEG,728158e7fe7aa721c8e65b8bf338b09c,Bird-drop,Bird-drop/Bird (43).jpg
C:\Users\laksh\OneDrive\Desktop\AIML\solar-panel-ai\data\raw\Bird-drop\Bird (44).jpg,Bird (44).jpg,.jpg,81119,True,,700,510,1.3725,3,RGB,JPEG,4b78ebf04b2e0cd90c9787b6de356d4d,Bird-drop,Bird-drop/Bird (44).jpg
C:\Users\laksh\OneDrive\Desktop\AIML\solar-panel-ai\data\raw\Bird-drop\Bird (45).jpg,Bird (45).jpg,.jpg,54598,True,,657,469,1.4009,3,RGB,JPEG,cc1a22a74bd536d206450b940807029d,Bird-drop,Bird-drop/Bird (45).jpg
C:\Users\laksh\OneDrive\Desktop\AIML\solar-panel-ai\data\raw\Bird-drop\Bird (46).jpg,Bird (46).jpg,.jpg,277849,True,,800,600,1.3333,3,RGB,JPEG,b932e847d063bac3e4943fc677a19c59,Bird-drop,Bird-drop/Bird (46).jpg
C:\Users\laksh\OneDrive\Desktop\AIML\solar-panel-ai\data\raw\Bird-drop\Bird (47).jpg,Bird (47).jpg,.jpg,137838,True,,768,512,1.5,3,RGB,JPEG,d96cc506f906577b131a03578af6a7fb,Bird-drop,Bird-drop/Bird (47).jpg
C:\Users\laksh\OneDrive\Desktop\AIML\solar-panel-ai\data\raw\Bird-drop\Bird (48).jpg,Bird (48).jpg,.jpg,60952,True,,500,375,1.3333,3,RGB,JPEG,b3b1f54415c7202dc7bcc866e6262f9c,Bird-drop,Bird-drop/Bird (48).jpg
C:\Users\laksh\OneDrive\Desktop\AIML\solar-panel-ai\data\raw\Bird-drop\Bird (49).jpg,Bird (49).jpg,.jpg,157466,True,,931,768,1.2122,3,RGB,JPEG,76c68fb6bd709803ff0310f754accad1,Bird-drop,Bird-drop/Bird (49).jpg
C:\Users\laksh\OneDrive\Desktop\AIML\solar-panel-ai\data\raw\Bird-drop\Bird (5).jpg,Bird (5).jpg,.jpg,63016,True,,474,345,1.3739,3,RGB,JPEG,ffec49cd1201ebabab8f723b6ad69b60,Bird-drop,Bird-drop/Bird (5).jpg
C:\Users\laksh\OneDrive\Desktop\AIML\solar-panel-ai\data\raw\Bird-drop\Bird (50).jpg,Bird (50).jpg,.jpg,3295641,True,,2448,3264,0.75,3,RGB,JPEG,8598d48c0c8cd11ca8c8dc557d2ae096,Bird-drop,Bird-drop/Bird (50).jpg
C:\Users\laksh\OneDrive\Desktop\AIML\solar-panel-ai\data\raw\Bird-drop\Bird (51).jpg,Bird (51).jpg,.jpg,45835,True,,364,307,1.1857,3,RGB,JPEG,faef3dcf006ce875a1ed15bd6a88a432,Bird-drop,Bird-drop/Bird (51).jpg
C:\Users\laksh\OneDrive\Desktop\AIML\solar-panel-ai\data\raw\Bird-drop\Bird (52).jpg,Bird (52).jpg,.jpg,78046,True,,638,476,1.3403,3,RGB,JPEG,7feecbf9c4e025d901d65bf7c00278ee,Bird-drop,Bird-drop/Bird (52).jpg
C:\Users\laksh\OneDrive\Desktop\AIML\solar-panel-ai\data\raw\Bird-drop\Bird (53).jpg,Bird (53).jpg,.jpg,157466,True,,931,768,1.2122,3,RGB,JPEG,76c68fb6bd709803ff0310f754accad1,Bird-drop,Bird-drop/Bird (53).jpg
C:\Users\laksh\OneDrive\Desktop\AIML\solar-panel-ai\data\raw\Bird-drop\Bird (54).jpg,Bird (54).jpg,.jpg,20508,True,,178,189,0.9418,3,RGB,JPEG,b68b0b59053f896fe7adc468eb887772,Bird-drop,Bird-drop/Bird (54).jpg
C:\Users\laksh\OneDrive\Desktop\AIML\solar-panel-ai\data\raw\Bird-drop\Bird (55).jpg,Bird (55).jpg,.jpg,128347,True,,768,576,1.3333,3,RGB,JPEG,85d0d933c7a82c1de9c39eacf9b5ba69,Bird-drop,Bird-drop/Bird (55).jpg
C:\Users\laksh\OneDrive\Desktop\AIML\solar-panel-ai\data\raw\Bird-drop\Bird (56).jpg,Bird (56).jpg,.jpg,224397,True,,879,943,0.9321,3,RGB,JPEG,1e629333bb5219ca4b7267c28cd0b4e6,Bird-drop,Bird-drop/Bird (56).jpg
C:\Users\laksh\OneDrive\Desktop\AIML\solar-panel-ai\data\raw\Bird-drop\Bird (57).jpg,Bird (57).jpg,.jpg,277849,True,,800,600,1.3333,3,RGB,JPEG,b932e847d063bac3e4943fc677a19c59,Bird-drop,Bird-drop/Bird (57).jpg
C:\Users\laksh\OneDrive\Desktop\AIML\solar-panel-ai\data\raw\Bird-drop\Bird (58).jpg,Bird (58).jpg,.jpg,78046,True,,638,476,1.3403,3,RGB,JPEG,7feecbf9c4e025d901d65bf7c00278ee,Bird-drop,Bird-drop/Bird (58).jpg
C:\Users\laksh\OneDrive\Desktop\AIML\solar-panel-ai\data\raw\Bird-drop\Bird (59).jpg,Bird (59).jpg,.jpg,36085,True,,514,184,2.7935,3,RGB,JPEG,54934409b0204da9999646daf41bd346,Bird-drop,Bird-drop/Bird (59).jpg
C:\Users\laksh\OneDrive\Desktop\AIML\solar-panel-ai\data\raw\Bird-drop\Bird (6).jpg,Bird (6).jpg,.jpg,52168,True,,474,355,1.3352,3,RGB,JPEG,fa7929dcf78164177efadd9d29bceb04,Bird-drop,Bird-drop/Bird (6).jpg
C:\Users\laksh\OneDrive\Desktop\AIML\solar-panel-ai\data\raw\Bird-drop\Bird (60).jpg,Bird (60).jpg,.jpg,69500,True,,480,360,1.3333,3,RGB,JPEG,2e4ad59e947f5ff8356be6bd9691a32c,Bird-drop,Bird-drop/Bird (60).jpg
C:\Users\laksh\OneDrive\Desktop\AIML\solar-panel-ai\data\raw\Bird-drop\Bird (61).jpg,Bird (61).jpg,.jpg,433742,True,,1500,847,1.771,3,RGB,JPEG,7a914e95be0fc94ba3bf38fab2ead0ba,Bird-drop,Bird-drop/Bird (61).jpg
C:\Users\laksh\OneDrive\Desktop\AIML\solar-panel-ai\data\raw\Bird-drop\Bird (62).jpg,Bird (62).jpg,.jpg,433742,True,,1500,847,1.771,3,RGB,JPEG,7a914e95be0fc94ba3bf38fab2ead0ba,Bird-drop,Bird-drop/Bird (62).jpg
C:\Users\laksh\OneDrive\Desktop\AIML\solar-panel-ai\data\raw\Bird-drop\Bird (63).jpg,Bird (63).jpg,.jpg,169999,True,,980,735,1.3333,3,RGB,JPEG,3a0b6dfff74c1c4ece7da8fc29873d6a,Bird-drop,Bird-drop/Bird (63).jpg
C:\Users\laksh\OneDrive\Desktop\AIML\solar-panel-ai\data\raw\Bird-drop\Bird (64).jpg,Bird (64).jpg,.jpg,219131,True,,980,735,1.3333,3,RGB,JPEG,eeb1c0648e860f9a4a90837b4bd2f88d,Bird-drop,Bird-drop/Bird (64).jpg
C:\Users\laksh\OneDrive\Desktop\AIML\solar-panel-ai\data\raw\Bird-drop\Bird (65).jpg,Bird (65).jpg,.jpg,302998,True,,657,469,1.4009,3,RGB,JPEG,0a2c883c073045bdae5731db0cd2422f,Bird-drop,Bird-drop/Bird (65).jpg
C:\Users\laksh\OneDrive\Desktop\AIML\solar-panel-ai\data\raw\Bird-drop\Bird (66).jpg,Bird (66).jpg,.jpg,67156,True,,474,632,0.75,3,RGB,JPEG,119c7b050f325f919955d9ed1b7339c9,Bird-drop,Bird-drop/Bird (66).jpg
C:\Users\laksh\OneDrive\Desktop\AIML\solar-panel-ai\data\raw\Bird-drop\Bird (67).jpg,Bird (67).jpg,.jpg,230147,True,,620,827,0.7497,3,RGB,JPEG,f2e3a69af0c642583b7051c0907edebb,Bird-drop,Bird-drop/Bird (67).jpg
C:\Users\laksh\OneDrive\Desktop\AIML\solar-panel-ai\data\raw\Bird-drop\Bird (68).jpg,Bird (68).jpg,.jpg,226889,True,,614,465,1.3204,3,RGB,JPEG,c9bc707d54d2492acad7a45100596851,Bird-drop,Bird-drop/Bird (68).jpg
C:\Users\laksh\OneDrive\Desktop\AIML\solar-panel-ai\data\raw\Bird-drop\Bird (69).JPG,Bird (69).JPG,.jpg,122668,True,,591,587,1.0068,3,RGB,JPEG,1b8706ffe9df77bc8fbc1662209e7935,Bird-drop,Bird-drop/Bird (69).JPG
C:\Users\laksh\OneDrive\Desktop\AIML\solar-panel-ai\data\raw\Bird-drop\Bird (7).jpg,Bird (7).jpg,.jpg,1969616,True,,2411,1836,1.3132,3,RGB,JPEG,ec3f865d052a6ad66f8b1c85bdc3a53e,Bird-drop,Bird-drop/Bird (7).jpg
C:\Users\laksh\OneDrive\Desktop\AIML\solar-panel-ai\data\raw\Bird-drop\Bird (70).jpg,Bird (70).jpg,.jpg,63016,True,,474,345,1.3739,3,RGB,JPEG,ffec49cd1201ebabab8f723b6ad69b60,Bird-drop,Bird-drop/Bird (70).jpg
C:\Users\laksh\OneDrive\Desktop\AIML\solar-panel-ai\data\raw\Bird-drop\Bird (71).jpg,Bird (71).jpg,.jpg,67354,True,,474,632,0.75,3,RGB,JPEG,dee72e4663e1f06dfeb140d61ddd4d06,Bird-drop,Bird-drop/Bird (71).jpg
C:\Users\laksh\OneDrive\Desktop\AIML\solar-panel-ai\data\raw\Bird-drop\Bird (72).jpg,Bird (72).jpg,.jpg,53364,True,,474,632,0.75,3,RGB,JPEG,e12f56fc69a13038084dddb0123033df,Bird-drop,Bird-drop/Bird (72).jpg
C:\Users\laksh\OneDrive\Desktop\AIML\solar-panel-ai\data\raw\Bird-drop\Bird (73).jpg,Bird (73).jpg,.jpg,35636,True,,474,322,1.472,3,RGB,JPEG,0f99c2377e95f6773719ef1fec8ab9fc,Bird-drop,Bird-drop/Bird (73).jpg
C:\Users\laksh\OneDrive\Desktop\AIML\solar-panel-ai\data\raw\Bird-drop\Bird (74).jpg,Bird (74).jpg,.jpg,89389,True,,474,632,0.75,3,RGB,JPEG,c96ede8688c4a2c204c9834281997590,Bird-drop,Bird-drop/Bird (74).jpg
C:\Users\laksh\OneDrive\Desktop\AIML\solar-panel-ai\data\raw\Bird-drop\Bird (75).jpg,Bird (75).jpg,.jpg,106894,True,,720,960,0.75,3,RGB,JPEG,c690d459607b71de22cfdabd2fbc2668,Bird-drop,Bird-drop/Bird (75).jpg
C:\Users\laksh\OneDrive\Desktop\AIML\solar-panel-ai\data\raw\Bird-drop\Bird (76).jpg,Bird (76).jpg,.jpg,924011,True,,1512,2016,0.75,3,RGB,JPEG,f976395443870fd41a4bcf5a3cf557c5,Bird-drop,Bird-drop/Bird (76).jpg
C:\Users\laksh\OneDrive\Desktop\AIML\solar-panel-ai\data\raw\Bird-drop\Bird (77).jpg,Bird (77).jpg,.jpg,1942129,True,,1500,1102,1.3612,3,RGB,JPEG,47b9ffa0346d264ae4313a8768fd20f1,Bird-drop,Bird-drop/Bird (77).jpg
C:\Users\laksh\OneDrive\Desktop\AIML\solar-panel-ai\data\raw\Bird-drop\Bird (78).jpg,Bird (78).jpg,.jpg,148337,True,,640,480,1.3333,3,RGB,JPEG,61b6c553fd9bb8852d93697ae2ef025d,Bird-drop,Bird-drop/Bird (78).jpg
C:\Users\laksh\OneDrive\Desktop\AIML\solar-panel-ai\data\raw\Bird-drop\Bird (79).jpg,Bird (79).jpg,.jpg,1023736,True,,2016,1512,1.3333,3,RGB,JPEG,8c759e77f712bf83d3dec7efb7480003,Bird-drop,Bird-drop/Bird (79).jpg
C:\Users\laksh\OneDrive\Desktop\AIML\solar-panel-ai\data\raw\Bird-drop\Bird (8).jpg,Bird (8).jpg,.jpg,55972,True,,474,474,1.0,3,RGB,JPEG,4d12e24c7606c24f6b17380f24646e39,Bird-drop,Bird-drop/Bird (8).jpg
C:\Users\laksh\OneDrive\Desktop\AIML\solar-panel-ai\data\raw\Bird-drop\Bird (80).jpg,Bird (80).jpg,.jpg,1638142,True,,960,720,1.3333,4,RGBA,PNG,18579acf9bdb00aa620c0fde994ffbd6,Bird-drop,Bird-drop/Bird (80).jpg
C:\Users\laksh\OneDrive\Desktop\AIML\solar-panel-ai\data\raw\Bird-drop\Bird (81).jpg,Bird (81).jpg,.jpg,392880,True,,986,740,1.3324,3,RGB,JPEG,54ef55c1010f04cd5cc831a6056e5094,Bird-drop,Bird-drop/Bird (81).jpg
C:\Users\laksh\OneDrive\Desktop\AIML\solar-panel-ai\data\raw\Bird-drop\Bird (82).jpg,Bird (82).jpg,.jpg,1811172,True,,1024,768,1.3333,4,RGBA,PNG,d62e15f1462cb1b9a0571031fa74aa95,Bird-drop,Bird-drop/Bird (82).jpg
C:\Users\laksh\OneDrive\Desktop\AIML\solar-panel-ai\data\raw\Bird-drop\Bird (83).jpg,Bird (83).jpg,.jpg,201932,True,,1024,768,1.3333,3,RGB,JPEG,630fbfed70ae91849a036e6be4ca07a8,Bird-drop,Bird-drop/Bird (83).jpg
C:\Users\laksh\OneDrive\Desktop\AIML\solar-panel-ai\data\raw\Bird-drop\Bird (84).jpg,Bird (84).jpg,.jpg,152095,True,,275,183,1.5027,4,RGBA,PNG,484009e8518a3b497cc586a3c3e05d72,Bird-drop,Bird-drop/Bird (84).jpg
C:\Users\laksh\OneDrive\Desktop\AIML\solar-panel-ai\data\raw\Bird-drop\Bird (85).jpg,Bird (85).jpg,.jpg,126782,True,,720,960,0.75,3,RGB,JPEG,e5b060c8b7501496d288477241806416,Bird-drop,Bird-drop/Bird (85).jpg
C:\Users\laksh\OneDrive\Desktop\AIML\solar-panel-ai\data\raw\Bird-drop\Bird (86).jpg,Bird (86).jpg,.jpg,1023736,True,,2016,1512,1.3333,3,RGB,JPEG,8c759e77f712bf83d3dec7efb7480003,Bird-drop,Bird-drop/Bird (86).jpg
C:\Users\laksh\OneDrive\Desktop\AIML\solar-panel-ai\data\raw\Bird-drop\Bird (87).jpg,Bird (87).jpg,.jpg,1815842,True,,986,740,1.3324,4,RGBA,PNG,328a6280c98acbfe6981a5afa678b683,Bird-drop,Bird-drop/Bird (87).jpg
C:\Users\laksh\OneDrive\Desktop\AIML\solar-panel-ai\data\raw\Bird-drop\Bird (88).jpg,Bird (88).jpg,.jpg,126127,True,,720,960,0.75,3,RGB,JPEG,2070b6b580c552f10baac6530121b2a3,Bird-drop,Bird-drop/Bird (88).jpg
C:\Users\laksh\OneDrive\Desktop\AIML\solar-panel-ai\data\raw\Bird-drop\Bird (89).jpg,Bird (89).jpg,.jpg,100451,True,,720,960,0.75,3,RGB,JPEG,5a8fe338db5c5a0087092d763faa1a05,Bird-drop,Bird-drop/Bird (89).jpg
C:\Users\laksh\OneDrive\Desktop\AIML\solar-panel-ai\data\raw\Bird-drop\Bird (9).jpg,Bird (9).jpg,.jpg,79907,True,,601,600,1.0017,3,RGB,JPEG,d06478658e7d26a9ee42a9011f5e2446,Bird-drop,Bird-drop/Bird (9).jpg
C:\Users\laksh\OneDrive\Desktop\AIML\solar-panel-ai\data\raw\Bird-drop\Bird (90).jpg,Bird (90).jpg,.jpg,144136,True,,720,960,0.75,3,RGB,JPEG,b666db9c44707e19b5a3c6b2be802bcf,Bird-drop,Bird-drop/Bird (90).jpg
C:\Users\laksh\OneDrive\Desktop\AIML\solar-panel-ai\data\raw\Bird-drop\Bird (91).jpg,Bird (91).jpg,.jpg,1335131,True,,2048,1536,1.3333,3,RGB,JPEG,89d9f1fcdfbaf3fd27eba097415f5a91,Bird-drop,Bird-drop/Bird (91).jpg
C:\Users\laksh\OneDrive\Desktop\AIML\solar-panel-ai\data\raw\Bird-drop\Bird (92).jpg,Bird (92).jpg,.jpg,1220576,True,,2560,1920,1.3333,3,RGB,JPEG,524a3cb010d6970204b756e416bac8f0,Bird-drop,Bird-drop/Bird (92).jpg
C:\Users\laksh\OneDrive\Desktop\AIML\solar-panel-ai\data\raw\Bird-drop\Bird (93).jpg,Bird (93).jpg,.jpg,119581,True,,720,960,0.75,3,RGB,JPEG,4fca7f7c37a51a46ec2dc0f32c42b70f,Bird-drop,Bird-drop/Bird (93).jpg
C:\Users\laksh\OneDrive\Desktop\AIML\solar-panel-ai\data\raw\Bird-drop\Bird (94).jpg,Bird (94).jpg,.jpg,763001,True,,1536,2048,0.75,3,RGB,JPEG,0552a7bcdb35c720753ecfd8df17c6c0,Bird-drop,Bird-drop/Bird (94).jpg
C:\Users\laksh\OneDrive\Desktop\AIML\solar-panel-ai\data\raw\Bird-drop\Bird (95).jpg,Bird (95).jpg,.jpg,120843,True,,720,960,0.75,3,RGB,JPEG,999ec2e7912c7252bae4565b8b6ee39c,Bird-drop,Bird-drop/Bird (95).jpg
C:\Users\laksh\OneDrive\Desktop\AIML\solar-panel-ai\data\raw\Bird-drop\Bird (96).jpg,Bird (96).jpg,.jpg,120302,True,,720,960,0.75,3,RGB,JPEG,fdf2aa842668f44186ace987612cc6ca,Bird-drop,Bird-drop/Bird (96).jpg
C:\Users\laksh\OneDrive\Desktop\AIML\solar-panel-ai\data\raw\Bird-drop\Bird (97).jpg,Bird (97).jpg,.jpg,135265,True,,720,960,0.75,3,RGB,JPEG,68cde6817010e492edd729a8f84b5e8f,Bird-drop,Bird-drop/Bird (97).jpg
C:\Users\laksh\OneDrive\Desktop\AIML\solar-panel-ai\data\raw\Bird-drop\Bird (98).jpg,Bird (98).jpg,.jpg,631448,True,,1536,2048,0.75,3,RGB,JPEG,7d85474bf054e931626e73d68c28f504,Bird-drop,Bird-drop/Bird (98).jpg
C:\Users\laksh\OneDrive\Desktop\AIML\solar-panel-ai\data\raw\Bird-drop\Bird (99).jpg,Bird (99).jpg,.jpg,1638142,True,,960,720,1.3333,4,RGBA,PNG,18579acf9bdb00aa620c0fde994ffbd6,Bird-drop,Bird-drop/Bird (99).jpg
C:\Users\laksh\OneDrive\Desktop\AIML\solar-panel-ai\data\raw\Clean\Clean (1).jpeg,Clean (1).jpeg,.jpeg,69816,True,,500,500,1.0,3,RGB,JPEG,21332642a5bbf6e3098fdec6f117e951,Clean,Clean/Clean (1).jpeg
C:\Users\laksh\OneDrive\Desktop\AIML\solar-panel-ai\data\raw\Clean\Clean (10).JPG,Clean (10).JPG,.jpg,167409,True,,1218,779,1.5635,3,RGB,JPEG,a16b0a018a8d62f1a8ee6b62522ae9fe,Clean,Clean/Clean (10).JPG
C:\Users\laksh\OneDrive\Desktop\AIML\solar-panel-ai\data\raw\Clean\Clean (100).jpg,Clean (100).jpg,.jpg,297834,True,,1080,1080,1.0,3,RGB,JPEG,0f1d587fb8a788f6edf97a191ed22171,Clean,Clean/Clean (100).jpg
C:\Users\laksh\OneDrive\Desktop\AIML\solar-panel-ai\data\raw\Clean\Clean (101).jpg,Clean (101).jpg,.jpg,128694,True,,960,720,1.3333,3,RGB,JPEG,9968134d6435bbbcac23d74d6d8c08e9,Clean,Clean/Clean (101).jpg
C:\Users\laksh\OneDrive\Desktop\AIML\solar-panel-ai\data\raw\Clean\Clean (102).jpg,Clean (102).jpg,.jpg,481577,True,,1536,2048,0.75,3,RGB,JPEG,dac2bff7ded165a2f1885c0c6181f889,Clean,Clean/Clean (102).jpg
C:\Users\laksh\OneDrive\Desktop\AIML\solar-panel-ai\data\raw\Clean\Clean (103).jpg,Clean (103).jpg,.jpg,563414,True,,2047,1152,1.7769,3,RGB,JPEG,37361a37878c04000c903ce84f45db4b,Clean,Clean/Clean (103).jpg
C:\Users\laksh\OneDrive\Desktop\AIML\solar-panel-ai\data\raw\Clean\Clean (104).jpg,Clean (104).jpg,.jpg,155589,True,,960,678,1.4159,3,RGB,JPEG,5a9f6b4a9f88b1cbe65ea1e7fc7b65c5,Clean,Clean/Clean (104).jpg
C:\Users\laksh\OneDrive\Desktop\AIML\solar-panel-ai\data\raw\Clean\Clean (105).jpg,Clean (105).jpg,.jpg,36398,True,,474,316,1.5,3,RGB,JPEG,4ad27191e9ab59712af99f80247f1c49,Clean,Clean/Clean (105).jpg
C:\Users\laksh\OneDrive\Desktop\AIML\solar-panel-ai\data\raw\Clean\Clean (106).jpg,Clean (106).jpg,.jpg,167643,True,,600,900,0.6667,3,RGB,JPEG,01cd0901a295db4179a349791d94fd30,Clean,Clean/Clean (106).jpg
C:\Users\laksh\OneDrive\Desktop\AIML\solar-panel-ai\data\raw\Clean\Clean (107).jpg,Clean (107).jpg,.jpg,950490,True,,2364,2364,1.0,3,RGB,JPEG,a0fd0e03b1a83459a2a82c5f75835913,Clean,Clean/Clean (107).jpg
C:\Users\laksh\OneDrive\Desktop\AIML\solar-panel-ai\data\raw\Clean\Clean (108).jpg,Clean (108).jpg,.jpg,110476,True,,1024,684,1.4971,3,RGB,JPEG,dfaca6c0ca74d484f6a67fcfb840889f,Clean,Clean/Clean (108).jpg
C:\Users\laksh\OneDrive\Desktop\AIML\solar-panel-ai\data\raw\Clean\Clean (109).jpg,Clean (109).jpg,.jpg,592928,True,,1536,2048,0.75,3,RGB,JPEG,642467a9241e67d63b13c47ba313c73a,Clean,Clean/Clean (109).jpg
C:\Users\laksh\OneDrive\Desktop\AIML\solar-panel-ai\data\raw\Clean\Clean (11).jpg,Clean (11).jpg,.jpg,179181,True,,1200,803,1.4944,3,RGB,JPEG,c494dc4dd905bbc92c7b19f8bcc6b0e8,Clean,Clean/Clean (11).jpg
C:\Users\laksh\OneDrive\Desktop\AIML\solar-panel-ai\data\raw\Clean\Clean (110).jpg,Clean (110).jpg,.jpg,88209,True,,720,960,0.75,3,RGB,JPEG,3856eea89e9ec027fbd4fd7aa4b7870d,Clean,Clean/Clean (110).jpg
C:\Users\laksh\OneDrive\Desktop\AIML\solar-panel-ai\data\raw\Clean\Clean (111).jpg,Clean (111).jpg,.jpg,115933,True,,720,960,0.75,3,RGB,JPEG,b1486dd91ec02ad2ff21114778de4452,Clean,Clean/Clean (111).jpg
C:\Users\laksh\OneDrive\Desktop\AIML\solar-panel-ai\data\raw\Clean\Clean (112).jpg,Clean (112).jpg,.jpg,121523,True,,720,960,0.75,3,RGB,JPEG,57b4d010826657dd2db8af1d6fe5df91,Clean,Clean/Clean (112).jpg
C:\Users\laksh\OneDrive\Desktop\AIML\solar-panel-ai\data\raw\Clean\Clean (113).jpg,Clean (113).jpg,.jpg,248638,True,,1280,720,1.7778,3,RGB,JPEG,9f30d5958dbe418ae6f037baa43b9689,Clean,Clean/Clean (113).jpg
C:\Users\laksh\OneDrive\Desktop\AIML\solar-panel-ai\data\raw\Clean\Clean (114).jpg,Clean (114).jpg,.jpg,263359,True,,1200,600,2.0,3,RGB,JPEG,44e6888b7200839736121160bc81459e,Clean,Clean/Clean (114).jpg
C:\Users\laksh\OneDrive\Desktop\AIML\solar-panel-ai\data\raw\Clean\Clean (115).jpg,Clean (115).jpg,.jpg,87501,True,,800,600,1.3333,3,RGB,JPEG,2c844c73f098829bac621e2a358a7195,Clean,Clean/Clean (115).jpg
C:\Users\laksh\OneDrive\Desktop\AIML\solar-panel-ai\data\raw\Clean\Clean (116).jpg,Clean (116).jpg,.jpg,1008537,True,,1224,786,1.5573,3,RGB,JPEG,9151374961ba25ac73644f4ca02919a7,Clean,Clean/Clean (116).jpg
C:\Users\laksh\OneDrive\Desktop\AIML\solar-panel-ai\data\raw\Clean\Clean (117).jpg,Clean (117).jpg,.jpg,716494,True,,2000,1333,1.5004,3,RGB,JPEG,68fa668d1e769e8878282f3c27ec546d,Clean,Clean/Clean (117).jpg
C:\Users\laksh\OneDrive\Desktop\AIML\solar-panel-ai\data\raw\Clean\Clean (118).jpg,Clean (118).jpg,.jpg,19251,True,,250,250,1.0,3,RGB,JPEG,c6968de68e136026823601711e94a1a8,Clean,Clean/Clean (118).jpg
C:\Users\laksh\OneDrive\Desktop\AIML\solar-panel-ai\data\raw\Clean\Clean (119).jpg,Clean (119).jpg,.jpg,296609,True,,850,565,1.5044,3,RGB,JPEG,64733eced3e4ddad7ed03e257f0d32f5,Clean,Clean/Clean (119).jpg
C:\Users\laksh\OneDrive\Desktop\AIML\solar-panel-ai\data\raw\Clean\Clean (12).jpg,Clean (12).jpg,.jpg,100172,True,,608,608,1.0,3,RGB,JPEG,dc87a6fb57254a0a258381ca517720d2,Clean,Clean/Clean (12).jpg
C:\Users\laksh\OneDrive\Desktop\AIML\solar-panel-ai\data\raw\Clean\Clean (120).jpg,Clean (120).jpg,.jpg,53103,True,,700,447,1.566,3,RGB,JPEG,6eac6ce0a0ccec3c4f15d3796cb68d99,Clean,Clean/Clean (120).jpg
C:\Users\laksh\OneDrive\Desktop\AIML\solar-panel-ai\data\raw\Clean\Clean (121).jpg,Clean (121).jpg,.jpg,49499,True,,474,355,1.3352,3,RGB,JPEG,6f11754e47eaf929dbbca5f0f12e407b,Clean,Clean/Clean (121).jpg
C:\Users\laksh\OneDrive\Desktop\AIML\solar-panel-ai\data\raw\Clean\Clean (122).jpg,Clean (122).jpg,.jpg,40147,True,,474,355,1.3352,3,RGB,JPEG,029ec24a2b7345bc399cf6a52ed04094,Clean,Clean/Clean (122).jpg
C:\Users\laksh\OneDrive\Desktop\AIML\solar-panel-ai\data\raw\Clean\Clean (123).jpg,Clean (123).jpg,.jpg,48415,True,,474,355,1.3352,3,RGB,JPEG,c19bb0651a189cbaadd8c005d1cd64da,Clean,Clean/Clean (123).jpg
C:\Users\laksh\OneDrive\Desktop\AIML\solar-panel-ai\data\raw\Clean\Clean (124).jpg,Clean (124).jpg,.jpg,130720,True,,910,888,1.0248,3,RGB,JPEG,829fdad9e3ed62f84e09ce423d1683e4,Clean,Clean/Clean (124).jpg
C:\Users\laksh\OneDrive\Desktop\AIML\solar-panel-ai\data\raw\Clean\Clean (125).jpg,Clean (125).jpg,.jpg,54709,True,,499,385,1.2961,3,RGB,JPEG,6230a85f16dd569f2e33e63db0fcf394,Clean,Clean/Clean (125).jpg
C:\Users\laksh\OneDrive\Desktop\AIML\solar-panel-ai\data\raw\Clean\Clean (126).jpg,Clean (126).jpg,.jpg,44647,True,,450,450,1.0,3,RGB,JPEG,10238c46661aa20ed82cd4c520cbd2a1,Clean,Clean/Clean (126).jpg
C:\Users\laksh\OneDrive\Desktop\AIML\solar-panel-ai\data\raw\Clean\Clean (127).jpg,Clean (127).jpg,.jpg,39167,True,,474,355,1.3352,3,RGB,JPEG,0ff4fb7177addbcad47bd2c6883c4884,Clean,Clean/Clean (127).jpg
C:\Users\laksh\OneDrive\Desktop\AIML\solar-panel-ai\data\raw\Clean\Clean (128).jpg,Clean (128).jpg,.jpg,104514,True,,692,263,2.6312,3,RGB,JPEG,21df298d26b93822535752e8fb58c28c,Clean,Clean/Clean (128).jpg
C:\Users\laksh\OneDrive\Desktop\AIML\solar-panel-ai\data\raw\Clean\Clean (129).jpg,Clean (129).jpg,.jpg,274714,True,,1334,1000,1.334,3,RGB,JPEG,7120b66fd0b7a3f6516fe63621a4ebba,Clean,Clean/Clean (129).jpg
C:\Users\laksh\OneDrive\Desktop\AIML\solar-panel-ai\data\raw\Clean\Clean (13).jpg,Clean (13).jpg,.jpg,2079038,True,,3500,2330,1.5021,3,RGB,JPEG,e50acfe226d5a92264568c1b2a359913,Clean,Clean/Clean (13).jpg
C:\Users\laksh\OneDrive\Desktop\AIML\solar-panel-ai\data\raw\Clean\Clean (130).jpg,Clean (130).jpg,.jpg,1716530,True,,2048,1536,1.3333,3,RGB,JPEG,d30fd8438661221849f71c00314c60cd,Clean,Clean/Clean (130).jpg
C:\Users\laksh\OneDrive\Desktop\AIML\solar-panel-ai\data\raw\Clean\Clean (131).jpg,Clean (131).jpg,.jpg,821041,True,,2400,1800,1.3333,3,RGB,JPEG,9fab7c92890c585adeaf267da3e1bf9a,Clean,Clean/Clean (131).jpg
C:\Users\laksh\OneDrive\Desktop\AIML\solar-panel-ai\data\raw\Clean\Clean (132).jpg,Clean (132).jpg,.jpg,4104552,True,,3072,2304,1.3333,3,RGB,JPEG,102ddad325d4321d0074b2525e66d8c8,Clean,Clean/Clean (132).jpg
C:\Users\laksh\OneDrive\Desktop\AIML\solar-panel-ai\data\raw\Clean\Clean (133).jpg,Clean (133).jpg,.jpg,239779,True,,1280,720,1.7778,3,RGB,JPEG,077a0ee0e3ea68527ec5985b864ef7f3,Clean,Clean/Clean (133).jpg
C:\Users\laksh\OneDrive\Desktop\AIML\solar-panel-ai\data\raw\Clean\Clean (134).jpg,Clean (134).jpg,.jpg,184375,True,,600,450,1.3333,3,RGB,JPEG,91af4c2d16aac2a7d1c42b99626a429c,Clean,Clean/Clean (134).jpg
C:\Users\laksh\OneDrive\Desktop\AIML\solar-panel-ai\data\raw\Clean\Clean (135).JPG,Clean (135).JPG,.jpg,155091,True,,1131,775,1.4594,3,RGB,JPEG,8281c5898d763e11eed16d3bbeb7e9ce,Clean,Clean/Clean (135).JPG
C:\Users\laksh\OneDrive\Desktop\AIML\solar-panel-ai\data\raw\Clean\Clean (136).JPG,Clean (136).JPG,.jpg,159606,True,,788,740,1.0649,3,RGB,JPEG,4e146062cdbab8f1904ccd67fcc89089,Clean,Clean/Clean (136).JPG
C:\Users\laksh\OneDrive\Desktop\AIML\solar-panel-ai\data\raw\Clean\Clean (137).jpg,Clean (137).jpg,.jpg,75021,True,,600,400,1.5,3,RGB,JPEG,4d282050a556eb1054795418c73efad6,Clean,Clean/Clean (137).jpg
C:\Users\laksh\OneDrive\Desktop\AIML\solar-panel-ai\data\raw\Clean\Clean (138).jpg,Clean (138).jpg,.jpg,223994,True,,1024,768,1.3333,3,RGB,JPEG,e897f1155d2e2060a13969a869f4a0de,Clean,Clean/Clean (138).jpg
C:\Users\laksh\OneDrive\Desktop\AIML\solar-panel-ai\data\raw\Clean\Clean (139).JPG,Clean (139).JPG,.jpg,149364,True,,1032,781,1.3214,3,RGB,JPEG,f1a188e3ec4805fb6df818f1951bcc58,Clean,Clean/Clean (139).JPG
C:\Users\laksh\OneDrive\Desktop\AIML\solar-panel-ai\data\raw\Clean\Clean (14).jpg,Clean (14).jpg,.jpg,856600,True,,1936,2592,0.7469,3,RGB,JPEG,4c3212f1c0422220d2bff487f61a1be2,Clean,Clean/Clean (14).jpg
C:\Users\laksh\OneDrive\Desktop\AIML\solar-panel-ai\data\raw\Clean\Clean (140).JPG,Clean (140).JPG,.jpg,63308,True,,494,493,1.002,3,RGB,JPEG,3e7efa27dc4e17ca1a7b781657fe8d83,Clean,Clean/Clean (140).JPG
C:\Users\laksh\OneDrive\Desktop\AIML\solar-panel-ai\data\raw\Clean\Clean (141).JPG,Clean (141).JPG,.jpg,167409,True,,1218,779,1.5635,3,RGB,JPEG,59df352700eb51d6263419ae2b0753ba,Clean,Clean/Clean (141).JPG
C:\Users\laksh\OneDrive\Desktop\AIML\solar-panel-ai\data\raw\Clean\Clean (142).jpg,Clean (142).jpg,.jpg,230347,True,,1024,768,1.3333,3,RGB,JPEG,b43778e97933048f7ff4c44682884098,Clean,Clean/Clean (142).jpg
C:\Users\laksh\OneDrive\Desktop\AIML\solar-panel-ai\data\raw\Clean\Clean (143).jpg,Clean (143).jpg,.jpg,79654,True,,900,600,1.5,3,RGB,JPEG,52ea4381ed20128894989191907ce10e,Clean,Clean/Clean (143).jpg
C:\Users\laksh\OneDrive\Desktop\AIML\solar-panel-ai\data\raw\Clean\Clean (144).jpg,Clean (144).jpg,.jpg,48085,True,,474,355,1.3352,3,RGB,JPEG,cc4b989920173bab618988eb2d3e9084,Clean,Clean/Clean (144).jpg
C:\Users\laksh\OneDrive\Desktop\AIML\solar-panel-ai\data\raw\Clean\Clean (145).jpg,Clean (145).jpg,.jpg,38463,True,,474,315,1.5048,3,RGB,JPEG,98067768b20ce0e6a1fcca294e456aee,Clean,Clean/Clean (145).jpg
C:\Users\laksh\OneDrive\Desktop\AIML\solar-panel-ai\data\raw\Clean\Clean (146).jpg,Clean (146).jpg,.jpg,71184,True,,696,470,1.4809,3,RGB,JPEG,e33b93bfdad2977c72fa459d4d1cfecc,Clean,Clean/Clean (146).jpg
C:\Users\laksh\OneDrive\Desktop\AIML\solar-panel-ai\data\raw\Clean\Clean (147).jpg,Clean (147).jpg,.jpg,41943,True,,474,355,1.3352,3,RGB,JPEG,b06167bb0b5dca5bed45938531ab483c,Clean,Clean/Clean (147).jpg
C:\Users\laksh\OneDrive\Desktop\AIML\solar-panel-ai\data\raw\Clean\Clean (148).jpg,Clean (148).jpg,.jpg,37477,True,,474,316,1.5,3,RGB,JPEG,13ed0ae2266bf80089b993b0d0477453,Clean,Clean/Clean (148).jpg
C:\Users\laksh\OneDrive\Desktop\AIML\solar-panel-ai\data\raw\Clean\Clean (149).jpg,Clean (149).jpg,.jpg,80632,True,,702,468,1.5,3,RGB,JPEG,317ee6615dbc9eee43c287393cd66a28,Clean,Clean/Clean (149).jpg
C:\Users\laksh\OneDrive\Desktop\AIML\solar-panel-ai\data\raw\Clean\Clean (15).JPG,Clean (15).JPG,.jpg,178696,True,,1051,777,1.3526,3,RGB,JPEG,4c1b7155a13b0122b7d29d1feccc56d8,Clean,Clean/Clean (15).JPG
C:\Users\laksh\OneDrive\Desktop\AIML\solar-panel-ai\data\raw\Clean\Clean (150).jpg,Clean (150).jpg,.jpg,37836,True,,474,316,1.5,3,RGB,JPEG,58842d9d21d58dcfd6209cf30aa27a51,Clean,Clean/Clean (150).jpg
C:\Users\laksh\OneDrive\Desktop\AIML\solar-panel-ai\data\raw\Clean\Clean (151).jpg,Clean (151).jpg,.jpg,58453,True,,600,400,1.5,3,RGB,JPEG,3d3b6b6ccb005a318ee70aa65e16bdbb,Clean,Clean/Clean (151).jpg
C:\Users\laksh\OneDrive\Desktop\AIML\solar-panel-ai\data\raw\Clean\Clean (152).jpg,Clean (152).jpg,.jpg,47335,True,,474,315,1.5048,3,RGB,JPEG,20e0d8f1c0e1d52f4a54f47bd5ea6bf2,Clean,Clean/Clean (152).jpg
C:\Users\laksh\OneDrive\Desktop\AIML\solar-panel-ai\data\raw\Clean\Clean (153).jpg,Clean (153).jpg,.jpg,44084,True,,474,364,1.3022,3,RGB,JPEG,dd78822009a7cfc7d1d20fd9a257a5cd,Clean,Clean/Clean (153).jpg
C:\Users\laksh\OneDrive\Desktop\AIML\solar-panel-ai\data\raw\Clean\Clean (154).jpg,Clean (154).jpg,.jpg,80629,True,,1000,667,1.4993,3,RGB,JPEG,0677bf0cdf6f6501dfd93e5150ad977b,Clean,Clean/Clean (154).jpg
C:\Users\laksh\OneDrive\Desktop\AIML\solar-panel-ai\data\raw\Clean\Clean (155).jpg,Clean (155).jpg,.jpg,56122,True,,800,500,1.6,3,RGB,JPEG,1e71561bad5353d9b939f2cbe9754dc9,Clean,Clean/Clean (155).jpg
C:\Users\laksh\OneDrive\Desktop\AIML\solar-panel-ai\data\raw\Clean\Clean (156).jpg,Clean (156).jpg,.jpg,219318,True,,1600,1067,1.4995,3,RGB,JPEG,8915d1d69010e56badc4c5119c52c85e,Clean,Clean/Clean (156).jpg
C:\Users\laksh\OneDrive\Desktop\AIML\solar-panel-ai\data\raw\Clean\Clean (157).jpg,Clean (157).jpg,.jpg,44084,True,,474,364,1.3022,3,RGB,JPEG,dd78822009a7cfc7d1d20fd9a257a5cd,Clean,Clean/Clean (157).jpg
C:\Users\laksh\OneDrive\Desktop\AIML\solar-panel-ai\data\raw\Clean\Clean (158).jpg,Clean (158).jpg,.jpg,25936,True,,350,300,1.1667,3,RGB,JPEG,7af7027a339fe2207321b1e48d49e7a2,Clean,Clean/Clean (158).jpg
C:\Users\laksh\OneDrive\Desktop\AIML\solar-panel-ai\data\raw\Clean\Clean (159).jpg,Clean (159).jpg,.jpg,71878,True,,800,533,1.5009,3,RGB,JPEG,40beee11b99cfc6f553157ec955a20a1,Clean,Clean/Clean (159).jpg
C:\Users\laksh\OneDrive\Desktop\AIML\solar-panel-ai\data\raw\Clean\Clean (16).JPG,Clean (16).JPG,.jpg,136419,True,,1121,777,1.4427,3,RGB,JPEG,6cbac1ae9427f3346d5e935c6da46db3,Clean,Clean/Clean (16).JPG
C:\Users\laksh\OneDrive\Desktop\AIML\solar-panel-ai\data\raw\Clean\Clean (160).jpg,Clean (160).jpg,.jpg,45554,True,,474,475,0.9979,3,RGB,JPEG,d2813c638e24f202408cbcae7c0e8c65,Clean,Clean/Clean (160).jpg
C:\Users\laksh\OneDrive\Desktop\AIML\solar-panel-ai\data\raw\Clean\Clean (161).jpg,Clean (161).jpg,.jpg,37836,True,,474,316,1.5,3,RGB,JPEG,58842d9d21d58dcfd6209cf30aa27a51,Clean,Clean/Clean (161).jpg
C:\Users\laksh\OneDrive\Desktop\AIML\solar-panel-ai\data\raw\Clean\Clean (162).jpg,Clean (162).jpg,.jpg,100479,True,,1200,550,2.1818,3,RGB,JPEG,27524fbdb3805f98d5276a8765d46c3f,Clean,Clean/Clean (162).jpg
C:\Users\laksh\OneDrive\Desktop\AIML\solar-panel-ai\data\raw\Clean\Clean (163).jpg,Clean (163).jpg,.jpg,39140,True,,500,400,1.25,3,RGB,JPEG,9af79efae1d36074075f176e84c05a0e,Clean,Clean/Clean (163).jpg
C:\Users\laksh\OneDrive\Desktop\AIML\solar-panel-ai\data\raw\Clean\Clean (164).jpg,Clean (164).jpg,.jpg,85549,True,,800,600,1.3333,3,RGB,JPEG,87d4f259de7f806ee165d5d53e70baee,Clean,Clean/Clean (164).jpg
C:\Users\laksh\OneDrive\Desktop\AIML\solar-panel-ai\data\raw\Clean\Clean (165).jpg,Clean (165).jpg,.jpg,144246,True,,700,933,0.7503,3,RGB,JPEG,b872820ec708add4e6241fd726c1029f,Clean,Clean/Clean (165).jpg
C:\Users\laksh\OneDrive\Desktop\AIML\solar-panel-ai\data\raw\Clean\Clean (166).jpg,Clean (166).jpg,.jpg,44572,True,,474,355,1.3352,3,RGB,JPEG,3f58b2dce63e4ccd49165185ffafea58,Clean,Clean/Clean (166).jpg
C:\Users\laksh\OneDrive\Desktop\AIML\solar-panel-ai\data\raw\Clean\Clean (167).jpg,Clean (167).jpg,.jpg,55106,True,,474,355,1.3352,3,RGB,JPEG,58dbb461139c9f988c4341805a56e223,Clean,Clean/Clean (167).jpg
C:\Users\laksh\OneDrive\Desktop\AIML\solar-panel-ai\data\raw\Clean\Clean (168).jpg,Clean (168).jpg,.jpg,138199,True,,1280,960,1.3333,3,RGB,JPEG,f4295ccfa398ac449d93e30b93c7de53,Clean,Clean/Clean (168).jpg
C:\Users\laksh\OneDrive\Desktop\AIML\solar-panel-ai\data\raw\Clean\Clean (169).jpg,Clean (169).jpg,.jpg,155558,True,,1078,1078,1.0,3,RGB,JPEG,8fab195be4149e9ebed4c83dc54a3358,Clean,Clean/Clean (169).jpg
C:\Users\laksh\OneDrive\Desktop\AIML\solar-panel-ai\data\raw\Clean\Clean (17).jpg,Clean (17).jpg,.jpg,146028,True,,800,600,1.3333,3,RGB,JPEG,995d5b53fdd85fffb42a0abe961719ca,Clean,Clean/Clean (17).jpg
C:\Users\laksh\OneDrive\Desktop\AIML\solar-panel-ai\data\raw\Clean\Clean (170).jpg,Clean (170).jpg,.jpg,53735,True,,500,400,1.25,3,RGB,JPEG,e94e5a3fa91bb4aea4c94152bbe468d7,Clean,Clean/Clean (170).jpg
C:\Users\laksh\OneDrive\Desktop\AIML\solar-panel-ai\data\raw\Clean\Clean (171).jpg,Clean (171).jpg,.jpg,43525,True,,474,316,1.5,3,RGB,JPEG,1e037126297b860096039b67680d0e27,Clean,Clean/Clean (171).jpg
C:\Users\laksh\OneDrive\Desktop\AIML\solar-panel-ai\data\raw\Clean\Clean (172).jpg,Clean (172).jpg,.jpg,56595,True,,640,640,1.0,3,RGB,JPEG,14b26fd5ff086114029d8a8d0f161c7e,Clean,Clean/Clean (172).jpg
C:\Users\laksh\OneDrive\Desktop\AIML\solar-panel-ai\data\raw\Clean\Clean (173).jpg,Clean (173).jpg,.jpg,892800,True,,2503,1676,1.4934,3,RGB,JPEG,5fcea636e9f143ad6fd4d827e5531c80,Clean,Clean/Clean (173).jpg
C:\Users\laksh\OneDrive\Desktop\AIML\solar-panel-ai\data\raw\Clean\Clean (174).jpg,Clean (174).jpg,.jpg,70802,True,,620,440,1.4091,3,RGB,JPEG,ab383e7c1107c6c15e6422c511f4b58e,Clean,Clean/Clean (174).jpg
C:\Users\laksh\OneDrive\Desktop\AIML\solar-panel-ai\data\raw\Clean\Clean (175).jpg,Clean (175).jpg,.jpg,166888,True,,700,500,1.4,3,RGB,JPEG,179090f5d243faf501077ac3fc061070,Clean,Clean/Clean (175).jpg
C:\Users\laksh\OneDrive\Desktop\AIML\solar-panel-ai\data\raw\Clean\Clean (176).jpg,Clean (176).jpg,.jpg,411439,True,,1280,853,1.5006,3,RGB,JPEG,cd4e179ebf1b97cbffca40ff65d25568,Clean,Clean/Clean (176).jpg
C:\Users\laksh\OneDrive\Desktop\AIML\solar-panel-ai\data\raw\Clean\Clean (177).jpg,Clean (177).jpg,.jpg,39387,True,,320,180,1.7778,3,RGB,JPEG,258043d0a6d5bd759b8e7f530d7ef961,Clean,Clean/Clean (177).jpg
C:\Users\laksh\OneDrive\Desktop\AIML\solar-panel-ai\data\raw\Clean\Clean (178).jpg,Clean (178).jpg,.jpg,892800,True,,2503,1676,1.4934,3,RGB,JPEG,5fcea636e9f143ad6fd4d827e5531c80,Clean,Clean/Clean (178).jpg
C:\Users\laksh\OneDrive\Desktop\AIML\solar-panel-ai\data\raw\Clean\Clean (179).jpg,Clean (179).jpg,.jpg,138805,True,,768,576,1.3333,3,RGB,JPEG,cece4cc89d697ba5831dac4d4c3f36b4,Clean,Clean/Clean (179).jpg
C:\Users\laksh\OneDrive\Desktop\AIML\solar-panel-ai\data\raw\Clean\Clean (18).jpg,Clean (18).jpg,.jpg,150044,True,,768,1024,0.75,3,RGB,JPEG,f2a76cedfc6423143f6e1a7dfbd4f01d,Clean,Clean/Clean (18).jpg
C:\Users\laksh\OneDrive\Desktop\AIML\solar-panel-ai\data\raw\Clean\Clean (180).jpg,Clean (180).jpg,.jpg,327902,True,,1152,640,1.8,3,RGB,JPEG,ec3088c4a5e0a54189a6627f38b8f1db,Clean,Clean/Clean (180).jpg
C:\Users\laksh\OneDrive\Desktop\AIML\solar-panel-ai\data\raw\Clean\Clean (181).jpg,Clean (181).jpg,.jpg,31699,True,,448,336,1.3333,3,RGB,JPEG,65266a0832ac45f38272d21daa6e838d,Clean,Clean/Clean (181).jpg
C:\Users\laksh\OneDrive\Desktop\AIML\solar-panel-ai\data\raw\Clean\Clean (182).jpg,Clean (182).jpg,.jpg,17035,True,,300,225,1.3333,3,RGB,JPEG,96e2a72653b550b7872b773b941c2395,Clean,Clean/Clean (182).jpg
C:\Users\laksh\OneDrive\Desktop\AIML\solar-panel-ai\data\raw\Clean\Clean (183).jpg,Clean (183).jpg,.jpg,297682,True,,1500,1000,1.5,3,RGB,JPEG,cc38f1cb03d0408df1504ca29913c40e,Clean,Clean/Clean (183).jpg
C:\Users\laksh\OneDrive\Desktop\AIML\solar-panel-ai\data\raw\Clean\Clean (184).jpg,Clean (184).jpg,.jpg,85864,True,,768,444,1.7297,3,RGB,JPEG,74bbe120333c15908b4076e74c82bf8d,Clean,Clean/Clean (184).jpg
C:\Users\laksh\OneDrive\Desktop\AIML\solar-panel-ai\data\raw\Clean\Clean (185).jpg,Clean (185).jpg,.jpg,147781,True,,690,464,1.4871,3,RGB,JPEG,0f9f564e2104d4b80a8a06f54b626cc5,Clean,Clean/Clean (185).jpg
C:\Users\laksh\OneDrive\Desktop\AIML\solar-panel-ai\data\raw\Clean\Clean (186).jpg,Clean (186).jpg,.jpg,86253,True,,800,450,1.7778,3,RGB,JPEG,1d086e06533eb9cee3f3515e4b699f22,Clean,Clean/Clean (186).jpg
C:\Users\laksh\OneDrive\Desktop\AIML\solar-panel-ai\data\raw\Clean\Clean (187).jpg,Clean (187).jpg,.jpg,223805,True,,1024,768,1.3333,3,RGB,JPEG,32ddb58e26d83167afc98521a7a91011,Clean,Clean/Clean (187).jpg
C:\Users\laksh\OneDrive\Desktop\AIML\solar-panel-ai\data\raw\Clean\Clean (188).jpg,Clean (188).jpg,.jpg,4104552,True,,3072,2304,1.3333,3,RGB,JPEG,102ddad325d4321d0074b2525e66d8c8,Clean,Clean/Clean (188).jpg
C:\Users\laksh\OneDrive\Desktop\AIML\solar-panel-ai\data\raw\Clean\Clean (189).jpg,Clean (189).jpg,.jpg,2240539,True,,3264,2448,1.3333,3,RGB,JPEG,f59f5d05103d5d950cc81628518eeafd,Clean,Clean/Clean (189).jpg
C:\Users\laksh\OneDrive\Desktop\AIML\solar-panel-ai\data\raw\Clean\Clean (19).jpg,Clean (19).jpg,.jpg,2354955,True,,5472,3648,1.5,3,RGB,JPEG,2442e4f8e9af0a9995072b2b481d565b,Clean,Clean/Clean (19).jpg
C:\Users\laksh\OneDrive\Desktop\AIML\solar-panel-ai\data\raw\Clean\Clean (190).jpg,Clean (190).jpg,.jpg,99713,True,,499,385,1.2961,3,RGB,JPEG,0c37472b15b6bea6ae5ecc169c5339b6,Clean,Clean/Clean (190).jpg
C:\Users\laksh\OneDrive\Desktop\AIML\solar-panel-ai\data\raw\Clean\Clean (191).jpg,Clean (191).jpg,.jpg,30725,True,,325,455,0.7143,3,RGB,JPEG,2d16e11795d851c2b7faabf2a0bab5f2,Clean,Clean/Clean (191).jpg
C:\Users\laksh\OneDrive\Desktop\AIML\solar-panel-ai\data\raw\Clean\Clean (192).jpg,Clean (192).jpg,.jpg,363367,True,,1400,1050,1.3333,3,RGB,JPEG,d86bcf524f25cd58ab2aa3e4130d06aa,Clean,Clean/Clean (192).jpg
C:\Users\laksh\OneDrive\Desktop\AIML\solar-panel-ai\data\raw\Clean\Clean (193).png,Clean (193).png,.png,331579,True,,400,300,1.3333,4,RGBA,PNG,b84b2cfab71620c1a2005a32bda0d15b,Clean,Clean/Clean (193).png
C:\Users\laksh\OneDrive\Desktop\AIML\solar-panel-ai\data\raw\Clean\Clean (2).jpg,Clean (2).jpg,.jpg,82865,True,,358,343,1.0437,3,RGB,JPEG,10e46061eb38be41e068c280ff45ad2d,Clean,Clean/Clean (2).jpg
C:\Users\laksh\OneDrive\Desktop\AIML\solar-panel-ai\data\raw\Clean\Clean (20).jpg,Clean (20).jpg,.jpg,1719877,True,,3264,2448,1.3333,3,RGB,JPEG,6c1bd2ac84cfa01daa3fa0f974c70ca5,Clean,Clean/Clean (20).jpg
C:\Users\laksh\OneDrive\Desktop\AIML\solar-panel-ai\data\raw\Clean\Clean (21).jpg,Clean (21).jpg,.jpg,1822953,True,,5464,3640,1.5011,3,RGB,JPEG,8c444a57ab0c0748ba4ee8a56cb60424,Clean,Clean/Clean (21).jpg
C:\Users\laksh\OneDrive\Desktop\AIML\solar-panel-ai\data\raw\Clean\Clean (22).jpg,Clean (22).jpg,.jpg,1125807,True,,2560,1707,1.4997,3,RGB,JPEG,a2fe7c458ac76fbcb418006de9a0f259,Clean,Clean/Clean (22).jpg
C:\Users\laksh\OneDrive\Desktop\AIML\solar-panel-ai\data\raw\Clean\Clean (23).jpg,Clean (23).jpg,.jpg,1233515,True,,1824,2048,0.8906,3,RGB,JPEG,85ad2e94eaf8310bc92bf131468ae7de,Clean,Clean/Clean (23).jpg
C:\Users\laksh\OneDrive\Desktop\AIML\solar-panel-ai\data\raw\Clean\Clean (24).jpg,Clean (24).jpg,.jpg,12602350,True,,5067,3370,1.5036,3,RGB,JPEG,f11b519fddde1867c86a71335562cf0c,Clean,Clean/Clean (24).jpg
C:\Users\laksh\OneDrive\Desktop\AIML\solar-panel-ai\data\raw\Clean\Clean (25).jpg,Clean (25).jpg,.jpg,609528,True,,720,800,0.9,4,RGBA,PNG,b42dbecf3a93f5565e5884ed063b2f3f,Clean,Clean/Clean (25).jpg
C:\Users\laksh\OneDrive\Desktop\AIML\solar-panel-ai\data\raw\Clean\Clean (26).jpg,Clean (26).jpg,.jpg,1229396,True,,1536,2048,0.75,3,RGB,JPEG,4ff42ab422d852cb026dde689fcc05bb,Clean,Clean/Clean (26).jpg
C:\Users\laksh\OneDrive\Desktop\AIML\solar-panel-ai\data\raw\Clean\Clean (27).jpg,Clean (27).jpg,.jpg,72859,True,,408,800,0.51,3,RGB,JPEG,ccf4c5dd93f8388b2c6b12072f4c577c,Clean,Clean/Clean (27).jpg
C:\Users\laksh\OneDrive\Desktop\AIML\solar-panel-ai\data\raw\Clean\Clean (28).jpg,Clean (28).jpg,.jpg,264810,True,,1000,667,1.4993,3,RGB,JPEG,8a702c048fe40f07b09ea4f5d61bfa4f,Clean,Clean/Clean (28).jpg
C:\Users\laksh\OneDrive\Desktop\AIML\solar-panel-ai\data\raw\Clean\Clean (29).jpg,Clean (29).jpg,.jpg,70027,True,,800,485,1.6495,3,RGB,JPEG,daebbb6b6710cee638fddd2b35ee23db,Clean,Clean/Clean (29).jpg
C:\Users\laksh\OneDrive\Desktop\AIML\solar-panel-ai\data\raw\Clean\Clean (3).jpg,Clean (3).jpg,.jpg,89033,True,,736,494,1.4899,3,RGB,JPEG,910c0dc20c1844290b489ef47efa218b,Clean,Clean/Clean (3).jpg
C:\Users\laksh\OneDrive\Desktop\AIML\solar-panel-ai\data\raw\Clean\Clean (30).jpg,Clean (30).jpg,.jpg,297682,True,,1500,1000,1.5,3,RGB,JPEG,cc38f1cb03d0408df1504ca29913c40e,Clean,Clean/Clean (30).jpg
C:\Users\laksh\OneDrive\Desktop\AIML\solar-panel-ai\data\raw\Clean\Clean (31).jpg,Clean (31).jpg,.jpg,219539,True,,1200,800,1.5,3,RGB,JPEG,7e9d2b67cbcb9364d836d89201243e4d,Clean,Clean/Clean (31).jpg
C:\Users\laksh\OneDrive\Desktop\AIML\solar-panel-ai\data\raw\Clean\Clean (32).jpg,Clean (32).jpg,.jpg,567997,True,,900,506,1.7787,3,RGB,JPEG,3d054aed2663be8aadd2c69e1a5b2aba,Clean,Clean/Clean (32).jpg
C:\Users\laksh\OneDrive\Desktop\AIML\solar-panel-ai\data\raw\Clean\Clean (33).jpg,Clean (33).jpg,.jpg,44940,True,,500,500,1.0,3,RGB,JPEG,ef2914826a667040b673854eab94d970,Clean,Clean/Clean (33).jpg
C:\Users\laksh\OneDrive\Desktop\AIML\solar-panel-ai\data\raw\Clean\Clean (34).jpg,Clean (34).jpg,.jpg,142758,True,,533,800,0.6663,3,RGB,JPEG,03696cf74546f76e7471a3c1122e9320,Clean,Clean/Clean (34).jpg
C:\Users\laksh\OneDrive\Desktop\AIML\solar-panel-ai\data\raw\Clean\Clean (35).jpg,Clean (35).jpg,.jpg,45741,True,,600,400,1.5,3,RGB,JPEG,8348d1780962d3d084a9b297f502274b,Clean,Clean/Clean (35).jpg
C:\Users\laksh\OneDrive\Desktop\AIML\solar-panel-ai\data\raw\Clean\Clean (36).jpg,Clean (36).jpg,.jpg,200278,True,,615,410,1.5,3,RGB,JPEG,dd6d34c3ebeb26340ba08fe88872f761,Clean,Clean/Clean (36).jpg
C:\Users\laksh\OneDrive\Desktop\AIML\solar-panel-ai\data\raw\Clean\Clean (37).jpg,Clean (37).jpg,.jpg,333916,True,,414,353,1.1728,4,RGBA,PNG,dc2650658354406157df3c96a38d2d07,Clean,Clean/Clean (37).jpg
C:\Users\laksh\OneDrive\Desktop\AIML\solar-panel-ai\data\raw\Clean\Clean (38).jpg,Clean (38).jpg,.jpg,36000,True,,300,300,1.0,3,RGB,JPEG,77312daf0bb93b8869ff9a29b81dcd44,Clean,Clean/Clean (38).jpg
C:\Users\laksh\OneDrive\Desktop\AIML\solar-panel-ai\data\raw\Clean\Clean (39).jpg,Clean (39).jpg,.jpg,88688,True,,499,332,1.503,3,RGB,JPEG,1a562cad92b1cb19e21b905fa5ec1177,Clean,Clean/Clean (39).jpg
C:\Users\laksh\OneDrive\Desktop\AIML\solar-panel-ai\data\raw\Clean\Clean (4).jpg,Clean (4).jpg,.jpg,105790,True,,768,768,1.0,3,RGB,JPEG,20d522cacd98c900ed74234004ce0ef8,Clean,Clean/Clean (4).jpg
C:\Users\laksh\OneDrive\Desktop\AIML\solar-panel-ai\data\raw\Clean\Clean (40).jpg,Clean (40).jpg,.jpg,670816,True,,2000,1339,1.4937,3,RGB,JPEG,917eb7f8876d3cd5139e337004c36465,Clean,Clean/Clean (40).jpg
C:\Users\laksh\OneDrive\Desktop\AIML\solar-panel-ai\data\raw\Clean\Clean (41).jpg,Clean (41).jpg,.jpg,98153,True,,600,401,1.4963,3,RGB,JPEG,2aef7cac50695cdc6afd97318f622007,Clean,Clean/Clean (41).jpg
C:\Users\laksh\OneDrive\Desktop\AIML\solar-panel-ai\data\raw\Clean\Clean (42).jpg,Clean (42).jpg,.jpg,1297051,True,,1536,2048,0.75,3,RGB,JPEG,61405da0d24b34aaf7a3e7ff973aa5d1,Clean,Clean/Clean (42).jpg
C:\Users\laksh\OneDrive\Desktop\AIML\solar-panel-ai\data\raw\Clean\Clean (43).jpg,Clean (43).jpg,.jpg,870858,True,,1420,800,1.775,3,RGB,JPEG,e9a18409b76a5552074f5f94e312a3ce,Clean,Clean/Clean (43).jpg
C:\Users\laksh\OneDrive\Desktop\AIML\solar-panel-ai\data\raw\Clean\Clean (44).jpg,Clean (44).jpg,.jpg,347955,True,,1200,675,1.7778,4,RGBA,PNG,b72d76095c4f3c0134b436925202d8c8,Clean,Clean/Clean (44).jpg
C:\Users\laksh\OneDrive\Desktop\AIML\solar-panel-ai\data\raw\Clean\Clean (45).jpg,Clean (45).jpg,.jpg,49723,True,,544,960,0.5667,3,RGB,JPEG,792ec7aa0778e049fe9258834122c5f3,Clean,Clean/Clean (45).jpg
C:\Users\laksh\OneDrive\Desktop\AIML\solar-panel-ai\data\raw\Clean\Clean (46).jpg,Clean (46).jpg,.jpg,244859,True,,1080,1920,0.5625,3,RGB,JPEG,711caa64ac3b32d911c426098b26431e,Clean,Clean/Clean (46).jpg
C:\Users\laksh\OneDrive\Desktop\AIML\solar-panel-ai\data\raw\Clean\Clean (47).jpg,Clean (47).jpg,.jpg,121531,True,,800,533,1.5009,3,RGB,JPEG,27c9f5014f3dabf01a885f60722e150c,Clean,Clean/Clean (47).jpg
C:\Users\laksh\OneDrive\Desktop\AIML\solar-panel-ai\data\raw\Clean\Clean (48).jpg,Clean (48).jpg,.jpg,27464,True,,400,260,1.5385,3,RGB,JPEG,b1e3e4fb3d1650c20435b2a0c7e5eade,Clean,Clean/Clean (48).jpg
C:\Users\laksh\OneDrive\Desktop\AIML\solar-panel-ai\data\raw\Clean\Clean (49).jpg,Clean (49).jpg,.jpg,1335788,True,,1536,2048,0.75,3,RGB,JPEG,f06dc707f028ac254fb8bd9cfa505bb2,Clean,Clean/Clean (49).jpg
C:\Users\laksh\OneDrive\Desktop\AIML\solar-panel-ai\data\raw\Clean\Clean (5).jpg,Clean (5).jpg,.jpg,79123,True,,499,333,1.4985,3,RGB,JPEG,2fb66194b7204f4e4b98a7e73b5f3afa,Clean,Clean/Clean (5).jpg
C:\Users\laksh\OneDrive\Desktop\AIML\solar-panel-ai\data\raw\Clean\Clean (50).jpg,Clean (50).jpg,.jpg,53561,True,,400,500,0.8,3,RGB,JPEG,c342cd87e33c23b688413a57380f1180,Clean,Clean/Clean (50).jpg
C:\Users\laksh\OneDrive\Desktop\AIML\solar-panel-ai\data\raw\Clean\Clean (51).jpg,Clean (51).jpg,.jpg,67040,True,,650,366,1.776,3,RGB,JPEG,0492d2430092cc197eb66706c9a83d44,Clean,Clean/Clean (51).jpg
C:\Users\laksh\OneDrive\Desktop\AIML\solar-panel-ai\data\raw\Clean\Clean (52).jpg,Clean (52).jpg,.jpg,62135,True,,800,716,1.1173,3,RGB,JPEG,8af282fb4ae433004b289702ea97ad46,Clean,Clean/Clean (52).jpg
C:\Users\laksh\OneDrive\Desktop\AIML\solar-panel-ai\data\raw\Clean\Clean (53).jpg,Clean (53).jpg,.jpg,10239224,True,,6240,4160,1.5,3,RGB,JPEG,5ec99a52e5998864bdc0d5d1ed3412bb,Clean,Clean/Clean (53).jpg
C:\Users\laksh\OneDrive\Desktop\AIML\solar-panel-ai\data\raw\Clean\Clean (54).jpg,Clean (54).jpg,.jpg,170580,True,,1000,1000,1.0,3,RGB,JPEG,49bcd8a359bf7744bb83095e8dbe682f,Clean,Clean/Clean (54).jpg
C:\Users\laksh\OneDrive\Desktop\AIML\solar-panel-ai\data\raw\Clean\Clean (55).jpg,Clean (55).jpg,.jpg,116188,True,,1024,576,1.7778,3,RGB,JPEG,edcafd57f6bdd0c573b4ff79600b2624,Clean,Clean/Clean (55).jpg
C:\Users\laksh\OneDrive\Desktop\AIML\solar-panel-ai\data\raw\Clean\Clean (56).jpg,Clean (56).jpg,.jpg,33566,True,,600,400,1.5,3,RGB,JPEG,890368e49634630cdb0457caead6835d,Clean,Clean/Clean (56).jpg
C:\Users\laksh\OneDrive\Desktop\AIML\solar-panel-ai\data\raw\Clean\Clean (57).jpg,Clean (57).jpg,.jpg,178788,True,,264,349,0.7564,4,RGBA,PNG,55b11e91bf3f84a7a87cb0d56bd7c13e,Clean,Clean/Clean (57).jpg
C:\Users\laksh\OneDrive\Desktop\AIML\solar-panel-ai\data\raw\Clean\Clean (58).jpg,Clean (58).jpg,.jpg,1476290,True,,3936,2624,1.5,3,RGB,JPEG,ed1fdc97f2d709885fad29018e2c68a2,Clean,Clean/Clean (58).jpg
C:\Users\laksh\OneDrive\Desktop\AIML\solar-panel-ai\data\raw\Clean\Clean (59).jpg,Clean (59).jpg,.jpg,185727,True,,262,337,0.7774,4,RGBA,PNG,423ee19a520353248f156822b30b856c,Clean,Clean/Clean (59).jpg
C:\Users\laksh\OneDrive\Desktop\AIML\solar-panel-ai\data\raw\Clean\Clean (6).jpg,Clean (6).jpg,.jpg,1236223,True,,1365,2048,0.6665,3,RGB,JPEG,7bce8d2ec19908229974d11e66b43016,Clean,Clean/Clean (6).jpg
C:\Users\laksh\OneDrive\Desktop\AIML\solar-panel-ai\data\raw\Clean\Clean (60).jpg,Clean (60).jpg,.jpg,118083,True,,720,960,0.75,3,RGB,JPEG,a681ecd443c07d9b2195cacbb206cf72,Clean,Clean/Clean (60).jpg
C:\Users\laksh\OneDrive\Desktop\AIML\solar-panel-ai\data\raw\Clean\Clean (61).jpg,Clean (61).jpg,.jpg,109651,True,,720,960,0.75,3,RGB,JPEG,a8e6bf51e898e6a4d187222c24efeee3,Clean,Clean/Clean (61).jpg
C:\Users\laksh\OneDrive\Desktop\AIML\solar-panel-ai\data\raw\Clean\Clean (62).jpg,Clean (62).jpg,.jpg,115865,True,,720,960,0.75,3,RGB,JPEG,9a44e3b880599b8f8ea2e685df24ee5b,Clean,Clean/Clean (62).jpg
C:\Users\laksh\OneDrive\Desktop\AIML\solar-panel-ai\data\raw\Clean\Clean (63).jpg,Clean (63).jpg,.jpg,84521,True,,720,960,0.75,3,RGB,JPEG,61a099fd23861ee693a7f857f4864262,Clean,Clean/Clean (63).jpg
C:\Users\laksh\OneDrive\Desktop\AIML\solar-panel-ai\data\raw\Clean\Clean (64).jpg,Clean (64).jpg,.jpg,153209,True,,720,960,0.75,3,RGB,JPEG,381c6d28d9b94cfb8ab63f9de013c2f4,Clean,Clean/Clean (64).jpg
C:\Users\laksh\OneDrive\Desktop\AIML\solar-panel-ai\data\raw\Clean\Clean (65).jpg,Clean (65).jpg,.jpg,768060,True,,1536,2048,0.75,3,RGB,JPEG,e12e0d260b284fd6b34c3e5f3b2ce77e,Clean,Clean/Clean (65).jpg
C:\Users\laksh\OneDrive\Desktop\AIML\solar-panel-ai\data\raw\Clean\Clean (66).jpg,Clean (66).jpg,.jpg,211929,True,,683,1024,0.667,3,RGB,JPEG,5dc5be42040a3357b4f9a83b3be5c399,Clean,Clean/Clean (66).jpg
C:\Users\laksh\OneDrive\Desktop\AIML\solar-panel-ai\data\raw\Clean\Clean (67).jpg,Clean (67).jpg,.jpg,40223,True,,260,352,0.7386,3,RGB,JPEG,06b7ad0dda81f06438439cae2faa2ede,Clean,Clean/Clean (67).jpg
C:\Users\laksh\OneDrive\Desktop\AIML\solar-panel-ai\data\raw\Clean\Clean (68).jpg,Clean (68).jpg,.jpg,6087799,True,,4864,3648,1.3333,3,RGB,MPO,2d852fdd048697065334a4e0c9dd599b,Clean,Clean/Clean (68).jpg
C:\Users\laksh\OneDrive\Desktop\AIML\solar-panel-ai\data\raw\Clean\Clean (69).jpg,Clean (69).jpg,.jpg,70218,True,,700,525,1.3333,3,RGB,JPEG,8b96133fab16ea9115b16c20ba92a2fc,Clean,Clean/Clean (69).jpg
C:\Users\laksh\OneDrive\Desktop\AIML\solar-panel-ai\data\raw\Clean\Clean (7).jpg,Clean (7).jpg,.jpg,215152,True,,1420,798,1.7794,3,RGB,JPEG,02587a1bae8c62dd9b04f08d438d7472,Clean,Clean/Clean (7).jpg
C:\Users\laksh\OneDrive\Desktop\AIML\solar-panel-ai\data\raw\Clean\Clean (70).jpg,Clean (70).jpg,.jpg,4416121,True,,3648,2736,1.3333,3,RGB,JPEG,497d111790478944c0e4f96b86e30eac,Clean,Clean/Clean (70).jpg
C:\Users\laksh\OneDrive\Desktop\AIML\solar-panel-ai\data\raw\Clean\Clean (71).jpg,Clean (71).jpg,.jpg,117116,True,,960,720,1.3333,3,RGB,JPEG,7edae2284f904be8c9234c8961ef0020,Clean,Clean/Clean (71).jpg
C:\Users\laksh\OneDrive\Desktop\AIML\solar-panel-ai\data\raw\Clean\Clean (72).jpg,Clean (72).jpg,.jpg,93011,True,,720,960,0.75,3,RGB,JPEG,2ed3e6c9267b54b14c2b52ee6c9f939e,Clean,Clean/Clean (72).jpg
C:\Users\laksh\OneDrive\Desktop\AIML\solar-panel-ai\data\raw\Clean\Clean (73).jpg,Clean (73).jpg,.jpg,115662,True,,720,960,0.75,3,RGB,JPEG,6f41787b732e5172cfe850cbb7e2a022,Clean,Clean/Clean (73).jpg
C:\Users\laksh\OneDrive\Desktop\AIML\solar-panel-ai\data\raw\Clean\Clean (74).jpg,Clean (74).jpg,.jpg,3828431,True,,3892,2586,1.505,3,RGB,JPEG,f39a3b0726d18d7abd1118d0c819410a,Clean,Clean/Clean (74).jpg
C:\Users\laksh\OneDrive\Desktop\AIML\solar-panel-ai\data\raw\Clean\Clean (75).jpg,Clean (75).jpg,.jpg,132520,True,,960,720,1.3333,3,RGB,JPEG,835eee0341cdc954dbe8b380dfddcc21,Clean,Clean/Clean (75).jpg
C:\Users\laksh\OneDrive\Desktop\AIML\solar-panel-ai\data\raw\Clean\Clean (76).jpg,Clean (76).jpg,.jpg,2245063,True,,2592,1944,1.3333,3,RGB,JPEG,ac5d32b7135c305c924c18210ebb2ba3,Clean,Clean/Clean (76).jpg
C:\Users\laksh\OneDrive\Desktop\AIML\solar-panel-ai\data\raw\Clean\Clean (77).jpg,Clean (77).jpg,.jpg,108886,True,,720,960,0.75,3,RGB,JPEG,03706e902548cc109f33c87f43e786f1,Clean,Clean/Clean (77).jpg
C:\Users\laksh\OneDrive\Desktop\AIML\solar-panel-ai\data\raw\Clean\Clean (78).jpg,Clean (78).jpg,.jpg,810553,True,,1536,2048,0.75,3,RGB,JPEG,88e3349f1b04238ec03cf24a23c17287,Clean,Clean/Clean (78).jpg
C:\Users\laksh\OneDrive\Desktop\AIML\solar-panel-ai\data\raw\Clean\Clean (79).jpg,Clean (79).jpg,.jpg,243064,True,,1131,1882,0.601,3,RGB,JPEG,be597472343c08c2e2c6a2277ffc2b72,Clean,Clean/Clean (79).jpg
C:\Users\laksh\OneDrive\Desktop\AIML\solar-panel-ai\data\raw\Clean\Clean (8).jpg,Clean (8).jpg,.jpg,99003,True,,700,467,1.4989,3,RGB,JPEG,0d47060122ec2b2c0f5406d585cf393d,Clean,Clean/Clean (8).jpg
C:\Users\laksh\OneDrive\Desktop\AIML\solar-panel-ai\data\raw\Clean\Clean (80).jpg,Clean (80).jpg,.jpg,97308,True,,720,960,0.75,3,RGB,JPEG,0ea04bef1f2d4dc7ec2b9f15bfdae686,Clean,Clean/Clean (80).jpg
C:\Users\laksh\OneDrive\Desktop\AIML\solar-panel-ai\data\raw\Clean\Clean (81).jpg,Clean (81).jpg,.jpg,356873,True,,1536,2048,0.75,3,RGB,JPEG,7b34b7da29596d5a1a19d08c842cd762,Clean,Clean/Clean (81).jpg
C:\Users\laksh\OneDrive\Desktop\AIML\solar-panel-ai\data\raw\Clean\Clean (82).jpg,Clean (82).jpg,.jpg,89775,True,,720,960,0.75,3,RGB,JPEG,80d43599bcfdb904ff247c34e026be68,Clean,Clean/Clean (82).jpg
C:\Users\laksh\OneDrive\Desktop\AIML\solar-panel-ai\data\raw\Clean\Clean (83).jpg,Clean (83).jpg,.jpg,104756,True,,720,960,0.75,3,RGB,JPEG,35f65e93da21f8519b4be18742183006,Clean,Clean/Clean (83).jpg
C:\Users\laksh\OneDrive\Desktop\AIML\solar-panel-ai\data\raw\Clean\Clean (84).jpg,Clean (84).jpg,.jpg,760679,True,,1536,2048,0.75,3,RGB,JPEG,910cc6b9de7ef6f499e39a5082ca1108,Clean,Clean/Clean (84).jpg
C:\Users\laksh\OneDrive\Desktop\AIML\solar-panel-ai\data\raw\Clean\Clean (85).jpg,Clean (85).jpg,.jpg,114779,True,,720,960,0.75,3,RGB,JPEG,8c389aaee33092e7e2b333240f6f42f7,Clean,Clean/Clean (85).jpg
C:\Users\laksh\OneDrive\Desktop\AIML\solar-panel-ai\data\raw\Clean\Clean (86).jpg,Clean (86).jpg,.jpg,1617087,True,,3000,1687,1.7783,3,RGB,JPEG,35b4b92c815b1e52eadffe0aa57b38bb,Clean,Clean/Clean (86).jpg
C:\Users\laksh\OneDrive\Desktop\AIML\solar-panel-ai\data\raw\Clean\Clean (87).jpg,Clean (87).jpg,.jpg,2354955,True,,5472,3648,1.5,3,RGB,JPEG,2442e4f8e9af0a9995072b2b481d565b,Clean,Clean/Clean (87).jpg
C:\Users\laksh\OneDrive\Desktop\AIML\solar-panel-ai\data\raw\Clean\Clean (88).jpg,Clean (88).jpg,.jpg,449147,True,,1440,1440,1.0,3,RGB,JPEG,b4df99ae97b2a22be9281e6dfb9edbda,Clean,Clean/Clean (88).jpg
C:\Users\laksh\OneDrive\Desktop\AIML\solar-panel-ai\data\raw\Clean\Clean (89).jpg,Clean (89).jpg,.jpg,179702,True,,960,960,1.0,3,RGB,JPEG,6b8b8cfece93a2e526511c1bb0e6d6ff,Clean,Clean/Clean (89).jpg
C:\Users\laksh\OneDrive\Desktop\AIML\solar-panel-ai\data\raw\Clean\Clean (9).jpg,Clean (9).jpg,.jpg,88851,True,,600,400,1.5,3,RGB,JPEG,433d7f7a0b3b42005950e2eabb9150f8,Clean,Clean/Clean (9).jpg
C:\Users\laksh\OneDrive\Desktop\AIML\solar-panel-ai\data\raw\Clean\Clean (90).jpg,Clean (90).jpg,.jpg,2354955,True,,5472,3648,1.5,3,RGB,JPEG,2442e4f8e9af0a9995072b2b481d565b,Clean,Clean/Clean (90).jpg
C:\Users\laksh\OneDrive\Desktop\AIML\solar-panel-ai\data\raw\Clean\Clean (91).jpg,Clean (91).jpg,.jpg,529391,True,,1440,1440,1.0,3,RGB,JPEG,75cc845811894b9cfee131843e919902,Clean,Clean/Clean (91).jpg
C:\Users\laksh\OneDrive\Desktop\AIML\solar-panel-ai\data\raw\Clean\Clean (92).jpg,Clean (92).jpg,.jpg,148410,True,,960,720,1.3333,3,RGB,JPEG,64161790abf0b6db85a39c241518badf,Clean,Clean/Clean (92).jpg
C:\Users\laksh\OneDrive\Desktop\AIML\solar-panel-ai\data\raw\Clean\Clean (93).jpg,Clean (93).jpg,.jpg,268910,True,,1536,2048,0.75,3,RGB,JPEG,e19311bcbc43f0528ca3eb5201cf3b29,Clean,Clean/Clean (93).jpg
C:\Users\laksh\OneDrive\Desktop\AIML\solar-panel-ai\data\raw\Clean\Clean (94).jpg,Clean (94).jpg,.jpg,1230173,True,,2000,1334,1.4993,3,RGB,JPEG,e151baaaab6c2b78157dcc6270e3a3b3,Clean,Clean/Clean (94).jpg
C:\Users\laksh\OneDrive\Desktop\AIML\solar-panel-ai\data\raw\Clean\Clean (95).jpg,Clean (95).jpg,.jpg,656976,True,,2048,1536,1.3333,3,RGB,JPEG,5b504ae0df864f0a4f299c5be0e7daed,Clean,Clean/Clean (95).jpg
C:\Users\laksh\OneDrive\Desktop\AIML\solar-panel-ai\data\raw\Clean\Clean (96).jpg,Clean (96).jpg,.jpg,945089,True,,2048,1536,1.3333,3,RGB,JPEG,d6eecbe51ba2cda83f02ff66fd4fe534,Clean,Clean/Clean (96).jpg
C:\Users\laksh\OneDrive\Desktop\AIML\solar-panel-ai\data\raw\Clean\Clean (97).jpg,Clean (97).jpg,.jpg,284888,True,,1080,1080,1.0,3,RGB,JPEG,607186a8a8ffbb2718097b293b8719bb,Clean,Clean/Clean (97).jpg
C:\Users\laksh\OneDrive\Desktop\AIML\solar-panel-ai\data\raw\Clean\Clean (98).jpg,Clean (98).jpg,.jpg,317552,True,,1080,1080,1.0,3,RGB,JPEG,052a51e0908bec24b0df6601bea542be,Clean,Clean/Clean (98).jpg
C:\Users\laksh\OneDrive\Desktop\AIML\solar-panel-ai\data\raw\Clean\Clean (99).jpg,Clean (99).jpg,.jpg,244234,True,,1080,1080,1.0,3,RGB,JPEG,26cd68e92020fc60eae025936b67bd1f,Clean,Clean/Clean (99).jpg
C:\Users\laksh\OneDrive\Desktop\AIML\solar-panel-ai\data\raw\Dusty\Dust (1).jpg,Dust (1).jpg,.jpg,351812,True,,1000,750,1.3333,3,RGB,JPEG,9b2d011797ff7d397a21d52b033a60e0,Dusty,Dusty/Dust (1).jpg
C:\Users\laksh\OneDrive\Desktop\AIML\solar-panel-ai\data\raw\Dusty\Dust (10).jpg,Dust (10).jpg,.jpg,98292,True,,640,480,1.3333,3,RGB,JPEG,f574bdf29138318343036b89e86a77af,Dusty,Dusty/Dust (10).jpg
C:\Users\laksh\OneDrive\Desktop\AIML\solar-panel-ai\data\raw\Dusty\Dust (100).jpg,Dust (100).jpg,.jpg,329725,True,,2048,921,2.2237,3,RGB,JPEG,1a06a82da4f81e894ae7e118bf4a2d5f,Dusty,Dusty/Dust (100).jpg
C:\Users\laksh\OneDrive\Desktop\AIML\solar-panel-ai\data\raw\Dusty\Dust (101).jpg,Dust (101).jpg,.jpg,259296,True,,2048,921,2.2237,3,RGB,JPEG,6b8165fc403d61595b541846beedb225,Dusty,Dusty/Dust (101).jpg
C:\Users\laksh\OneDrive\Desktop\AIML\solar-panel-ai\data\raw\Dusty\Dust (102).jpg,Dust (102).jpg,.jpg,374707,True,,1374,1374,1.0,3,RGB,JPEG,d0099dbd948a6cfd7b7faf8e5ca0de9f,Dusty,Dusty/Dust (102).jpg
C:\Users\laksh\OneDrive\Desktop\AIML\solar-panel-ai\data\raw\Dusty\Dust (103).jpg,Dust (103).jpg,.jpg,377400,True,,1374,1374,1.0,3,RGB,JPEG,9f1103f55d2360532095b91999232536,Dusty,Dusty/Dust (103).jpg
C:\Users\laksh\OneDrive\Desktop\AIML\solar-panel-ai\data\raw\Dusty\Dust (104).jpg,Dust (104).jpg,.jpg,439576,True,,1440,1440,1.0,3,RGB,JPEG,bda249320c0a1922d0199b93563cc000,Dusty,Dusty/Dust (104).jpg
C:\Users\laksh\OneDrive\Desktop\AIML\solar-panel-ai\data\raw\Dusty\Dust (105).jpg,Dust (105).jpg,.jpg,2781221,True,,3648,2056,1.7743,3,RGB,JPEG,3424df1e278e261803761758b68e85f8,Dusty,Dusty/Dust (105).jpg
C:\Users\laksh\OneDrive\Desktop\AIML\solar-panel-ai\data\raw\Dusty\Dust (106).jpg,Dust (106).jpg,.jpg,118557,True,,960,720,1.3333,3,RGB,JPEG,f2512b5b68b5b0f7531cb0001b11cc4a,Dusty,Dusty/Dust (106).jpg
C:\Users\laksh\OneDrive\Desktop\AIML\solar-panel-ai\data\raw\Dusty\Dust (107).jpg,Dust (107).jpg,.jpg,837742,True,,2048,1536,1.3333,3,RGB,JPEG,b826a40126cf7d641bd73fff515d94fd,Dusty,Dusty/Dust (107).jpg
C:\Users\laksh\OneDrive\Desktop\AIML\solar-panel-ai\data\raw\Dusty\Dust (108).jpg,Dust (108).jpg,.jpg,998910,True,,2048,1536,1.3333,3,RGB,JPEG,4863ff28069af46125ac341ea77fa2fa,Dusty,Dusty/Dust (108).jpg
C:\Users\laksh\OneDrive\Desktop\AIML\solar-panel-ai\data\raw\Dusty\Dust (109).jpg,Dust (109).jpg,.jpg,572092,True,,2048,1536,1.3333,3,RGB,JPEG,f840e29bd8f5638b7affddecfeb0deae,Dusty,Dusty/Dust (109).jpg
C:\Users\laksh\OneDrive\Desktop\AIML\solar-panel-ai\data\raw\Dusty\Dust (11).jpg,Dust (11).jpg,.jpg,979025,True,,1848,832,2.2212,3,RGB,JPEG,4a8f3a0b3787dc88d7435d39acf80823,Dusty,Dusty/Dust (11).jpg
C:\Users\laksh\OneDrive\Desktop\AIML\solar-panel-ai\data\raw\Dusty\Dust (110).jpg,Dust (110).jpg,.jpg,589612,True,,2048,1536,1.3333,3,RGB,JPEG,aab60bcc650fa156988b71ff84440a76,Dusty,Dusty/Dust (110).jpg
C:\Users\laksh\OneDrive\Desktop\AIML\solar-panel-ai\data\raw\Dusty\Dust (111).jpg,Dust (111).jpg,.jpg,772615,True,,2048,1536,1.3333,3,RGB,JPEG,f2117c71467a648784813aaecaca7a60,Dusty,Dusty/Dust (111).jpg
C:\Users\laksh\OneDrive\Desktop\AIML\solar-panel-ai\data\raw\Dusty\Dust (112).jpg,Dust (112).jpg,.jpg,715074,True,,2048,1536,1.3333,3,RGB,JPEG,f43de4bdc1db89bb8c0f0318d4f1cf3e,Dusty,Dusty/Dust (112).jpg
C:\Users\laksh\OneDrive\Desktop\AIML\solar-panel-ai\data\raw\Dusty\Dust (113).jpg,Dust (113).jpg,.jpg,967642,True,,2048,1536,1.3333,3,RGB,JPEG,d2dd803ef2de189594e638f4bae89c8a,Dusty,Dusty/Dust (113).jpg
C:\Users\laksh\OneDrive\Desktop\AIML\solar-panel-ai\data\raw\Dusty\Dust (114).jpg,Dust (114).jpg,.jpg,126047,True,,828,1472,0.5625,3,RGB,JPEG,bf1442511d874f454d6e98255b3b1038,Dusty,Dusty/Dust (114).jpg
C:\Users\laksh\OneDrive\Desktop\AIML\solar-panel-ai\data\raw\Dusty\Dust (115).jpg,Dust (115).jpg,.jpg,193940,True,,960,1792,0.5357,3,RGB,JPEG,53043d7b74a8272166e2a6d5667c1e2e,Dusty,Dusty/Dust (115).jpg
C:\Users\laksh\OneDrive\Desktop\AIML\solar-panel-ai\data\raw\Dusty\Dust (116).jpg,Dust (116).jpg,.jpg,58097,True,,850,455,1.8681,3,RGB,JPEG,af7599baa4ed01c6e6384fece74ddf03,Dusty,Dusty/Dust (116).jpg
C:\Users\laksh\OneDrive\Desktop\AIML\solar-panel-ai\data\raw\Dusty\Dust (117).jpg,Dust (117).jpg,.jpg,71899,True,,514,960,0.5354,3,RGB,JPEG,1e24986cf63d75272fc421d72c83f2e6,Dusty,Dusty/Dust (117).jpg
C:\Users\laksh\OneDrive\Desktop\AIML\solar-panel-ai\data\raw\Dusty\Dust (118).jpg,Dust (118).jpg,.jpg,62653,True,,455,850,0.5353,3,RGB,JPEG,2a5c5510f115876ecc11569e99ecf266,Dusty,Dusty/Dust (118).jpg
C:\Users\laksh\OneDrive\Desktop\AIML\solar-panel-ai\data\raw\Dusty\Dust (119).jpg,Dust (119).jpg,.jpg,65125,True,,514,960,0.5354,3,RGB,JPEG,5e17ed4ef9c2713f174b25698050e30b,Dusty,Dusty/Dust (119).jpg
C:\Users\laksh\OneDrive\Desktop\AIML\solar-panel-ai\data\raw\Dusty\Dust (12).jpg,Dust (12).jpg,.jpg,197413,True,,740,416,1.7788,3,RGB,JPEG,e70af98ded36638f0a19337323de235e,Dusty,Dusty/Dust (12).jpg
C:\Users\laksh\OneDrive\Desktop\AIML\solar-panel-ai\data\raw\Dusty\Dust (120).jpg,Dust (120).jpg,.jpg,4842683,True,,5472,3080,1.7766,3,RGB,JPEG,6f97f6672243d58595aa9028fc3ecd2d,Dusty,Dusty/Dust (120).jpg
C:\Users\laksh\OneDrive\Desktop\AIML\solar-panel-ai\data\raw\Dusty\Dust (121).jpg,Dust (121).jpg,.jpg,283830,True,,2048,1166,1.7564,3,RGB,JPEG,2845876e77ca6b9f347fee6f0027ffd5,Dusty,Dusty/Dust (121).jpg
C:\Users\laksh\OneDrive\Desktop\AIML\solar-panel-ai\data\raw\Dusty\Dust (122).jpg,Dust (122).jpg,.jpg,77201,True,,720,960,0.75,3,RGB,JPEG,531032878f5093abc07dce7204348e92,Dusty,Dusty/Dust (122).jpg
C:\Users\laksh\OneDrive\Desktop\AIML\solar-panel-ai\data\raw\Dusty\Dust (123).jpg,Dust (123).jpg,.jpg,82110,True,,514,960,0.5354,3,RGB,JPEG,1caa7ca9496c765a9fa750d095812ff2,Dusty,Dusty/Dust (123).jpg
C:\Users\laksh\OneDrive\Desktop\AIML\solar-panel-ai\data\raw\Dusty\Dust (124).jpg,Dust (124).jpg,.jpg,531957,True,,1536,2048,0.75,3,RGB,JPEG,286608a2f4a46693582ca3bb84fcb80d,Dusty,Dusty/Dust (124).jpg
C:\Users\laksh\OneDrive\Desktop\AIML\solar-panel-ai\data\raw\Dusty\Dust (125).jpg,Dust (125).jpg,.jpg,119979,True,,720,960,0.75,3,RGB,JPEG,9a4b400bb0a8692fb9cf42c0c0a4d6c7,Dusty,Dusty/Dust (125).jpg
C:\Users\laksh\OneDrive\Desktop\AIML\solar-panel-ai\data\raw\Dusty\Dust (126).jpg,Dust (126).jpg,.jpg,88499,True,,960,720,1.3333,3,RGB,JPEG,038505ebc02d71107e127a3af845a3b1,Dusty,Dusty/Dust (126).jpg
C:\Users\laksh\OneDrive\Desktop\AIML\solar-panel-ai\data\raw\Dusty\Dust (127).jpg,Dust (127).jpg,.jpg,711257,True,,1600,1200,1.3333,3,RGB,JPEG,7cde934688b70c862b525672ffc9c8a9,Dusty,Dusty/Dust (127).jpg
C:\Users\laksh\OneDrive\Desktop\AIML\solar-panel-ai\data\raw\Dusty\Dust (128).jpg,Dust (128).jpg,.jpg,618275,True,,2048,1536,1.3333,3,RGB,JPEG,dc3315f465557ffeb0efc0c0eccd4199,Dusty,Dusty/Dust (128).jpg
C:\Users\laksh\OneDrive\Desktop\AIML\solar-panel-ai\data\raw\Dusty\Dust (129).jpg,Dust (129).jpg,.jpg,79460,True,,960,720,1.3333,3,RGB,JPEG,02d291871ff77f1e507bcfd80fb1d0de,Dusty,Dusty/Dust (129).jpg
C:\Users\laksh\OneDrive\Desktop\AIML\solar-panel-ai\data\raw\Dusty\Dust (13).jpg,Dust (13).jpg,.jpg,20422,True,,280,280,1.0,3,RGB,JPEG,6bcde419efe6aae32d482127d31c666a,Dusty,Dusty/Dust (13).jpg
C:\Users\laksh\OneDrive\Desktop\AIML\solar-panel-ai\data\raw\Dusty\Dust (130).jpg,Dust (130).jpg,.jpg,97187,True,,960,720,1.3333,3,RGB,JPEG,c237d04c5944ae05222c7bfdee66c5c8,Dusty,Dusty/Dust (130).jpg
C:\Users\laksh\OneDrive\Desktop\AIML\solar-panel-ai\data\raw\Dusty\Dust (131).jpg,Dust (131).jpg,.jpg,74178,True,,960,720,1.3333,3,RGB,JPEG,abd5968430263361819b00ee3dec7931,Dusty,Dusty/Dust (131).jpg
C:\Users\laksh\OneDrive\Desktop\AIML\solar-panel-ai\data\raw\Dusty\Dust (132).jpg,Dust (132).jpg,.jpg,106305,True,,960,720,1.3333,3,RGB,JPEG,657977b747528755e0458eedbe0174ee,Dusty,Dusty/Dust (132).jpg
C:\Users\laksh\OneDrive\Desktop\AIML\solar-panel-ai\data\raw\Dusty\Dust (133).jpg,Dust (133).jpg,.jpg,347212,True,,1078,1440,0.7486,3,RGB,JPEG,9ef827db4275cfc44ee8d779d324e06a,Dusty,Dusty/Dust (133).jpg
C:\Users\laksh\OneDrive\Desktop\AIML\solar-panel-ai\data\raw\Dusty\Dust (134).jpg,Dust (134).jpg,.jpg,360908,True,,1078,1440,0.7486,3,RGB,JPEG,fcc8e665c7a70f7edc3cffc10e63a8c5,Dusty,Dusty/Dust (134).jpg
C:\Users\laksh\OneDrive\Desktop\AIML\solar-panel-ai\data\raw\Dusty\Dust (135).jpg,Dust (135).jpg,.jpg,1653946,True,,1500,1101,1.3624,3,RGB,JPEG,f2a8c593b90ab0d3a6e9d99532f86d5a,Dusty,Dusty/Dust (135).jpg
C:\Users\laksh\OneDrive\Desktop\AIML\solar-panel-ai\data\raw\Dusty\Dust (136).jpg,Dust (136).jpg,.jpg,413784,True,,1440,1440,1.0,3,RGB,JPEG,8b5afd569702b9ac214cd3e30495e375,Dusty,Dusty/Dust (136).jpg
C:\Users\laksh\OneDrive\Desktop\AIML\solar-panel-ai\data\raw\Dusty\Dust (137).jpg,Dust (137).jpg,.jpg,470870,True,,1440,1440,1.0,3,RGB,JPEG,9ee55d4221c643035b3362d086d17aa2,Dusty,Dusty/Dust (137).jpg
C:\Users\laksh\OneDrive\Desktop\AIML\solar-panel-ai\data\raw\Dusty\Dust (138).jpg,Dust (138).jpg,.jpg,231385,True,,1080,1080,1.0,3,RGB,JPEG,d04dff9d6242d2e8d4e021c9f88ce2ca,Dusty,Dusty/Dust (138).jpg
C:\Users\laksh\OneDrive\Desktop\AIML\solar-panel-ai\data\raw\Dusty\Dust (139).jpg,Dust (139).jpg,.jpg,236866,True,,1080,1080,1.0,3,RGB,JPEG,24c878fecb3fd5133525aab65d72d254,Dusty,Dusty/Dust (139).jpg
C:\Users\laksh\OneDrive\Desktop\AIML\solar-panel-ai\data\raw\Dusty\Dust (14).jpg,Dust (14).jpg,.jpg,320537,True,,1920,1280,1.5,3,RGB,JPEG,654366f246e07ec5eb2e97b820308f12,Dusty,Dusty/Dust (14).jpg
C:\Users\laksh\OneDrive\Desktop\AIML\solar-panel-ai\data\raw\Dusty\Dust (140).jpg,Dust (140).jpg,.jpg,274269,True,,1080,1080,1.0,3,RGB,JPEG,de6aafc641cdfd721a90cbf25edf1f0e,Dusty,Dusty/Dust (140).jpg
C:\Users\laksh\OneDrive\Desktop\AIML\solar-panel-ai\data\raw\Dusty\Dust (141).jpg,Dust (141).jpg,.jpg,213021,True,,1080,1080,1.0,3,RGB,JPEG,633703bb9c470c808ba63007ee642a55,Dusty,Dusty/Dust (141).jpg
C:\Users\laksh\OneDrive\Desktop\AIML\solar-panel-ai\data\raw\Dusty\Dust (142).jpg,Dust (142).jpg,.jpg,2368051,True,,1500,1225,1.2245,3,RGB,JPEG,a5841a6ea37b59445ddbb34198de9db1,Dusty,Dusty/Dust (142).jpg
C:\Users\laksh\OneDrive\Desktop\AIML\solar-panel-ai\data\raw\Dusty\Dust (143).jpg,Dust (143).jpg,.jpg,289595,True,,1080,1080,1.0,3,RGB,JPEG,8da2cf22c09446131e1392e675c414a3,Dusty,Dusty/Dust (143).jpg
C:\Users\laksh\OneDrive\Desktop\AIML\solar-panel-ai\data\raw\Dusty\Dust (144).jpg,Dust (144).jpg,.jpg,262066,True,,2048,1152,1.7778,3,RGB,JPEG,2d8ae2ff43c7d8d90897a83d566d6d18,Dusty,Dusty/Dust (144).jpg
C:\Users\laksh\OneDrive\Desktop\AIML\solar-panel-ai\data\raw\Dusty\Dust (145).jpg,Dust (145).jpg,.jpg,279121,True,,1080,1080,1.0,3,RGB,JPEG,85e36e780bd7ef79b227ef3429bef5b6,Dusty,Dusty/Dust (145).jpg
C:\Users\laksh\OneDrive\Desktop\AIML\solar-panel-ai\data\raw\Dusty\Dust (146).jpg,Dust (146).jpg,.jpg,485610,True,,2048,1152,1.7778,3,RGB,JPEG,f3af9a59f93e25a3a2186b3427020c3d,Dusty,Dusty/Dust (146).jpg
C:\Users\laksh\OneDrive\Desktop\AIML\solar-panel-ai\data\raw\Dusty\Dust (147).jpg,Dust (147).jpg,.jpg,427603,True,,2048,1152,1.7778,3,RGB,JPEG,277e6a99a64ab3f09f267fcd7641bc26,Dusty,Dusty/Dust (147).jpg
C:\Users\laksh\OneDrive\Desktop\AIML\solar-panel-ai\data\raw\Dusty\Dust (148).jpg,Dust (148).jpg,.jpg,498137,True,,2048,1152,1.7778,3,RGB,JPEG,2da7a5ed3590ab21a5021a38bb0c7b5e,Dusty,Dusty/Dust (148).jpg
C:\Users\laksh\OneDrive\Desktop\AIML\solar-panel-ai\data\raw\Dusty\Dust (149).jpg,Dust (149).jpg,.jpg,443456,True,,2048,1152,1.7778,3,RGB,JPEG,347417b5dd0bd4448698835bfa088c6f,Dusty,Dusty/Dust (149).jpg
C:\Users\laksh\OneDrive\Desktop\AIML\solar-panel-ai\data\raw\Dusty\Dust (15).jpg,Dust (15).jpg,.jpg,129097,True,,660,440,1.5,3,RGB,JPEG,ed42dbcab75b3b00097e0e8b8fa8c70b,Dusty,Dusty/Dust (15).jpg
C:\Users\laksh\OneDrive\Desktop\AIML\solar-panel-ai\data\raw\Dusty\Dust (150).jpg,Dust (150).jpg,.jpg,639789,True,,2048,1152,1.7778,3,RGB,JPEG,c4d1e25a8a5d2a2b00a3b2bad545c10d,Dusty,Dusty/Dust (150).jpg
C:\Users\laksh\OneDrive\Desktop\AIML\solar-panel-ai\data\raw\Dusty\Dust (151).jpg,Dust (151).jpg,.jpg,564685,True,,2048,1152,1.7778,3,RGB,JPEG,0eee703654acc3b6a9aefc4779dda0ed,Dusty,Dusty/Dust (151).jpg
C:\Users\laksh\OneDrive\Desktop\AIML\solar-panel-ai\data\raw\Dusty\Dust (152).jpg,Dust (152).jpg,.jpg,331823,True,,2048,1152,1.7778,3,RGB,JPEG,4a66ee5dc9a5e05daa567d9886842b5d,Dusty,Dusty/Dust (152).jpg
C:\Users\laksh\OneDrive\Desktop\AIML\solar-panel-ai\data\raw\Dusty\Dust (153).jpg,Dust (153).jpg,.jpg,506690,True,,2048,1152,1.7778,3,RGB,JPEG,b9b3c31c5462ae7c346e245d5a984453,Dusty,Dusty/Dust (153).jpg
C:\Users\laksh\OneDrive\Desktop\AIML\solar-panel-ai\data\raw\Dusty\Dust (154).jpg,Dust (154).jpg,.jpg,808756,True,,1536,2048,0.75,3,RGB,JPEG,475a92a5693d37f0d437aa2be9116958,Dusty,Dusty/Dust (154).jpg
C:\Users\laksh\OneDrive\Desktop\AIML\solar-panel-ai\data\raw\Dusty\Dust (155).jpg,Dust (155).jpg,.jpg,881316,True,,1536,2048,0.75,3,RGB,JPEG,b61d0c6780055e1bfcac02458995e215,Dusty,Dusty/Dust (155).jpg
C:\Users\laksh\OneDrive\Desktop\AIML\solar-panel-ai\data\raw\Dusty\Dust (156).jpg,Dust (156).jpg,.jpg,94046,True,,720,960,0.75,3,RGB,JPEG,8a002c2afc7ca6e02b54bd2b779b9105,Dusty,Dusty/Dust (156).jpg
C:\Users\laksh\OneDrive\Desktop\AIML\solar-panel-ai\data\raw\Dusty\Dust (157).jpg,Dust (157).jpg,.jpg,181652,True,,960,960,1.0,3,RGB,JPEG,8ac5428000ed7c09f4769f9bf57edfb8,Dusty,Dusty/Dust (157).jpg
C:\Users\laksh\OneDrive\Desktop\AIML\solar-panel-ai\data\raw\Dusty\Dust (158).jpg,Dust (158).jpg,.jpg,609375,True,,2048,1536,1.3333,3,RGB,JPEG,bd1cdd944f51d1bdaf90c74620b42c91,Dusty,Dusty/Dust (158).jpg
C:\Users\laksh\OneDrive\Desktop\AIML\solar-panel-ai\data\raw\Dusty\Dust (159).jpg,Dust (159).jpg,.jpg,561815,True,,1536,2048,0.75,3,RGB,JPEG,a2f538af36bfa9ded4de1e45ab6a8530,Dusty,Dusty/Dust (159).jpg
C:\Users\laksh\OneDrive\Desktop\AIML\solar-panel-ai\data\raw\Dusty\Dust (16).jpg,Dust (16).jpg,.jpg,85548,True,,800,533,1.5009,3,RGB,JPEG,f2ba20fbbe6bd1d1e722d461aa776029,Dusty,Dusty/Dust (16).jpg
C:\Users\laksh\OneDrive\Desktop\AIML\solar-panel-ai\data\raw\Dusty\Dust (160).jpg,Dust (160).jpg,.jpg,673965,True,,2048,1536,1.3333,3,RGB,JPEG,6b0c72965d6ce72042a20fcbba1eb010,Dusty,Dusty/Dust (160).jpg
C:\Users\laksh\OneDrive\Desktop\AIML\solar-panel-ai\data\raw\Dusty\Dust (161).jpg,Dust (161).jpg,.jpg,199924,True,,720,959,0.7508,3,RGB,JPEG,e165ec9485c4eed675a78153246ad280,Dusty,Dusty/Dust (161).jpg
C:\Users\laksh\OneDrive\Desktop\AIML\solar-panel-ai\data\raw\Dusty\Dust (162).jpg,Dust (162).jpg,.jpg,719707,True,,2048,1536,1.3333,3,RGB,JPEG,18d8b415b2bf645c5eeb03562560c5ce,Dusty,Dusty/Dust (162).jpg
C:\Users\laksh\OneDrive\Desktop\AIML\solar-panel-ai\data\raw\Dusty\Dust (163).jpg,Dust (163).jpg,.jpg,92716,True,,626,417,1.5012,3,RGB,JPEG,a29ac30be2c730aaf8b5af8638e305fe,Dusty,Dusty/Dust (163).jpg
C:\Users\laksh\OneDrive\Desktop\AIML\solar-panel-ai\data\raw\Dusty\Dust (164).jpg,Dust (164).jpg,.jpg,8056,True,,285,177,1.6102,3,RGB,JPEG,e36e9df6f714c671ee11482bc6cc8b0a,Dusty,Dusty/Dust (164).jpg
C:\Users\laksh\OneDrive\Desktop\AIML\solar-panel-ai\data\raw\Dusty\Dust (165).jpg,Dust (165).jpg,.jpg,101393,True,,1200,787,1.5248,3,RGB,JPEG,0fb7cf001ad9427d7f36c16cbd916e8d,Dusty,Dusty/Dust (165).jpg
C:\Users\laksh\OneDrive\Desktop\AIML\solar-panel-ai\data\raw\Dusty\Dust (166).jpg,Dust (166).jpg,.jpg,85548,True,,800,533,1.5009,3,RGB,JPEG,f2ba20fbbe6bd1d1e722d461aa776029,Dusty,Dusty/Dust (166).jpg
C:\Users\laksh\OneDrive\Desktop\AIML\solar-panel-ai\data\raw\Dusty\Dust (167).jpg,Dust (167).jpg,.jpg,71893,True,,612,459,1.3333,3,RGB,JPEG,a65057726464cfb568e54622a0897dfd,Dusty,Dusty/Dust (167).jpg
C:\Users\laksh\OneDrive\Desktop\AIML\solar-panel-ai\data\raw\Dusty\Dust (168).jpg,Dust (168).jpg,.jpg,1862134,True,,1500,1101,1.3624,3,RGB,JPEG,baec8bb976b05b24cf23805386b8a021,Dusty,Dusty/Dust (168).jpg
C:\Users\laksh\OneDrive\Desktop\AIML\solar-panel-ai\data\raw\Dusty\Dust (169).jpg,Dust (169).jpg,.jpg,19543,True,,500,332,1.506,3,RGB,JPEG,66663bdc0548f4964e09bdd8385574a3,Dusty,Dusty/Dust (169).jpg
C:\Users\laksh\OneDrive\Desktop\AIML\solar-panel-ai\data\raw\Dusty\Dust (17).jpg,Dust (17).jpg,.jpg,5425115,True,,4032,2268,1.7778,3,RGB,JPEG,28ed489df8b5193514d3175bd041a042,Dusty,Dusty/Dust (17).jpg
C:\Users\laksh\OneDrive\Desktop\AIML\solar-panel-ai\data\raw\Dusty\Dust (170).jpg,Dust (170).jpg,.jpg,6131,True,,299,168,1.7798,3,RGB,JPEG,ad0ad9f45adfb3815905818153db6cf8,Dusty,Dusty/Dust (170).jpg
C:\Users\laksh\OneDrive\Desktop\AIML\solar-panel-ai\data\raw\Dusty\Dust (171).jpg,Dust (171).jpg,.jpg,188813,True,,1200,675,1.7778,3,RGB,JPEG,33c9294c2195e9f05fc1cce97afaf2a0,Dusty,Dusty/Dust (171).jpg
C:\Users\laksh\OneDrive\Desktop\AIML\solar-panel-ai\data\raw\Dusty\Dust (172).jpg,Dust (172).jpg,.jpg,85548,True,,800,533,1.5009,3,RGB,JPEG,f2ba20fbbe6bd1d1e722d461aa776029,Dusty,Dusty/Dust (172).jpg
C:\Users\laksh\OneDrive\Desktop\AIML\solar-panel-ai\data\raw\Dusty\Dust (173).jpg,Dust (173).jpg,.jpg,89142,True,,800,600,1.3333,3,RGB,JPEG,0db42102f461fa1da05c584db584079b,Dusty,Dusty/Dust (173).jpg
C:\Users\laksh\OneDrive\Desktop\AIML\solar-panel-ai\data\raw\Dusty\Dust (174).jpg,Dust (174).jpg,.jpg,161114,True,,500,333,1.5015,3,RGB,JPEG,c9d2aaf686138bf0e7a226706677d4f9,Dusty,Dusty/Dust (174).jpg
C:\Users\laksh\OneDrive\Desktop\AIML\solar-panel-ai\data\raw\Dusty\Dust (175).jpg,Dust (175).jpg,.jpg,325899,True,,1300,866,1.5012,3,RGB,JPEG,5f605ee59c2f12759bac9de08f4e53b6,Dusty,Dusty/Dust (175).jpg
C:\Users\laksh\OneDrive\Desktop\AIML\solar-panel-ai\data\raw\Dusty\Dust (176).jpg,Dust (176).jpg,.jpg,38490,True,,474,355,1.3352,3,RGB,JPEG,1c0175dec0a72fff38924cddd228bbb0,Dusty,Dusty/Dust (176).jpg
C:\Users\laksh\OneDrive\Desktop\AIML\solar-panel-ai\data\raw\Dusty\Dust (177).jpg,Dust (177).jpg,.jpg,353468,True,,1305,734,1.7779,3,RGB,JPEG,69106963ea436b375f69905a4a73c910,Dusty,Dusty/Dust (177).jpg
C:\Users\laksh\OneDrive\Desktop\AIML\solar-panel-ai\data\raw\Dusty\Dust (178).jpg,Dust (178).jpg,.jpg,29286,True,,474,355,1.3352,3,RGB,JPEG,9340d8961677b8a33545b196aa52c142,Dusty,Dusty/Dust (178).jpg
C:\Users\laksh\OneDrive\Desktop\AIML\solar-panel-ai\data\raw\Dusty\Dust (179).jpg,Dust (179).jpg,.jpg,140748,True,,620,464,1.3362,3,RGB,JPEG,8ac1160011c8f59b1169dc4fa71c4e4d,Dusty,Dusty/Dust (179).jpg
C:\Users\laksh\OneDrive\Desktop\AIML\solar-panel-ai\data\raw\Dusty\Dust (18).jpg,Dust (18).jpg,.jpg,165806,True,,640,480,1.3333,3,RGB,JPEG,fe87ed0281f4c3d40d3270525952def8,Dusty,Dusty/Dust (18).jpg
C:\Users\laksh\OneDrive\Desktop\AIML\solar-panel-ai\data\raw\Dusty\Dust (180).jpg,Dust (180).jpg,.jpg,851259,True,,1920,2560,0.75,3,RGB,JPEG,f3654a5262d005d07e874520731bb99f,Dusty,Dusty/Dust (180).jpg
C:\Users\laksh\OneDrive\Desktop\AIML\solar-panel-ai\data\raw\Dusty\Dust (181).jpg,Dust (181).jpg,.jpg,12129,True,,194,259,0.749,3,RGB,JPEG,88ad885c0bc1fbbf0fd245a7de6e4307,Dusty,Dusty/Dust (181).jpg
C:\Users\laksh\OneDrive\Desktop\AIML\solar-panel-ai\data\raw\Dusty\Dust (182).jpg,Dust (182).jpg,.jpg,8191,True,,273,184,1.4837,3,RGB,JPEG,8a3e8b8e8db738ad44fe19253c5da037,Dusty,Dusty/Dust (182).jpg
C:\Users\laksh\OneDrive\Desktop\AIML\solar-panel-ai\data\raw\Dusty\Dust (183).jpg,Dust (183).jpg,.jpg,10559,True,,259,194,1.3351,3,RGB,JPEG,776c91404707fc4a7688742ed9cbd29d,Dusty,Dusty/Dust (183).jpg
C:\Users\laksh\OneDrive\Desktop\AIML\solar-panel-ai\data\raw\Dusty\Dust (184).jpg,Dust (184).jpg,.jpg,10559,True,,259,194,1.3351,3,RGB,JPEG,776c91404707fc4a7688742ed9cbd29d,Dusty,Dusty/Dust (184).jpg
C:\Users\laksh\OneDrive\Desktop\AIML\solar-panel-ai\data\raw\Dusty\Dust (185).jpg,Dust (185).jpg,.jpg,8704,True,,265,190,1.3947,3,RGB,JPEG,9997cf92436b01d41214c61121d1f369,Dusty,Dusty/Dust (185).jpg
C:\Users\laksh\OneDrive\Desktop\AIML\solar-panel-ai\data\raw\Dusty\Dust (186).jpg,Dust (186).jpg,.jpg,11372,True,,201,251,0.8008,3,RGB,JPEG,cd244d0376c86f6b8938cfd4ece92cc6,Dusty,Dusty/Dust (186).jpg
C:\Users\laksh\OneDrive\Desktop\AIML\solar-panel-ai\data\raw\Dusty\Dust (187).jpg,Dust (187).jpg,.jpg,15367,True,,278,181,1.5359,3,RGB,JPEG,a5c5841cf608a86e08b63c02b9eab2a6,Dusty,Dusty/Dust (187).jpg
C:\Users\laksh\OneDrive\Desktop\AIML\solar-panel-ai\data\raw\Dusty\Dust (188).jpg,Dust (188).jpg,.jpg,67719,True,,612,459,1.3333,3,RGB,JPEG,cb6e1fb6d997fade3ec8c2ea47da2b7f,Dusty,Dusty/Dust (188).jpg
C:\Users\laksh\OneDrive\Desktop\AIML\solar-panel-ai\data\raw\Dusty\Dust (189).jpg,Dust (189).jpg,.jpg,56109,True,,612,408,1.5,3,RGB,JPEG,bfbbc37bcbc9b250053ed893de7e6aa7,Dusty,Dusty/Dust (189).jpg
C:\Users\laksh\OneDrive\Desktop\AIML\solar-panel-ai\data\raw\Dusty\Dust (19).jpg,Dust (19).jpg,.jpg,226938,True,,640,480,1.3333,3,RGB,JPEG,6ba942acd96ad3148a8cc693dff68802,Dusty,Dusty/Dust (19).jpg
C:\Users\laksh\OneDrive\Desktop\AIML\solar-panel-ai\data\raw\Dusty\Dust (190).jpg,Dust (190).jpg,.jpg,108075,True,,508,339,1.4985,3,RGB,JPEG,1f3c9ad1b847a902d5d651c5b5d31a66,Dusty,Dusty/Dust (190).jpg
C:\Users\laksh\OneDrive\Desktop\AIML\solar-panel-ai\data\raw\Dusty\Dust (2).jpg,Dust (2).jpg,.jpg,636669,True,,2000,1333,1.5004,3,RGB,JPEG,63b0e2e2913903627a41f41d0efc967f,Dusty,Dusty/Dust (2).jpg
C:\Users\laksh\OneDrive\Desktop\AIML\solar-panel-ai\data\raw\Dusty\Dust (20).jpg,Dust (20).jpg,.jpg,198898,True,,343,280,1.225,4,RGBA,PNG,a86dcb360d78adb5fb81b6b7af8fc919,Dusty,Dusty/Dust (20).jpg
C:\Users\laksh\OneDrive\Desktop\AIML\solar-panel-ai\data\raw\Dusty\Dust (21).jpg,Dust (21).jpg,.jpg,72979,True,,480,360,1.3333,3,RGB,JPEG,f8a9568e3606362f1453cb4698b20653,Dusty,Dusty/Dust (21).jpg
C:\Users\laksh\OneDrive\Desktop\AIML\solar-panel-ai\data\raw\Dusty\Dust (22).jpg,Dust (22).jpg,.jpg,58665,True,,641,360,1.7806,3,RGB,JPEG,f41d1b54351aa539f6c13f7a8429bcb1,Dusty,Dusty/Dust (22).jpg
C:\Users\laksh\OneDrive\Desktop\AIML\solar-panel-ai\data\raw\Dusty\Dust (23).jpg,Dust (23).jpg,.jpg,979025,True,,1848,832,2.2212,3,RGB,JPEG,4a8f3a0b3787dc88d7435d39acf80823,Dusty,Dusty/Dust (23).jpg
C:\Users\laksh\OneDrive\Desktop\AIML\solar-panel-ai\data\raw\Dusty\Dust (24).jpg,Dust (24).jpg,.jpg,888273,True,,887,675,1.3141,4,RGBA,PNG,bc3985344832a9cbb036cea2f337d395,Dusty,Dusty/Dust (24).jpg
C:\Users\laksh\OneDrive\Desktop\AIML\solar-panel-ai\data\raw\Dusty\Dust (25).jpg,Dust (25).jpg,.jpg,3427228,True,,3648,2056,1.7743,3,RGB,JPEG,15e16078c30e25e1acea8662136e2ba3,Dusty,Dusty/Dust (25).jpg
C:\Users\laksh\OneDrive\Desktop\AIML\solar-panel-ai\data\raw\Dusty\Dust (26).jpg,Dust (26).jpg,.jpg,2781221,True,,3648,2056,1.7743,3,RGB,JPEG,3424df1e278e261803761758b68e85f8,Dusty,Dusty/Dust (26).jpg
C:\Users\laksh\OneDrive\Desktop\AIML\solar-panel-ai\data\raw\Dusty\Dust (27).jpg,Dust (27).jpg,.jpg,358705,True,,768,427,1.7986,4,RGBA,PNG,89a4e42481deb2427a34abfdab4e1bc1,Dusty,Dusty/Dust (27).jpg
C:\Users\laksh\OneDrive\Desktop\AIML\solar-panel-ai\data\raw\Dusty\Dust (28).jpg,Dust (28).jpg,.jpg,146472,True,,855,689,1.2409,3,RGB,JPEG,645f11b4222dd796f6f68a1c524e639e,Dusty,Dusty/Dust (28).jpg
C:\Users\laksh\OneDrive\Desktop\AIML\solar-panel-ai\data\raw\Dusty\Dust (29).jpg,Dust (29).jpg,.jpg,129744,True,,1024,538,1.9033,3,RGB,JPEG,9a35cce171780a96a6dd60a2456ece81,Dusty,Dusty/Dust (29).jpg
C:\Users\laksh\OneDrive\Desktop\AIML\solar-panel-ai\data\raw\Dusty\Dust (3).jpg,Dust (3).jpg,.jpg,569732,True,,1536,2048,0.75,3,RGB,JPEG,cd8fa73f90ebd4eef8db6bd829326ad5,Dusty,Dusty/Dust (3).jpg
C:\Users\laksh\OneDrive\Desktop\AIML\solar-panel-ai\data\raw\Dusty\Dust (30).jpg,Dust (30).jpg,.jpg,383162,True,,1300,955,1.3613,3,RGB,JPEG,227eafedeae8eba13873ccebda8fd9eb,Dusty,Dusty/Dust (30).jpg
C:\Users\laksh\OneDrive\Desktop\AIML\solar-panel-ai\data\raw\Dusty\Dust (31).jpg,Dust (31).jpg,.jpg,163022,True,,720,960,0.75,3,RGB,JPEG,0318518dbb55fc5ca7c39ba9a7c9dac7,Dusty,Dusty/Dust (31).jpg
C:\Users\laksh\OneDrive\Desktop\AIML\solar-panel-ai\data\raw\Dusty\Dust (32).jpg,Dust (32).jpg,.jpg,121743,True,,720,960,0.75,3,RGB,JPEG,5d170f0a97967c12d46fddc83a0a3dc1,Dusty,Dusty/Dust (32).jpg
C:\Users\laksh\OneDrive\Desktop\AIML\solar-panel-ai\data\raw\Dusty\Dust (33).jpg,Dust (33).jpg,.jpg,82598,True,,720,960,0.75,3,RGB,JPEG,9762e67e3d81289ae190ab65e5aece2c,Dusty,Dusty/Dust (33).jpg
C:\Users\laksh\OneDrive\Desktop\AIML\solar-panel-ai\data\raw\Dusty\Dust (34).jpg,Dust (34).jpg,.jpg,1878022,True,,1371,2048,0.6694,3,RGB,JPEG,bfdfb58d7c7357c7fc5015d73ec4c5f8,Dusty,Dusty/Dust (34).jpg
C:\Users\laksh\OneDrive\Desktop\AIML\solar-panel-ai\data\raw\Dusty\Dust (35).jpg,Dust (35).jpg,.jpg,636669,True,,2000,1333,1.5004,3,RGB,JPEG,63b0e2e2913903627a41f41d0efc967f,Dusty,Dusty/Dust (35).jpg
C:\Users\laksh\OneDrive\Desktop\AIML\solar-panel-ai\data\raw\Dusty\Dust (36).jpg,Dust (36).jpg,.jpg,153295,True,,350,467,0.7495,3,RGB,JPEG,5c072ea5640da93d0e04089021a0af92,Dusty,Dusty/Dust (36).jpg
C:\Users\laksh\OneDrive\Desktop\AIML\solar-panel-ai\data\raw\Dusty\Dust (37).jpg,Dust (37).jpg,.jpg,1672318,True,,1200,675,1.7778,4,RGBA,PNG,375e11614fc797668e3fc077301d5dd4,Dusty,Dusty/Dust (37).jpg
C:\Users\laksh\OneDrive\Desktop\AIML\solar-panel-ai\data\raw\Dusty\Dust (38).jpg,Dust (38).jpg,.jpg,305003,True,,332,453,0.7329,4,RGBA,PNG,4b0ba809437bc944728d4ab792264190,Dusty,Dusty/Dust (38).jpg
C:\Users\laksh\OneDrive\Desktop\AIML\solar-panel-ai\data\raw\Dusty\Dust (39).jpg,Dust (39).jpg,.jpg,48290,True,,149,250,0.596,4,RGBA,PNG,87aff075aeaa39cefd5b0495468b1c2e,Dusty,Dusty/Dust (39).jpg
C:\Users\laksh\OneDrive\Desktop\AIML\solar-panel-ai\data\raw\Dusty\Dust (4).jpg,Dust (4).jpg,.jpg,434968,True,,1600,1200,1.3333,3,RGB,JPEG,7a8ebeb1f97c92c3d2aecfebc69fd87b,Dusty,Dusty/Dust (4).jpg
C:\Users\laksh\OneDrive\Desktop\AIML\solar-panel-ai\data\raw\Dusty\Dust (40).jpg,Dust (40).jpg,.jpg,304695,True,,2000,1333,1.5004,3,RGB,JPEG,5bd4925d927fc7700e00fcfac95908a7,Dusty,Dusty/Dust (40).jpg
C:\Users\laksh\OneDrive\Desktop\AIML\solar-panel-ai\data\raw\Dusty\Dust (41).jpg,Dust (41).jpg,.jpg,62346,True,,720,960,0.75,3,RGB,JPEG,1eac705de25e13712ea575cfd49c96dd,Dusty,Dusty/Dust (41).jpg
C:\Users\laksh\OneDrive\Desktop\AIML\solar-panel-ai\data\raw\Dusty\Dust (42).jpg,Dust (42).jpg,.jpg,110391,True,,720,960,0.75,3,RGB,JPEG,616f60d5f8a9407c35b9a549fe0a3f0e,Dusty,Dusty/Dust (42).jpg
C:\Users\laksh\OneDrive\Desktop\AIML\solar-panel-ai\data\raw\Dusty\Dust (43).jpg,Dust (43).jpg,.jpg,88622,True,,720,960,0.75,3,RGB,JPEG,8560852663850f08e4ebdeff000241e0,Dusty,Dusty/Dust (43).jpg
C:\Users\laksh\OneDrive\Desktop\AIML\solar-panel-ai\data\raw\Dusty\Dust (44).jpg,Dust (44).jpg,.jpg,110527,True,,720,960,0.75,3,RGB,JPEG,06f85c6756d303f07f93490c84194bab,Dusty,Dusty/Dust (44).jpg
C:\Users\laksh\OneDrive\Desktop\AIML\solar-panel-ai\data\raw\Dusty\Dust (45).jpg,Dust (45).jpg,.jpg,86646,True,,720,960,0.75,3,RGB,JPEG,b32e1f736d965c4a0a754d838933a7bd,Dusty,Dusty/Dust (45).jpg
C:\Users\laksh\OneDrive\Desktop\AIML\solar-panel-ai\data\raw\Dusty\Dust (46).jpg,Dust (46).jpg,.jpg,84341,True,,720,960,0.75,3,RGB,JPEG,2d5c6547e6e305f8539daade5433bf7f,Dusty,Dusty/Dust (46).jpg
C:\Users\laksh\OneDrive\Desktop\AIML\solar-panel-ai\data\raw\Dusty\Dust (47).jpg,Dust (47).jpg,.jpg,90207,True,,720,960,0.75,3,RGB,JPEG,0af6a647490770ae84ee556deb436e0c,Dusty,Dusty/Dust (47).jpg
C:\Users\laksh\OneDrive\Desktop\AIML\solar-panel-ai\data\raw\Dusty\Dust (48).jpg,Dust (48).jpg,.jpg,97262,True,,720,960,0.75,3,RGB,JPEG,eb95a2483df20404ea368f31f167004f,Dusty,Dusty/Dust (48).jpg
C:\Users\laksh\OneDrive\Desktop\AIML\solar-panel-ai\data\raw\Dusty\Dust (49).jpg,Dust (49).jpg,.jpg,89272,True,,720,960,0.75,3,RGB,JPEG,47b6f2d4e92e404a839b2142b9cba4f2,Dusty,Dusty/Dust (49).jpg
C:\Users\laksh\OneDrive\Desktop\AIML\solar-panel-ai\data\raw\Dusty\Dust (5).jpg,Dust (5).jpg,.jpg,35709,True,,165,220,0.75,3,RGB,JPEG,4f517e7e97df50c004658f9e91a05b5b,Dusty,Dusty/Dust (5).jpg
C:\Users\laksh\OneDrive\Desktop\AIML\solar-panel-ai\data\raw\Dusty\Dust (50).jpg,Dust (50).jpg,.jpg,107164,True,,960,720,1.3333,3,RGB,JPEG,b349e2f38c1c054c43c3cabd104a00ae,Dusty,Dusty/Dust (50).jpg
C:\Users\laksh\OneDrive\Desktop\AIML\solar-panel-ai\data\raw\Dusty\Dust (51).jpg,Dust (51).jpg,.jpg,107047,True,,720,960,0.75,3,RGB,JPEG,cc6d94fe0af5f47ed0bed6a4306e4c37,Dusty,Dusty/Dust (51).jpg
C:\Users\laksh\OneDrive\Desktop\AIML\solar-panel-ai\data\raw\Dusty\Dust (52).jpg,Dust (52).jpg,.jpg,104627,True,,720,960,0.75,3,RGB,JPEG,6a31631c9b06b343e77d095affa0c377,Dusty,Dusty/Dust (52).jpg
C:\Users\laksh\OneDrive\Desktop\AIML\solar-panel-ai\data\raw\Dusty\Dust (53).jpg,Dust (53).jpg,.jpg,90142,True,,960,720,1.3333,3,RGB,JPEG,5efd02fdc40e04e7c9886377104b7772,Dusty,Dusty/Dust (53).jpg
C:\Users\laksh\OneDrive\Desktop\AIML\solar-panel-ai\data\raw\Dusty\Dust (54).jpg,Dust (54).jpg,.jpg,155136,True,,720,960,0.75,3,RGB,JPEG,5945ee48faa4888badc1d3abd3fa8017,Dusty,Dusty/Dust (54).jpg
C:\Users\laksh\OneDrive\Desktop\AIML\solar-panel-ai\data\raw\Dusty\Dust (55).jpg,Dust (55).jpg,.jpg,88982,True,,720,960,0.75,3,RGB,JPEG,e9de53bd8c403a400ca6e6153c71d4bc,Dusty,Dusty/Dust (55).jpg
C:\Users\laksh\OneDrive\Desktop\AIML\solar-panel-ai\data\raw\Dusty\Dust (56).jpg,Dust (56).jpg,.jpg,1161292,True,,2048,1536,1.3333,3,RGB,JPEG,bb63c2b8110f7cd7fac287336c7bb5b4,Dusty,Dusty/Dust (56).jpg
C:\Users\laksh\OneDrive\Desktop\AIML\solar-panel-ai\data\raw\Dusty\Dust (57).jpg,Dust (57).jpg,.jpg,46788,True,,720,960,0.75,3,RGB,JPEG,5b4c98fd8459b63bb39a041218166d50,Dusty,Dusty/Dust (57).jpg
C:\Users\laksh\OneDrive\Desktop\AIML\solar-panel-ai\data\raw\Dusty\Dust (58).jpg,Dust (58).jpg,.jpg,1353901,True,,2048,1536,1.3333,3,RGB,JPEG,79981ffbcf6b37cd066da4fcce756a8c,Dusty,Dusty/Dust (58).jpg
C:\Users\laksh\OneDrive\Desktop\AIML\solar-panel-ai\data\raw\Dusty\Dust (59).jpg,Dust (59).jpg,.jpg,78298,True,,720,960,0.75,3,RGB,JPEG,5f3013ef4771ca4cd47fec6504199596,Dusty,Dusty/Dust (59).jpg
C:\Users\laksh\OneDrive\Desktop\AIML\solar-panel-ai\data\raw\Dusty\Dust (6).jpg,Dust (6).jpg,.jpg,3428307,True,,4032,3024,1.3333,3,RGB,JPEG,6179e1a3e2c8b8cb399b95674a241da0,Dusty,Dusty/Dust (6).jpg
C:\Users\laksh\OneDrive\Desktop\AIML\solar-panel-ai\data\raw\Dusty\Dust (60).jpg,Dust (60).jpg,.jpg,674860,True,,1536,2048,0.75,3,RGB,JPEG,ca115d51e801cd61d6486dc156be3afd,Dusty,Dusty/Dust (60).jpg
C:\Users\laksh\OneDrive\Desktop\AIML\solar-panel-ai\data\raw\Dusty\Dust (61).jpg,Dust (61).jpg,.jpg,1106285,True,,2048,1536,1.3333,3,RGB,JPEG,179457cec0c4973ac3d3d65a2dd44ced,Dusty,Dusty/Dust (61).jpg
C:\Users\laksh\OneDrive\Desktop\AIML\solar-panel-ai\data\raw\Dusty\Dust (62).jpg,Dust (62).jpg,.jpg,82534,True,,720,960,0.75,3,RGB,JPEG,f8a89b0bb46c40e1462649663d820a1f,Dusty,Dusty/Dust (62).jpg
C:\Users\laksh\OneDrive\Desktop\AIML\solar-panel-ai\data\raw\Dusty\Dust (63).jpg,Dust (63).jpg,.jpg,109372,True,,720,960,0.75,3,RGB,JPEG,ee225cfad2d777d7cdcf1f0d7fde2276,Dusty,Dusty/Dust (63).jpg
C:\Users\laksh\OneDrive\Desktop\AIML\solar-panel-ai\data\raw\Dusty\Dust (64).jpg,Dust (64).jpg,.jpg,107992,True,,720,960,0.75,3,RGB,JPEG,6c071a765cced6db16b89d329404e692,Dusty,Dusty/Dust (64).jpg
C:\Users\laksh\OneDrive\Desktop\AIML\solar-panel-ai\data\raw\Dusty\Dust (65).jpg,Dust (65).jpg,.jpg,113176,True,,720,960,0.75,3,RGB,JPEG,3ed034c9fc46110a42391e7e6251caef,Dusty,Dusty/Dust (65).jpg
C:\Users\laksh\OneDrive\Desktop\AIML\solar-panel-ai\data\raw\Dusty\Dust (66).jpg,Dust (66).jpg,.jpg,589083,True,,1536,2048,0.75,3,RGB,JPEG,dd3a6b38b25fe7e3ccdd2fb529adea54,Dusty,Dusty/Dust (66).jpg
C:\Users\laksh\OneDrive\Desktop\AIML\solar-panel-ai\data\raw\Dusty\Dust (67).jpg,Dust (67).jpg,.jpg,112167,True,,960,720,1.3333,3,RGB,JPEG,287949351325c553c08ae931eb9be22f,Dusty,Dusty/Dust (67).jpg
C:\Users\laksh\OneDrive\Desktop\AIML\solar-panel-ai\data\raw\Dusty\Dust (68).jpg,Dust (68).jpg,.jpg,119045,True,,720,960,0.75,3,RGB,JPEG,4bab34505782776249124f4125d536a2,Dusty,Dusty/Dust (68).jpg
C:\Users\laksh\OneDrive\Desktop\AIML\solar-panel-ai\data\raw\Dusty\Dust (69).jpg,Dust (69).jpg,.jpg,116739,True,,720,960,0.75,3,RGB,JPEG,e2d75827f93b8c618511b8b225add2df,Dusty,Dusty/Dust (69).jpg
C:\Users\laksh\OneDrive\Desktop\AIML\solar-panel-ai\data\raw\Dusty\Dust (7).jpg,Dust (7).jpg,.jpg,61361,True,,576,323,1.7833,3,RGB,JPEG,83847ff5186427b0a77c47a5c63feeef,Dusty,Dusty/Dust (7).jpg
C:\Users\laksh\OneDrive\Desktop\AIML\solar-panel-ai\data\raw\Dusty\Dust (70).jpg,Dust (70).jpg,.jpg,100564,True,,960,720,1.3333,3,RGB,JPEG,85a8b674e801086058da5b8a97503cc9,Dusty,Dusty/Dust (70).jpg
C:\Users\laksh\OneDrive\Desktop\AIML\solar-panel-ai\data\raw\Dusty\Dust (71).jpg,Dust (71).jpg,.jpg,1048791,True,,2048,1536,1.3333,3,RGB,JPEG,8e63abecc7a1b31af67cd1460dc4a860,Dusty,Dusty/Dust (71).jpg
C:\Users\laksh\OneDrive\Desktop\AIML\solar-panel-ai\data\raw\Dusty\Dust (72).jpg,Dust (72).jpg,.jpg,109173,True,,720,960,0.75,3,RGB,JPEG,39db8bdfd011eb21c44b867a0087accd,Dusty,Dusty/Dust (72).jpg
C:\Users\laksh\OneDrive\Desktop\AIML\solar-panel-ai\data\raw\Dusty\Dust (73).jpg,Dust (73).jpg,.jpg,101952,True,,720,960,0.75,3,RGB,JPEG,9a61b39863dabbca21749ce9da2e5129,Dusty,Dusty/Dust (73).jpg
C:\Users\laksh\OneDrive\Desktop\AIML\solar-panel-ai\data\raw\Dusty\Dust (74).jpg,Dust (74).jpg,.jpg,1186157,True,,2048,1536,1.3333,3,RGB,JPEG,fbbcc9450ac46e8b1a721cf5e7b31928,Dusty,Dusty/Dust (74).jpg
C:\Users\laksh\OneDrive\Desktop\AIML\solar-panel-ai\data\raw\Dusty\Dust (75).jpg,Dust (75).jpg,.jpg,97159,True,,720,960,0.75,3,RGB,JPEG,eaad5fed96a966c78bbc005ed3d38491,Dusty,Dusty/Dust (75).jpg
C:\Users\laksh\OneDrive\Desktop\AIML\solar-panel-ai\data\raw\Dusty\Dust (76).jpg,Dust (76).jpg,.jpg,151087,True,,720,960,0.75,3,RGB,JPEG,a3930ce041d30b4ec812d17fa6945ba1,Dusty,Dusty/Dust (76).jpg
C:\Users\laksh\OneDrive\Desktop\AIML\solar-panel-ai\data\raw\Dusty\Dust (77).jpg,Dust (77).jpg,.jpg,110611,True,,720,960,0.75,3,RGB,JPEG,3bc8f3e8b64f25c24eed1b347b3c457a,Dusty,Dusty/Dust (77).jpg
C:\Users\laksh\OneDrive\Desktop\AIML\solar-panel-ai\data\raw\Dusty\Dust (78).jpg,Dust (78).jpg,.jpg,1212569,True,,2048,1536,1.3333,3,RGB,JPEG,d3cfc102fa79e5bd8fc0eb7fe4b32be4,Dusty,Dusty/Dust (78).jpg
C:\Users\laksh\OneDrive\Desktop\AIML\solar-panel-ai\data\raw\Dusty\Dust (79).jpg,Dust (79).jpg,.jpg,86694,True,,720,960,0.75,3,RGB,JPEG,6d6dd80a756f09dbcf8791d183920835,Dusty,Dusty/Dust (79).jpg
C:\Users\laksh\OneDrive\Desktop\AIML\solar-panel-ai\data\raw\Dusty\Dust (8).jpg,Dust (8).jpg,.jpg,26169,True,,376,250,1.504,3,RGB,JPEG,cbda79f5dd63f28f6c8b28e2868b2d50,Dusty,Dusty/Dust (8).jpg
C:\Users\laksh\OneDrive\Desktop\AIML\solar-panel-ai\data\raw\Dusty\Dust (80).jpg,Dust (80).jpg,.jpg,390211,True,,2048,1152,1.7778,3,RGB,JPEG,fa3798c6dbb62eca7a481a7801a41e3a,Dusty,Dusty/Dust (80).jpg
C:\Users\laksh\OneDrive\Desktop\AIML\solar-panel-ai\data\raw\Dusty\Dust (81).jpg,Dust (81).jpg,.jpg,429348,True,,2048,1152,1.7778,3,RGB,JPEG,dce15afd5fed55ecccf2a9f17a18a7ad,Dusty,Dusty/Dust (81).jpg
C:\Users\laksh\OneDrive\Desktop\AIML\solar-panel-ai\data\raw\Dusty\Dust (82).jpg,Dust (82).jpg,.jpg,274453,True,,2048,1152,1.7778,3,RGB,JPEG,48f8d55af17a8564bc8a6908741b5850,Dusty,Dusty/Dust (82).jpg
C:\Users\laksh\OneDrive\Desktop\AIML\solar-panel-ai\data\raw\Dusty\Dust (83).jpg,Dust (83).jpg,.jpg,3427228,True,,3648,2056,1.7743,3,RGB,JPEG,15e16078c30e25e1acea8662136e2ba3,Dusty,Dusty/Dust (83).jpg
C:\Users\laksh\OneDrive\Desktop\AIML\solar-panel-ai\data\raw\Dusty\Dust (84).jpg,Dust (84).jpg,.jpg,321256,True,,2048,1152,1.7778,3,RGB,JPEG,456df5e9ea5ec12ecd625a4b018370ef,Dusty,Dusty/Dust (84).jpg
C:\Users\laksh\OneDrive\Desktop\AIML\solar-panel-ai\data\raw\Dusty\Dust (85).jpg,Dust (85).jpg,.jpg,237471,True,,2048,1152,1.7778,3,RGB,JPEG,32f01f5a925272a42069fb24ada45a28,Dusty,Dusty/Dust (85).jpg
C:\Users\laksh\OneDrive\Desktop\AIML\solar-panel-ai\data\raw\Dusty\Dust (86).jpg,Dust (86).jpg,.jpg,273232,True,,2048,1152,1.7778,3,RGB,JPEG,aac81fbffa414803a3c32e9f060c610d,Dusty,Dusty/Dust (86).jpg
C:\Users\laksh\OneDrive\Desktop\AIML\solar-panel-ai\data\raw\Dusty\Dust (87).jpg,Dust (87).jpg,.jpg,268387,True,,2048,1152,1.7778,3,RGB,JPEG,1cfff675c4b5e9c607bc9e7da834777f,Dusty,Dusty/Dust (87).jpg
C:\Users\laksh\OneDrive\Desktop\AIML\solar-panel-ai\data\raw\Dusty\Dust (88).jpg,Dust (88).jpg,.jpg,292086,True,,2048,1152,1.7778,3,RGB,JPEG,3ddce451ff4a20e4c9f0ee7963d8d5b9,Dusty,Dusty/Dust (88).jpg
C:\Users\laksh\OneDrive\Desktop\AIML\solar-panel-ai\data\raw\Dusty\Dust (89).jpg,Dust (89).jpg,.jpg,458260,True,,2048,1152,1.7778,3,RGB,JPEG,62d0b8c8e98b4ed6b451f2ead671eba3,Dusty,Dusty/Dust (89).jpg
C:\Users\laksh\OneDrive\Desktop\AIML\solar-panel-ai\data\raw\Dusty\Dust (9).jpg,Dust (9).jpg,.jpg,289770,True,,800,450,1.7778,3,RGB,JPEG,7cceb1332a831862e6a7e60e5aed6f00,Dusty,Dusty/Dust (9).jpg
C:\Users\laksh\OneDrive\Desktop\AIML\solar-panel-ai\data\raw\Dusty\Dust (90).jpg,Dust (90).jpg,.jpg,403124,True,,2048,1152,1.7778,3,RGB,JPEG,c2d3e030501ad8bac8907da951274d9c,Dusty,Dusty/Dust (90).jpg
C:\Users\laksh\OneDrive\Desktop\AIML\solar-panel-ai\data\raw\Dusty\Dust (91).jpg,Dust (91).jpg,.jpg,349844,True,,2048,1152,1.7778,3,RGB,JPEG,9711884991cc333d2ba737e990e0aed1,Dusty,Dusty/Dust (91).jpg
C:\Users\laksh\OneDrive\Desktop\AIML\solar-panel-ai\data\raw\Dusty\Dust (92).jpg,Dust (92).jpg,.jpg,465279,True,,2048,1152,1.7778,3,RGB,JPEG,2ae1bec2390729f809816d800b00581d,Dusty,Dusty/Dust (92).jpg
C:\Users\laksh\OneDrive\Desktop\AIML\solar-panel-ai\data\raw\Dusty\Dust (93).jpg,Dust (93).jpg,.jpg,398167,True,,2048,921,2.2237,3,RGB,JPEG,a6762f80f49c84165f6a1b00dea7ed92,Dusty,Dusty/Dust (93).jpg
C:\Users\laksh\OneDrive\Desktop\AIML\solar-panel-ai\data\raw\Dusty\Dust (94).jpg,Dust (94).jpg,.jpg,430865,True,,2048,1152,1.7778,3,RGB,JPEG,2b9ca783ab91c21d99a65fdd1ff47b85,Dusty,Dusty/Dust (94).jpg
C:\Users\laksh\OneDrive\Desktop\AIML\solar-panel-ai\data\raw\Dusty\Dust (95).jpg,Dust (95).jpg,.jpg,382063,True,,2048,921,2.2237,3,RGB,JPEG,b989d503074cd9a2e4034bed0c594478,Dusty,Dusty/Dust (95).jpg
C:\Users\laksh\OneDrive\Desktop\AIML\solar-panel-ai\data\raw\Dusty\Dust (96).jpg,Dust (96).jpg,.jpg,433774,True,,2048,1152,1.7778,3,RGB,JPEG,37a03b3c4d958fe57a0af843e90ac7ee,Dusty,Dusty/Dust (96).jpg
C:\Users\laksh\OneDrive\Desktop\AIML\solar-panel-ai\data\raw\Dusty\Dust (97).jpg,Dust (97).jpg,.jpg,408285,True,,2048,921,2.2237,3,RGB,JPEG,938488b4dc31ae33167d777d7cee9eb9,Dusty,Dusty/Dust (97).jpg
C:\Users\laksh\OneDrive\Desktop\AIML\solar-panel-ai\data\raw\Dusty\Dust (98).jpg,Dust (98).jpg,.jpg,2736911,True,,3024,3024,1.0,3,RGB,JPEG,14cc0670278d672d461386b4f56e931f,Dusty,Dusty/Dust (98).jpg
C:\Users\laksh\OneDrive\Desktop\AIML\solar-panel-ai\data\raw\Dusty\Dust (99).jpg,Dust (99).jpg,.jpg,231480,True,,2048,921,2.2237,3,RGB,JPEG,a6bd27ea29c239a63c04f5068fb23c64,Dusty,Dusty/Dust (99).jpg
C:\Users\laksh\OneDrive\Desktop\AIML\solar-panel-ai\data\raw\Electrical-damage\Electrical (1).jpg,Electrical (1).jpg,.jpg,85252,True,,640,450,1.4222,3,RGB,JPEG,628188b724bb1dd1edc8b6d8d7fe5e4b,Electrical-damage,Electrical-damage/Electrical (1).jpg
C:\Users\laksh\OneDrive\Desktop\AIML\solar-panel-ai\data\raw\Electrical-damage\Electrical (1).png,Electrical (1).png,.png,288961,True,,400,288,1.3889,3,RGB,PNG,5b78733b2f6866daa3df330afaa8de5a,Electrical-damage,Electrical-damage/Electrical (1).png
C:\Users\laksh\OneDrive\Desktop\AIML\solar-panel-ai\data\raw\Electrical-damage\Electrical (10).jpg,Electrical (10).jpg,.jpg,47908,True,,624,416,1.5,3,RGB,JPEG,313a46ae3c1a2dc335f60ae670565246,Electrical-damage,Electrical-damage/Electrical (10).jpg
C:\Users\laksh\OneDrive\Desktop\AIML\solar-panel-ai\data\raw\Electrical-damage\Electrical (11).jpg,Electrical (11).jpg,.jpg,46998,True,,474,632,0.75,3,RGB,JPEG,b5ee6500c3ff9742c0103e0524e92f2e,Electrical-damage,Electrical-damage/Electrical (11).jpg
C:\Users\laksh\OneDrive\Desktop\AIML\solar-panel-ai\data\raw\Electrical-damage\Electrical (12).jpg,Electrical (12).jpg,.jpg,19311,True,,474,231,2.0519,3,RGB,JPEG,426c1d45e54ea382064b17512fd410ae,Electrical-damage,Electrical-damage/Electrical (12).jpg
C:\Users\laksh\OneDrive\Desktop\AIML\solar-panel-ai\data\raw\Electrical-damage\Electrical (13).jpg,Electrical (13).jpg,.jpg,27546,True,,474,317,1.4953,3,RGB,JPEG,1e90e05ed0ead668b309eff57ba62c20,Electrical-damage,Electrical-damage/Electrical (13).jpg
C:\Users\laksh\OneDrive\Desktop\AIML\solar-panel-ai\data\raw\Electrical-damage\Electrical (14).jpg,Electrical (14).jpg,.jpg,68422,True,,474,632,0.75,3,RGB,JPEG,e0db3e5a7714e73c822aa5d7d0e71bbc,Electrical-damage,Electrical-damage/Electrical (14).jpg
C:\Users\laksh\OneDrive\Desktop\AIML\solar-panel-ai\data\raw\Electrical-damage\Electrical (15).jpg,Electrical (15).jpg,.jpg,34342,True,,474,297,1.596,3,RGB,JPEG,593632c1fcaa872762ae79bc4d808720,Electrical-damage,Electrical-damage/Electrical (15).jpg
C:\Users\laksh\OneDrive\Desktop\AIML\solar-panel-ai\data\raw\Electrical-damage\Electrical (16).jpg,Electrical (16).jpg,.jpg,30694,True,,474,316,1.5,3,RGB,JPEG,a661f63e3b18b3139ac6ff2660e1f353,Electrical-damage,Electrical-damage/Electrical (16).jpg
C:\Users\laksh\OneDrive\Desktop\AIML\solar-panel-ai\data\raw\Electrical-damage\Electrical (17).jpg,Electrical (17).jpg,.jpg,36486,True,,384,402,0.9552,3,RGB,JPEG,b806e64f8708d56b86497c505860de3e,Electrical-damage,Electrical-damage/Electrical (17).jpg
C:\Users\laksh\OneDrive\Desktop\AIML\solar-panel-ai\data\raw\Electrical-damage\Electrical (18).jpg,Electrical (18).jpg,.jpg,31082,True,,489,367,1.3324,3,RGB,JPEG,e54554193e8caf8c6365093d26316f41,Electrical-damage,Electrical-damage/Electrical (18).jpg
C:\Users\laksh\OneDrive\Desktop\AIML\solar-panel-ai\data\raw\Electrical-damage\Electrical (19).jpg,Electrical (19).jpg,.jpg,31427,True,,474,316,1.5,3,RGB,JPEG,8816cfef1cfcb47bf7ae0df9700a926e,Electrical-damage,Electrical-damage/Electrical (19).jpg
C:\Users\laksh\OneDrive\Desktop\AIML\solar-panel-ai\data\raw\Electrical-damage\Electrical (2).JPG,Electrical (2).JPG,.jpg,32605,True,,390,310,1.2581,3,RGB,JPEG,e0e7e06531574864565ea53da958c5d5,Electrical-damage,Electrical-damage/Electrical (2).JPG
C:\Users\laksh\OneDrive\Desktop\AIML\solar-panel-ai\data\raw\Electrical-damage\Electrical (2).png,Electrical (2).png,.png,95547,True,,564,734,0.7684,3,RGB,JPEG,82318352c7ba8d4759e093f58f93176a,Electrical-damage,Electrical-damage/Electrical (2).png
C:\Users\laksh\OneDrive\Desktop\AIML\solar-panel-ai\data\raw\Electrical-damage\Electrical (20).jpg,Electrical (20).jpg,.jpg,512903,True,,3024,2592,1.1667,3,RGB,JPEG,52c07d567bf3163d2e0dfe4f77bee59f,Electrical-damage,Electrical-damage/Electrical (20).jpg
C:\Users\laksh\OneDrive\Desktop\AIML\solar-panel-ai\data\raw\Electrical-damage\Electrical (21).jpg,Electrical (21).jpg,.jpg,26878,True,,474,316,1.5,3,RGB,JPEG,3b905cc7b23261aaf693b785267c3dab,Electrical-damage,Electrical-damage/Electrical (21).jpg
C:\Users\laksh\OneDrive\Desktop\AIML\solar-panel-ai\data\raw\Electrical-damage\Electrical (22).jpg,Electrical (22).jpg,.jpg,20363,True,,400,269,1.487,3,RGB,JPEG,86aaa77499262b17287a0ec61460a0e1,Electrical-damage,Electrical-damage/Electrical (22).jpg
C:\Users\laksh\OneDrive\Desktop\AIML\solar-panel-ai\data\raw\Electrical-damage\Electrical (23).jpg,Electrical (23).jpg,.jpg,35469,True,,456,398,1.1457,3,RGB,JPEG,3e9fae690e34efd48d1b8fcac8d9247f,Electrical-damage,Electrical-damage/Electrical (23).jpg
C:\Users\laksh\OneDrive\Desktop\AIML\solar-panel-ai\data\raw\Electrical-damage\Electrical (24).jpg,Electrical (24).jpg,.jpg,24853,True,,474,266,1.782,3,RGB,JPEG,a657df18304bc1c70b70ed07c5ba10cf,Electrical-damage,Electrical-damage/Electrical (24).jpg
C:\Users\laksh\OneDrive\Desktop\AIML\solar-panel-ai\data\raw\Electrical-damage\Electrical (25).jpg,Electrical (25).jpg,.jpg,38385,True,,334,499,0.6693,3,RGB,JPEG,cb6c1ef0a273c98a8421fab531011dd1,Electrical-damage,Electrical-damage/Electrical (25).jpg
C:\Users\laksh\OneDrive\Desktop\AIML\solar-panel-ai\data\raw\Electrical-damage\Electrical (26).jpg,Electrical (26).jpg,.jpg,27199,True,,474,266,1.782,3,RGB,JPEG,620dcffb8cd7154b2e6c20495fecfbe7,Electrical-damage,Electrical-damage/Electrical (26).jpg
C:\Users\laksh\OneDrive\Desktop\AIML\solar-panel-ai\data\raw\Electrical-damage\Electrical (27).jpg,Electrical (27).jpg,.jpg,25382,True,,474,266,1.782,3,RGB,JPEG,73a09e1d1c205de14d82e655445c7e94,Electrical-damage,Electrical-damage/Electrical (27).jpg
C:\Users\laksh\OneDrive\Desktop\AIML\solar-panel-ai\data\raw\Electrical-damage\Electrical (28).jpg,Electrical (28).jpg,.jpg,478642,True,,3840,2592,1.4815,3,RGB,JPEG,3d1c25090709dec6e30092e9a25fa8e8,Electrical-damage,Electrical-damage/Electrical (28).jpg
C:\Users\laksh\OneDrive\Desktop\AIML\solar-panel-ai\data\raw\Electrical-damage\Electrical (29).jpg,Electrical (29).jpg,.jpg,31082,True,,489,367,1.3324,3,RGB,JPEG,e54554193e8caf8c6365093d26316f41,Electrical-damage,Electrical-damage/Electrical (29).jpg
C:\Users\laksh\OneDrive\Desktop\AIML\solar-panel-ai\data\raw\Electrical-damage\Electrical (3).JPG,Electrical (3).JPG,.jpg,103402,True,,1024,766,1.3368,3,RGB,JPEG,3f8f200acd813380fcd38c5078e171e9,Electrical-damage,Electrical-damage/Electrical (3).JPG
C:\Users\laksh\OneDrive\Desktop\AIML\solar-panel-ai\data\raw\Electrical-damage\Electrical (3).png,Electrical (3).png,.png,288961,True,,400,288,1.3889,3,RGB,PNG,5b78733b2f6866daa3df330afaa8de5a,Electrical-damage,Electrical-damage/Electrical (3).png
C:\Users\laksh\OneDrive\Desktop\AIML\solar-panel-ai\data\raw\Electrical-damage\Electrical (30).jpg,Electrical (30).jpg,.jpg,111465,True,,1024,682,1.5015,3,RGB,JPEG,e8d1db6cdae07e274ac556addffd84ce,Electrical-damage,Electrical-damage/Electrical (30).jpg
C:\Users\laksh\OneDrive\Desktop\AIML\solar-panel-ai\data\raw\Electrical-damage\Electrical (31).jpg,Electrical (31).jpg,.jpg,226912,True,,1920,1200,1.6,3,RGB,JPEG,76fbad83d12631b9d2364a2a9ac8781a,Electrical-damage,Electrical-damage/Electrical (31).jpg
C:\Users\laksh\OneDrive\Desktop\AIML\solar-panel-ai\data\raw\Electrical-damage\Electrical (32).jpg,Electrical (32).jpg,.jpg,24259,True,,474,226,2.0973,3,RGB,JPEG,b78e086cf35a625722671411f6813583,Electrical-damage,Electrical-damage/Electrical (32).jpg
C:\Users\laksh\OneDrive\Desktop\AIML\solar-panel-ai\data\raw\Electrical-damage\Electrical (33).jpg,Electrical (33).jpg,.jpg,14975,True,,164,300,0.5467,3,RGB,JPEG,bfb56383e572ab36b71bc49627ad6c7e,Electrical-damage,Electrical-damage/Electrical (33).jpg
C:\Users\laksh\OneDrive\Desktop\AIML\solar-panel-ai\data\raw\Electrical-damage\Electrical (34).jpg,Electrical (34).jpg,.jpg,65337,True,,334,499,0.6693,3,RGB,JPEG,abcb84a4408812db3f8220c18520e9b6,Electrical-damage,Electrical-damage/Electrical (34).jpg
C:\Users\laksh\OneDrive\Desktop\AIML\solar-panel-ai\data\raw\Electrical-damage\Electrical (35).jpg,Electrical (35).jpg,.jpg,174204,True,,640,480,1.3333,3,RGB,JPEG,5e2875cfbc71bafc99b6771cd7590ce8,Electrical-damage,Electrical-damage/Electrical (35).jpg
C:\Users\laksh\OneDrive\Desktop\AIML\solar-panel-ai\data\raw\Electrical-damage\Electrical (36).jpg,Electrical (36).jpg,.jpg,784765,True,,2560,1536,1.6667,3,RGB,JPEG,1113829505693bb7d8bd371ca5407c38,Electrical-damage,Electrical-damage/Electrical (36).jpg
C:\Users\laksh\OneDrive\Desktop\AIML\solar-panel-ai\data\raw\Electrical-damage\Electrical (37).jpg,Electrical (37).jpg,.jpg,60331,True,,622,415,1.4988,3,RGB,JPEG,ddad91e49bc35946a3c1d1b4ebcba280,Electrical-damage,Electrical-damage/Electrical (37).jpg
C:\Users\laksh\OneDrive\Desktop\AIML\solar-panel-ai\data\raw\Electrical-damage\Electrical (38).jpg,Electrical (38).jpg,.jpg,59030,True,,450,273,1.6484,3,RGB,JPEG,bd89fe5d0188742216b4e7a40a8b433d,Electrical-damage,Electrical-damage/Electrical (38).jpg
C:\Users\laksh\OneDrive\Desktop\AIML\solar-panel-ai\data\raw\Electrical-damage\Electrical (39).jpg,Electrical (39).jpg,.jpg,28012,True,,448,336,1.3333,3,RGB,JPEG,acd44ee75773780318dd1ba80c5a896a,Electrical-damage,Electrical-damage/Electrical (39).jpg
C:\Users\laksh\OneDrive\Desktop\AIML\solar-panel-ai\data\raw\Electrical-damage\Electrical (4).JPG,Electrical (4).JPG,.jpg,28530,True,,482,279,1.7276,3,RGB,JPEG,90bdfa5cef460874bbbd51d7390fc3d2,Electrical-damage,Electrical-damage/Electrical (4).JPG
C:\Users\laksh\OneDrive\Desktop\AIML\solar-panel-ai\data\raw\Electrical-damage\Electrical (4).png,Electrical (4).png,.png,312064,True,,500,313,1.5974,4,RGBA,PNG,7671bfd39098271e3d67a66e99cf4d4f,Electrical-damage,Electrical-damage/Electrical (4).png
C:\Users\laksh\OneDrive\Desktop\AIML\solar-panel-ai\data\raw\Electrical-damage\Electrical (40).jpg,Electrical (40).jpg,.jpg,31836,True,,333,250,1.332,3,RGB,JPEG,7a402389cbb67d0cc08a4b0ce21dc010,Electrical-damage,Electrical-damage/Electrical (40).jpg
C:\Users\laksh\OneDrive\Desktop\AIML\solar-panel-ai\data\raw\Electrical-damage\Electrical (41).jpg,Electrical (41).jpg,.jpg,243007,True,,1625,916,1.774,3,RGB,JPEG,b51967b86f3f550f6231497d836e2dbd,Electrical-damage,Electrical-damage/Electrical (41).jpg
C:\Users\laksh\OneDrive\Desktop\AIML\solar-panel-ai\data\raw\Electrical-damage\Electrical (42).jpg,Electrical (42).jpg,.jpg,52163,True,,384,512,0.75,3,RGB,JPEG,6e4dd68f2671a33417d70977ba7deffa,Electrical-damage,Electrical-damage/Electrical (42).jpg
C:\Users\laksh\OneDrive\Desktop\AIML\solar-panel-ai\data\raw\Electrical-damage\Electrical (43).jpg,Electrical (43).jpg,.jpg,501400,True,,2400,1600,1.5,3,RGB,JPEG,ca26d777c400e350c46a1f68d1c8ee01,Electrical-damage,Electrical-damage/Electrical (43).jpg
C:\Users\laksh\OneDrive\Desktop\AIML\solar-panel-ai\data\raw\Electrical-damage\Electrical (44).jpg,Electrical (44).jpg,.jpg,60331,True,,622,415,1.4988,3,RGB,JPEG,ddad91e49bc35946a3c1d1b4ebcba280,Electrical-damage,Electrical-damage/Electrical (44).jpg
C:\Users\laksh\OneDrive\Desktop\AIML\solar-panel-ai\data\raw\Electrical-damage\Electrical (45).jpg,Electrical (45).jpg,.jpg,174204,True,,640,480,1.3333,3,RGB,JPEG,5e2875cfbc71bafc99b6771cd7590ce8,Electrical-damage,Electrical-damage/Electrical (45).jpg
C:\Users\laksh\OneDrive\Desktop\AIML\solar-panel-ai\data\raw\Electrical-damage\Electrical (46).jpg,Electrical (46).jpg,.jpg,311432,True,,1200,806,1.4888,3,RGB,JPEG,c4cea9d1243776b87042b54162852256,Electrical-damage,Electrical-damage/Electrical (46).jpg
C:\Users\laksh\OneDrive\Desktop\AIML\solar-panel-ai\data\raw\Electrical-damage\Electrical (47).jpg,Electrical (47).jpg,.jpg,78215,True,,730,317,2.3028,3,RGB,JPEG,21d5f6f02bf3538c00911e989a0a8a31,Electrical-damage,Electrical-damage/Electrical (47).jpg
C:\Users\laksh\OneDrive\Desktop\AIML\solar-panel-ai\data\raw\Electrical-damage\Electrical (48).jpg,Electrical (48).jpg,.jpg,12918,True,,272,204,1.3333,3,RGB,JPEG,34d98c94787805d06fc187b45b84e355,Electrical-damage,Electrical-damage/Electrical (48).jpg
C:\Users\laksh\OneDrive\Desktop\AIML\solar-panel-ai\data\raw\Electrical-damage\Electrical (49).jpg,Electrical (49).jpg,.jpg,14924,True,,300,200,1.5,3,RGB,JPEG,f68cc802dc7bc11c209a617922126577,Electrical-damage,Electrical-damage/Electrical (49).jpg
C:\Users\laksh\OneDrive\Desktop\AIML\solar-panel-ai\data\raw\Electrical-damage\Electrical (5).jpg,Electrical (5).jpg,.jpg,61089,True,,474,631,0.7512,3,RGB,JPEG,55420c447b04f8e65671f301dbe00935,Electrical-damage,Electrical-damage/Electrical (5).jpg
C:\Users\laksh\OneDrive\Desktop\AIML\solar-panel-ai\data\raw\Electrical-damage\Electrical (50).jpg,Electrical (50).jpg,.jpg,8585,True,,246,301,0.8173,3,RGB,JPEG,2f6225315d91c028975c06020a042174,Electrical-damage,Electrical-damage/Electrical (50).jpg
C:\Users\laksh\OneDrive\Desktop\AIML\solar-panel-ai\data\raw\Electrical-damage\Electrical (51).jpg,Electrical (51).jpg,.jpg,73403,True,,600,450,1.3333,3,RGB,JPEG,1de6e9b66b9f682612d26c8cddc468ad,Electrical-damage,Electrical-damage/Electrical (51).jpg
C:\Users\laksh\OneDrive\Desktop\AIML\solar-panel-ai\data\raw\Electrical-damage\Electrical (52).jpg,Electrical (52).jpg,.jpg,37873,True,,384,402,0.9552,3,RGB,JPEG,5e5619558c06d26b12b8bf2c603b8caf,Electrical-damage,Electrical-damage/Electrical (52).jpg
C:\Users\laksh\OneDrive\Desktop\AIML\solar-panel-ai\data\raw\Electrical-damage\Electrical (53).JPG,Electrical (53).JPG,.jpg,122927,True,,564,770,0.7325,3,RGB,JPEG,5f650901aec10b85e64efa97ef34930f,Electrical-damage,Electrical-damage/Electrical (53).JPG
C:\Users\laksh\OneDrive\Desktop\AIML\solar-panel-ai\data\raw\Electrical-damage\Electrical (54).jpg,Electrical (54).jpg,.jpg,22575,True,,443,222,1.9955,3,RGB,JPEG,dbcf59d6944a02fe99afc6fba4d97622,Electrical-damage,Electrical-damage/Electrical (54).jpg
C:\Users\laksh\OneDrive\Desktop\AIML\solar-panel-ai\data\raw\Electrical-damage\Electrical (55).jpg,Electrical (55).jpg,.jpg,348753,True,,4000,3000,1.3333,3,RGB,JPEG,e8f99c527a44bf80c406d4eb0c476828,Electrical-damage,Electrical-damage/Electrical (55).jpg
C:\Users\laksh\OneDrive\Desktop\AIML\solar-panel-ai\data\raw\Electrical-damage\Electrical (56).jpg,Electrical (56).jpg,.jpg,80058,True,,513,405,1.2667,3,RGB,JPEG,82c1e3d09e92274a5c38dc88bd6282e3,Electrical-damage,Electrical-damage/Electrical (56).jpg
C:\Users\laksh\OneDrive\Desktop\AIML\solar-panel-ai\data\raw\Electrical-damage\Electrical (57).JPG,Electrical (57).JPG,.jpg,47285,True,,492,364,1.3516,3,RGB,JPEG,e98dca6227beacdd075758ef36b71475,Electrical-damage,Electrical-damage/Electrical (57).JPG
C:\Users\laksh\OneDrive\Desktop\AIML\solar-panel-ai\data\raw\Electrical-damage\Electrical (58).jpg,Electrical (58).jpg,.jpg,68087,True,,482,230,2.0957,3,RGB,JPEG,f048a4075ddb81f65b5164a208c137f1,Electrical-damage,Electrical-damage/Electrical (58).jpg
C:\Users\laksh\OneDrive\Desktop\AIML\solar-panel-ai\data\raw\Electrical-damage\Electrical (59).jpg,Electrical (59).jpg,.jpg,229901,True,,850,566,1.5018,3,RGB,JPEG,1e2c9078467561d490d04d571bfeb5c8,Electrical-damage,Electrical-damage/Electrical (59).jpg
C:\Users\laksh\OneDrive\Desktop\AIML\solar-panel-ai\data\raw\Electrical-damage\Electrical (6).jpg,Electrical (6).jpg,.jpg,41236,True,,474,355,1.3352,3,RGB,JPEG,1f49a655ec826a49308605969f6c853e,Electrical-damage,Electrical-damage/Electrical (6).jpg
C:\Users\laksh\OneDrive\Desktop\AIML\solar-panel-ai\data\raw\Electrical-damage\Electrical (60).jpg,Electrical (60).jpg,.jpg,28614,True,,450,285,1.5789,3,RGB,JPEG,c4bdd869ba876f090936dbe00cc85081,Electrical-damage,Electrical-damage/Electrical (60).jpg
C:\Users\laksh\OneDrive\Desktop\AIML\solar-panel-ai\data\raw\Electrical-damage\Electrical (61).jpg,Electrical (61).jpg,.jpg,5140873,True,,3024,5376,0.5625,3,RGB,JPEG,a857441599e62aa953c550197f30cd8a,Electrical-damage,Electrical-damage/Electrical (61).jpg
C:\Users\laksh\OneDrive\Desktop\AIML\solar-panel-ai\data\raw\Electrical-damage\Electrical (62).jpg,Electrical (62).jpg,.jpg,35651,True,,430,205,2.0976,3,RGB,JPEG,63d80d36e2bd48917d06178c7f597c40,Electrical-damage,Electrical-damage/Electrical (62).jpg
C:\Users\laksh\OneDrive\Desktop\AIML\solar-panel-ai\data\raw\Electrical-damage\Electrical (63).jpg,Electrical (63).jpg,.jpg,85252,True,,640,450,1.4222,3,RGB,JPEG,628188b724bb1dd1edc8b6d8d7fe5e4b,Electrical-damage,Electrical-damage/Electrical (63).jpg
C:\Users\laksh\OneDrive\Desktop\AIML\solar-panel-ai\data\raw\Electrical-damage\Electrical (64).JPG,Electrical (64).JPG,.jpg,47759,True,,387,275,1.4073,3,RGB,JPEG,6d35afb4ddc35b356debec94a7fbbfb4,Electrical-damage,Electrical-damage/Electrical (64).JPG
C:\Users\laksh\OneDrive\Desktop\AIML\solar-panel-ai\data\raw\Electrical-damage\Electrical (65).JPG,Electrical (65).JPG,.jpg,69315,True,,530,785,0.6752,3,RGB,JPEG,57298270cb0adab0fd211bbcb9404f6a,Electrical-damage,Electrical-damage/Electrical (65).JPG
C:\Users\laksh\OneDrive\Desktop\AIML\solar-panel-ai\data\raw\Electrical-damage\Electrical (66).JPG,Electrical (66).JPG,.jpg,92763,True,,578,778,0.7429,3,RGB,JPEG,66c67bfc3a0d13b57325d2770743eb79,Electrical-damage,Electrical-damage/Electrical (66).JPG
C:\Users\laksh\OneDrive\Desktop\AIML\solar-panel-ai\data\raw\Electrical-damage\Electrical (67).JPG,Electrical (67).JPG,.jpg,157823,True,,589,769,0.7659,3,RGB,JPEG,3df399151db97c00ed041131f59f7c02,Electrical-damage,Electrical-damage/Electrical (67).JPG
C:\Users\laksh\OneDrive\Desktop\AIML\solar-panel-ai\data\raw\Electrical-damage\Electrical (68).JPG,Electrical (68).JPG,.jpg,113151,True,,1038,785,1.3223,3,RGB,JPEG,278edc3727e53578bab7f42e1c55c639,Electrical-damage,Electrical-damage/Electrical (68).JPG
C:\Users\laksh\OneDrive\Desktop\AIML\solar-panel-ai\data\raw\Electrical-damage\Electrical (69).jpg,Electrical (69).jpg,.jpg,85375,True,,768,366,2.0984,3,RGB,JPEG,af157595a6acd680e7b6f3c35bc3da12,Electrical-damage,Electrical-damage/Electrical (69).jpg
C:\Users\laksh\OneDrive\Desktop\AIML\solar-panel-ai\data\raw\Electrical-damage\Electrical (7).jpg,Electrical (7).jpg,.jpg,36891,True,,474,355,1.3352,3,RGB,JPEG,ae6cd13b7b2de56035bfa799956b7ebf,Electrical-damage,Electrical-damage/Electrical (7).jpg
C:\Users\laksh\OneDrive\Desktop\AIML\solar-panel-ai\data\raw\Electrical-damage\Electrical (70).jpg,Electrical (70).jpg,.jpg,111401,True,,1200,800,1.5,3,RGB,JPEG,880c42e30ef6c53af16bc7d38e84a586,Electrical-damage,Electrical-damage/Electrical (70).jpg
C:\Users\laksh\OneDrive\Desktop\AIML\solar-panel-ai\data\raw\Electrical-damage\Electrical (71).jpg,Electrical (71).jpg,.jpg,40694,True,,460,345,1.3333,3,RGB,JPEG,53f7ced8a3a81014eea247e89d7702e6,Electrical-damage,Electrical-damage/Electrical (71).jpg
C:\Users\laksh\OneDrive\Desktop\AIML\solar-panel-ai\data\raw\Electrical-damage\Electrical (72).jpg,Electrical (72).jpg,.jpg,25752,True,,300,300,1.0,3,RGB,JPEG,ccc8090b4932ea8c6ae4d42bdbe8e4c7,Electrical-damage,Electrical-damage/Electrical (72).jpg
C:\Users\laksh\OneDrive\Desktop\AIML\solar-panel-ai\data\raw\Electrical-damage\Electrical (73).JPG,Electrical (73).JPG,.jpg,66496,True,,677,332,2.0392,3,RGB,JPEG,8a36674b49150ec8b1d4e36f833f3d6a,Electrical-damage,Electrical-damage/Electrical (73).JPG
C:\Users\laksh\OneDrive\Desktop\AIML\solar-panel-ai\data\raw\Electrical-damage\Electrical (74).jpg,Electrical (74).jpg,.jpg,75333,True,,456,398,1.1457,3,RGB,JPEG,e9baa6ed08cc3f3cfde219d1c72a72c0,Electrical-damage,Electrical-damage/Electrical (74).jpg
C:\Users\laksh\OneDrive\Desktop\AIML\solar-panel-ai\data\raw\Electrical-damage\Electrical (75).jpg,Electrical (75).jpg,.jpg,1783231,True,,4032,3024,1.3333,3,RGB,JPEG,17df7d07bc510d7009f816169dbc9ec1,Electrical-damage,Electrical-damage/Electrical (75).jpg
C:\Users\laksh\OneDrive\Desktop\AIML\solar-panel-ai\data\raw\Electrical-damage\Electrical (76).jpg,Electrical (76).jpg,.jpg,7650,True,,221,136,1.625,3,RGB,JPEG,59b95883611b7c386f9dcbedc579e0d6,Electrical-damage,Electrical-damage/Electrical (76).jpg
C:\Users\laksh\OneDrive\Desktop\AIML\solar-panel-ai\data\raw\Electrical-damage\Electrical (77).jpg,Electrical (77).jpg,.jpg,8619,True,,240,175,1.3714,3,RGB,JPEG,be6176e594e441dc5c9c90144be4e01b,Electrical-damage,Electrical-damage/Electrical (77).jpg
C:\Users\laksh\OneDrive\Desktop\AIML\solar-panel-ai\data\raw\Electrical-damage\Electrical (78).jpg,Electrical (78).jpg,.jpg,106264,True,,602,561,1.0731,3,RGB,JPEG,568fb33adb4ec96cece84a8b983b8ca2,Electrical-damage,Electrical-damage/Electrical (78).jpg
C:\Users\laksh\OneDrive\Desktop\AIML\solar-panel-ai\data\raw\Electrical-damage\Electrical (79).jpg,Electrical (79).jpg,.jpg,168128,True,,1034,466,2.2189,3,RGB,JPEG,13a890761f3ff04631ed1b9f6974e1f4,Electrical-damage,Electrical-damage/Electrical (79).jpg
C:\Users\laksh\OneDrive\Desktop\AIML\solar-panel-ai\data\raw\Electrical-damage\Electrical (8).jpg,Electrical (8).jpg,.jpg,71476,True,,474,632,0.75,3,RGB,JPEG,4f68358788931d35ca5cb57b434e8c62,Electrical-damage,Electrical-damage/Electrical (8).jpg
C:\Users\laksh\OneDrive\Desktop\AIML\solar-panel-ai\data\raw\Electrical-damage\Electrical (80).jpg,Electrical (80).jpg,.jpg,10357,True,,450,125,3.6,3,RGB,JPEG,6c8d746ab152839bfaee7f233686fc25,Electrical-damage,Electrical-damage/Electrical (80).jpg
C:\Users\laksh\OneDrive\Desktop\AIML\solar-panel-ai\data\raw\Electrical-damage\Electrical (81).jpg,Electrical (81).jpg,.jpg,48793,True,,600,280,2.1429,3,RGB,JPEG,b764f4c45571f57307fddedcc1208f97,Electrical-damage,Electrical-damage/Electrical (81).jpg
C:\Users\laksh\OneDrive\Desktop\AIML\solar-panel-ai\data\raw\Electrical-damage\Electrical (82).jpg,Electrical (82).jpg,.jpg,75333,True,,456,398,1.1457,3,RGB,JPEG,e9baa6ed08cc3f3cfde219d1c72a72c0,Electrical-damage,Electrical-damage/Electrical (82).jpg
C:\Users\laksh\OneDrive\Desktop\AIML\solar-panel-ai\data\raw\Electrical-damage\Electrical (83).jpg,Electrical (83).jpg,.jpg,1783231,True,,4032,3024,1.3333,3,RGB,JPEG,17df7d07bc510d7009f816169dbc9ec1,Electrical-damage,Electrical-damage/Electrical (83).jpg
C:\Users\laksh\OneDrive\Desktop\AIML\solar-panel-ai\data\raw\Electrical-damage\Electrical (84).jpg,Electrical (84).jpg,.jpg,7650,True,,221,136,1.625,3,RGB,JPEG,59b95883611b7c386f9dcbedc579e0d6,Electrical-damage,Electrical-damage/Electrical (84).jpg
C:\Users\laksh\OneDrive\Desktop\AIML\solar-panel-ai\data\raw\Electrical-damage\Electrical (85).JPG,Electrical (85).JPG,.jpg,29059,True,,458,191,2.3979,3,RGB,JPEG,0b0a58aa2a9607ba7774b51a350408e7,Electrical-damage,Electrical-damage/Electrical (85).JPG
C:\Users\laksh\OneDrive\Desktop\AIML\solar-panel-ai\data\raw\Electrical-damage\Electrical (86).JPG,Electrical (86).JPG,.jpg,32443,True,,462,294,1.5714,3,RGB,JPEG,0ea9ebe5769287530beea719a8fc705d,Electrical-damage,Electrical-damage/Electrical (86).JPG
C:\Users\laksh\OneDrive\Desktop\AIML\solar-panel-ai\data\raw\Electrical-damage\Electrical (87).jpg,Electrical (87).jpg,.jpg,33299,True,,474,305,1.5541,3,RGB,JPEG,e8e6405d973efc2198068f64a845c82a,Electrical-damage,Electrical-damage/Electrical (87).jpg
C:\Users\laksh\OneDrive\Desktop\AIML\solar-panel-ai\data\raw\Electrical-damage\Electrical (88).jpg,Electrical (88).jpg,.jpg,24259,True,,474,226,2.0973,3,RGB,JPEG,b78e086cf35a625722671411f6813583,Electrical-damage,Electrical-damage/Electrical (88).jpg
C:\Users\laksh\OneDrive\Desktop\AIML\solar-panel-ai\data\raw\Electrical-damage\Electrical (89).jpg,Electrical (89).jpg,.jpg,102892,True,,300,450,0.6667,3,RGB,JPEG,6e5a1225da98a0ef9f592f26c13cf64a,Electrical-damage,Electrical-damage/Electrical (89).jpg
C:\Users\laksh\OneDrive\Desktop\AIML\solar-panel-ai\data\raw\Electrical-damage\Electrical (9).jpg,Electrical (9).jpg,.jpg,42744,True,,384,512,0.75,3,RGB,JPEG,8d87c2dc1aab09d1dec0da6a9ab288f5,Electrical-damage,Electrical-damage/Electrical (9).jpg
C:\Users\laksh\OneDrive\Desktop\AIML\solar-panel-ai\data\raw\Electrical-damage\Electrical (90).jpg,Electrical (90).jpg,.jpg,65337,True,,334,499,0.6693,3,RGB,JPEG,abcb84a4408812db3f8220c18520e9b6,Electrical-damage,Electrical-damage/Electrical (90).jpg
C:\Users\laksh\OneDrive\Desktop\AIML\solar-panel-ai\data\raw\Electrical-damage\Electrical (91).jpg,Electrical (91).jpg,.jpg,78215,True,,730,317,2.3028,3,RGB,JPEG,21d5f6f02bf3538c00911e989a0a8a31,Electrical-damage,Electrical-damage/Electrical (91).jpg
C:\Users\laksh\OneDrive\Desktop\AIML\solar-panel-ai\data\raw\Electrical-damage\Electrical (92).jpg,Electrical (92).jpg,.jpg,23018,True,,411,313,1.3131,3,RGB,JPEG,31deb7ab38905268f35462514d00d8d5,Electrical-damage,Electrical-damage/Electrical (92).jpg
C:\Users\laksh\OneDrive\Desktop\AIML\solar-panel-ai\data\raw\Electrical-damage\Electrical (93).jpg,Electrical (93).jpg,.jpg,276425,True,,690,345,2.0,3,RGB,JPEG,2e1d9ffdca52fb85a473cc01c300b9a1,Electrical-damage,Electrical-damage/Electrical (93).jpg
C:\Users\laksh\OneDrive\Desktop\AIML\solar-panel-ai\data\raw\Electrical-damage\Electrical (94).jpg,Electrical (94).jpg,.jpg,119462,True,,940,627,1.4992,3,RGB,JPEG,ce64149bac120eefd1d03e8559b713b0,Electrical-damage,Electrical-damage/Electrical (94).jpg
C:\Users\laksh\OneDrive\Desktop\AIML\solar-panel-ai\data\raw\Electrical-damage\Electrical (95).jpg,Electrical (95).jpg,.jpg,114139,True,,602,564,1.0674,3,RGB,JPEG,7397b740ccfbc8984c112a5dc0f4de4e,Electrical-damage,Electrical-damage/Electrical (95).jpg
C:\Users\laksh\OneDrive\Desktop\AIML\solar-panel-ai\data\raw\Electrical-damage\Electrical (96).jpg,Electrical (96).jpg,.jpg,50684,True,,474,435,1.0897,3,RGB,JPEG,44453475339a1ae64829e66bc6dea805,Electrical-damage,Electrical-damage/Electrical (96).jpg
C:\Users\laksh\OneDrive\Desktop\AIML\solar-panel-ai\data\raw\Electrical-damage\Electrical (97).jpg,Electrical (97).jpg,.jpg,3378867,True,,3024,4032,0.75,3,RGB,JPEG,75b301cbfffbb86dbb1a29179cb937ba,Electrical-damage,Electrical-damage/Electrical (97).jpg
C:\Users\laksh\OneDrive\Desktop\AIML\solar-panel-ai\data\raw\Electrical-damage\Electrical (98).jpg,Electrical (98).jpg,.jpg,512903,True,,3024,2592,1.1667,3,RGB,JPEG,52c07d567bf3163d2e0dfe4f77bee59f,Electrical-damage,Electrical-damage/Electrical (98).jpg
C:\Users\laksh\OneDrive\Desktop\AIML\solar-panel-ai\data\raw\Electrical-damage\Electrical (99).jpg,Electrical (99).jpg,.jpg,481896,True,,1536,2048,0.75,3,RGB,JPEG,f265d14a6752be9035e252dd8e0f02f7,Electrical-damage,Electrical-damage/Electrical (99).jpg
C:\Users\laksh\OneDrive\Desktop\AIML\solar-panel-ai\data\raw\Physical-damage\Physical (1).jpg,Physical (1).jpg,.jpg,104019,True,,768,480,1.6,3,RGB,JPEG,6ddedadc1b7508d0590f45e7ac4f8c8f,Physical-damage,Physical-damage/Physical (1).jpg
C:\Users\laksh\OneDrive\Desktop\AIML\solar-panel-ai\data\raw\Physical-damage\Physical (10).jpg,Physical (10).jpg,.jpg,19633,True,,260,136,1.9118,3,RGB,JPEG,677c7e4a5afbdaa4567b4e5167619fce,Physical-damage,Physical-damage/Physical (10).jpg
C:\Users\laksh\OneDrive\Desktop\AIML\solar-panel-ai\data\raw\Physical-damage\Physical (11).jpg,Physical (11).jpg,.jpg,48577,True,,448,336,1.3333,3,RGB,JPEG,646044dae3f8960656a75c858674131e,Physical-damage,Physical-damage/Physical (11).jpg
C:\Users\laksh\OneDrive\Desktop\AIML\solar-panel-ai\data\raw\Physical-damage\Physical (12).jpg,Physical (12).jpg,.jpg,179048,True,,750,1000,0.75,3,RGB,JPEG,5bdb35af71fcde8fbae5930c4d7c739b,Physical-damage,Physical-damage/Physical (12).jpg
C:\Users\laksh\OneDrive\Desktop\AIML\solar-panel-ai\data\raw\Physical-damage\Physical (13).jpg,Physical (13).jpg,.jpg,40289,True,,474,406,1.1675,3,RGB,JPEG,07245896a3345bdbf3be1e092bb73ced,Physical-damage,Physical-damage/Physical (13).jpg
C:\Users\laksh\OneDrive\Desktop\AIML\solar-panel-ai\data\raw\Physical-damage\Physical (14).jpg,Physical (14).jpg,.jpg,30446,True,,474,248,1.9113,3,RGB,JPEG,fadb89ba27276750a6e457edf1525365,Physical-damage,Physical-damage/Physical (14).jpg
C:\Users\laksh\OneDrive\Desktop\AIML\solar-panel-ai\data\raw\Physical-damage\Physical (15).jpg,Physical (15).jpg,.jpg,41474,True,,300,200,1.5,3,RGB,JPEG,0cd17ef0f5c566ede3831d5dbc544ffd,Physical-damage,Physical-damage/Physical (15).jpg
C:\Users\laksh\OneDrive\Desktop\AIML\solar-panel-ai\data\raw\Physical-damage\Physical (16).jpg,Physical (16).jpg,.jpg,727740,True,,1536,2048,0.75,3,RGB,JPEG,a489801b264ef2e35c3606c9fd96e9bc,Physical-damage,Physical-damage/Physical (16).jpg
C:\Users\laksh\OneDrive\Desktop\AIML\solar-panel-ai\data\raw\Physical-damage\Physical (17).jpg,Physical (17).jpg,.jpg,132065,True,,846,476,1.7773,3,RGB,JPEG,1ffb959b0c9e23af69b336706c26a4b2,Physical-damage,Physical-damage/Physical (17).jpg
C:\Users\laksh\OneDrive\Desktop\AIML\solar-panel-ai\data\raw\Physical-damage\Physical (18).jpg,Physical (18).jpg,.jpg,151538,True,,746,559,1.3345,3,RGB,JPEG,20b2b053b0db490b41a21d9c645900b1,Physical-damage,Physical-damage/Physical (18).jpg
C:\Users\laksh\OneDrive\Desktop\AIML\solar-panel-ai\data\raw\Physical-damage\Physical (19).jpg,Physical (19).jpg,.jpg,122024,True,,1024,576,1.7778,3,RGB,JPEG,3c6f718bbfccd46189df80dfb1b1434e,Physical-damage,Physical-damage/Physical (19).jpg
C:\Users\laksh\OneDrive\Desktop\AIML\solar-panel-ai\data\raw\Physical-damage\Physical (2).jpg,Physical (2).jpg,.jpg,170035,True,,768,1024,0.75,3,RGB,JPEG,284da14043b618cbeb003f438ca751a2,Physical-damage,Physical-damage/Physical (2).jpg
C:\Users\laksh\OneDrive\Desktop\AIML\solar-panel-ai\data\raw\Physical-damage\Physical (20).jpg,Physical (20).jpg,.jpg,635872,True,,1024,768,1.3333,3,RGB,JPEG,4f8b73b6feb3c65fd0118e654f8de677,Physical-damage,Physical-damage/Physical (20).jpg
C:\Users\laksh\OneDrive\Desktop\AIML\solar-panel-ai\data\raw\Physical-damage\Physical (21).jpg,Physical (21).jpg,.jpg,78181,True,,370,160,2.3125,3,RGB,JPEG,876d9c91d4bc9422e7b9d2e5e230f7af,Physical-damage,Physical-damage/Physical (21).jpg
C:\Users\laksh\OneDrive\Desktop\AIML\solar-panel-ai\data\raw\Physical-damage\Physical (22).jpg,Physical (22).jpg,.jpg,69813,True,,768,521,1.4741,3,RGB,JPEG,55e0aa4a9dcc6926f3dc466fe2f7da92,Physical-damage,Physical-damage/Physical (22).jpg
C:\Users\laksh\OneDrive\Desktop\AIML\solar-panel-ai\data\raw\Physical-damage\Physical (23).jpg,Physical (23).jpg,.jpg,548415,True,,1400,1008,1.3889,3,RGB,JPEG,4d5e613ed12655f5f63a1d6cf888f65c,Physical-damage,Physical-damage/Physical (23).jpg
C:\Users\laksh\OneDrive\Desktop\AIML\solar-panel-ai\data\raw\Physical-damage\Physical (24).jpg,Physical (24).jpg,.jpg,452769,True,,705,529,1.3327,3,RGB,JPEG,368ba34e729f4d245fba9ee9a58ac1ae,Physical-damage,Physical-damage/Physical (24).jpg
C:\Users\laksh\OneDrive\Desktop\AIML\solar-panel-ai\data\raw\Physical-damage\Physical (25).jpg,Physical (25).jpg,.jpg,332984,True,,1024,737,1.3894,3,RGB,JPEG,d818102b118a6769d42dac6bd630e508,Physical-damage,Physical-damage/Physical (25).jpg
C:\Users\laksh\OneDrive\Desktop\AIML\solar-panel-ai\data\raw\Physical-damage\Physical (26).JPG,Physical (26).JPG,.jpg,79881,True,,445,784,0.5676,3,RGB,JPEG,1af6811b15a2831edf35dbe8ea68199d,Physical-damage,Physical-damage/Physical (26).JPG
C:\Users\laksh\OneDrive\Desktop\AIML\solar-panel-ai\data\raw\Physical-damage\Physical (27).JPG,Physical (27).JPG,.jpg,241143,True,,1168,769,1.5189,3,RGB,JPEG,acf9fb163da94c4c763baeaadfe60cac,Physical-damage,Physical-damage/Physical (27).JPG
C:\Users\laksh\OneDrive\Desktop\AIML\solar-panel-ai\data\raw\Physical-damage\Physical (28).jpg,Physical (28).jpg,.jpg,104627,True,,1030,687,1.4993,3,RGB,JPEG,671fe181cfa659cec2dc6704a9b09070,Physical-damage,Physical-damage/Physical (28).jpg
C:\Users\laksh\OneDrive\Desktop\AIML\solar-panel-ai\data\raw\Physical-damage\Physical (29).jpg,Physical (29).jpg,.jpg,126921,True,,780,585,1.3333,3,RGB,JPEG,b2f9cdf54a6e059a76aed40c3e362183,Physical-damage,Physical-damage/Physical (29).jpg
C:\Users\laksh\OneDrive\Desktop\AIML\solar-panel-ai\data\raw\Physical-damage\Physical (3).jpg,Physical (3).jpg,.jpg,119336,True,,500,241,2.0747,3,RGB,JPEG,134952f15a34778d13b9bd70bfd41d4c,Physical-damage,Physical-damage/Physical (3).jpg
C:\Users\laksh\OneDrive\Desktop\AIML\solar-panel-ai\data\raw\Physical-damage\Physical (30).jpg,Physical (30).jpg,.jpg,122445,True,,768,576,1.3333,3,RGB,JPEG,5047f57fe6c3ea95c5b2593456fcab53,Physical-damage,Physical-damage/Physical (30).jpg
C:\Users\laksh\OneDrive\Desktop\AIML\solar-panel-ai\data\raw\Physical-damage\Physical (31).jpg,Physical (31).jpg,.jpg,54881,True,,450,253,1.7787,3,RGB,JPEG,04675f2f50099a4306c85800d6890042,Physical-damage,Physical-damage/Physical (31).jpg
C:\Users\laksh\OneDrive\Desktop\AIML\solar-panel-ai\data\raw\Physical-damage\Physical (32).jpg,Physical (32).jpg,.jpg,18952,True,,300,201,1.4925,3,RGB,JPEG,2157ad256805aaacb99e351b45737cad,Physical-damage,Physical-damage/Physical (32).jpg
C:\Users\laksh\OneDrive\Desktop\AIML\solar-panel-ai\data\raw\Physical-damage\Physical (33).jpg,Physical (33).jpg,.jpg,155474,True,,1280,720,1.7778,3,RGB,JPEG,a7669648fcd96509cb4371afe6b781d4,Physical-damage,Physical-damage/Physical (33).jpg
C:\Users\laksh\OneDrive\Desktop\AIML\solar-panel-ai\data\raw\Physical-damage\Physical (34).jpg,Physical (34).jpg,.jpg,272925,True,,500,261,1.9157,3,RGB,JPEG,b38f4e1e49f6dccd59343e8ce4da2db9,Physical-damage,Physical-damage/Physical (34).jpg
C:\Users\laksh\OneDrive\Desktop\AIML\solar-panel-ai\data\raw\Physical-damage\Physical (35).jpg,Physical (35).jpg,.jpg,230534,True,,1024,768,1.3333,3,RGB,JPEG,4b6c5370f10cc3a454d1e9d1a0c51daa,Physical-damage,Physical-damage/Physical (35).jpg
C:\Users\laksh\OneDrive\Desktop\AIML\solar-panel-ai\data\raw\Physical-damage\Physical (36).jpg,Physical (36).jpg,.jpg,33664,True,,474,228,2.0789,3,RGB,JPEG,f4f890a62c167f0e189e6bca7a471283,Physical-damage,Physical-damage/Physical (36).jpg
C:\Users\laksh\OneDrive\Desktop\AIML\solar-panel-ai\data\raw\Physical-damage\Physical (37).jpg,Physical (37).jpg,.jpg,99810,True,,430,700,0.6143,3,RGB,JPEG,e0832b29a20503ae9ae725608b318925,Physical-damage,Physical-damage/Physical (37).jpg
C:\Users\laksh\OneDrive\Desktop\AIML\solar-panel-ai\data\raw\Physical-damage\Physical (38).jpg,Physical (38).jpg,.jpg,91984,True,,474,632,0.75,3,RGB,JPEG,002dd3cbcd6cb146924ff389e68573a6,Physical-damage,Physical-damage/Physical (38).jpg
C:\Users\laksh\OneDrive\Desktop\AIML\solar-panel-ai\data\raw\Physical-damage\Physical (39).jpg,Physical (39).jpg,.jpg,35426,True,,474,324,1.463,3,RGB,JPEG,173fd266d9496321c8458ea0cf620fd3,Physical-damage,Physical-damage/Physical (39).jpg
C:\Users\laksh\OneDrive\Desktop\AIML\solar-panel-ai\data\raw\Physical-damage\Physical (4).jpg,Physical (4).jpg,.jpg,37652,True,,300,200,1.5,3,RGB,JPEG,39d47321979a61568752e1bd458c28d4,Physical-damage,Physical-damage/Physical (4).jpg
C:\Users\laksh\OneDrive\Desktop\AIML\solar-panel-ai\data\raw\Physical-damage\Physical (40).jpg,Physical (40).jpg,.jpg,93433,True,,600,600,1.0,3,RGB,JPEG,1f26918d29b7f51a48191dd86a05298c,Physical-damage,Physical-damage/Physical (40).jpg
C:\Users\laksh\OneDrive\Desktop\AIML\solar-panel-ai\data\raw\Physical-damage\Physical (41).jpg,Physical (41).jpg,.jpg,39069,True,,474,316,1.5,3,RGB,JPEG,3d10ec9fb94338f2dc108c4ef68a2d06,Physical-damage,Physical-damage/Physical (41).jpg
C:\Users\laksh\OneDrive\Desktop\AIML\solar-panel-ai\data\raw\Physical-damage\Physical (42).jpg,Physical (42).jpg,.jpg,40376,True,,474,279,1.6989,3,RGB,JPEG,0dcf9a23062017661955fbb818468308,Physical-damage,Physical-damage/Physical (42).jpg
C:\Users\laksh\OneDrive\Desktop\AIML\solar-panel-ai\data\raw\Physical-damage\Physical (43).jpg,Physical (43).jpg,.jpg,126900,True,,1280,720,1.7778,3,RGB,JPEG,84df86935d0a2d6f319b10a38d7f1a08,Physical-damage,Physical-damage/Physical (43).jpg
C:\Users\laksh\OneDrive\Desktop\AIML\solar-panel-ai\data\raw\Physical-damage\Physical (44).jpg,Physical (44).jpg,.jpg,200254,True,,1600,900,1.7778,3,RGB,JPEG,fd895a2527c4f4adf0f7799fea9c94c8,Physical-damage,Physical-damage/Physical (44).jpg
C:\Users\laksh\OneDrive\Desktop\AIML\solar-panel-ai\data\raw\Physical-damage\Physical (45).jpg,Physical (45).jpg,.jpg,40245,True,,474,352,1.3466,3,RGB,JPEG,b0903a41265b81ab21cde16164e50e7a,Physical-damage,Physical-damage/Physical (45).jpg
C:\Users\laksh\OneDrive\Desktop\AIML\solar-panel-ai\data\raw\Physical-damage\Physical (46).jpg,Physical (46).jpg,.jpg,19161,True,,302,227,1.3304,3,RGB,JPEG,9de62437c303b174d5dc6b4d0fd1be0f,Physical-damage,Physical-damage/Physical (46).jpg
C:\Users\laksh\OneDrive\Desktop\AIML\solar-panel-ai\data\raw\Physical-damage\Physical (47).jpg,Physical (47).jpg,.jpg,143824,True,,1000,720,1.3889,3,RGB,JPEG,db635e8637b49c8fe1af5f33b49bc430,Physical-damage,Physical-damage/Physical (47).jpg
C:\Users\laksh\OneDrive\Desktop\AIML\solar-panel-ai\data\raw\Physical-damage\Physical (48).jpg,Physical (48).jpg,.jpg,78761,True,,592,400,1.48,3,RGB,JPEG,c150c69cdbe473c8b3f7d95be0adbbf1,Physical-damage,Physical-damage/Physical (48).jpg
C:\Users\laksh\OneDrive\Desktop\AIML\solar-panel-ai\data\raw\Physical-damage\Physical (49).jpg,Physical (49).jpg,.jpg,114164,True,,825,547,1.5082,3,RGB,JPEG,ea8a357ff3c663589676bfff75c7669c,Physical-damage,Physical-damage/Physical (49).jpg
C:\Users\laksh\OneDrive\Desktop\AIML\solar-panel-ai\data\raw\Physical-damage\Physical (5).jpg,Physical (5).jpg,.jpg,59640,True,,500,391,1.2788,3,RGB,JPEG,9d03f4e89ea76dc65103b8ac80325520,Physical-damage,Physical-damage/Physical (5).jpg
C:\Users\laksh\OneDrive\Desktop\AIML\solar-panel-ai\data\raw\Physical-damage\Physical (50).jpg,Physical (50).jpg,.jpg,126900,True,,1280,720,1.7778,3,RGB,JPEG,84df86935d0a2d6f319b10a38d7f1a08,Physical-damage,Physical-damage/Physical (50).jpg
C:\Users\laksh\OneDrive\Desktop\AIML\solar-panel-ai\data\raw\Physical-damage\Physical (51).jpg,Physical (51).jpg,.jpg,277849,True,,800,600,1.3333,3,RGB,JPEG,b932e847d063bac3e4943fc677a19c59,Physical-damage,Physical-damage/Physical (51).jpg
C:\Users\laksh\OneDrive\Desktop\AIML\solar-panel-ai\data\raw\Physical-damage\Physical (52).JPG,Physical (52).JPG,.jpg,916035,True,,1280,1280,1.0,3,RGB,JPEG,96420d9a2129d087e2c483dd200774ab,Physical-damage,Physical-damage/Physical (52).JPG
C:\Users\laksh\OneDrive\Desktop\AIML\solar-panel-ai\data\raw\Physical-damage\Physical (53).jpg,Physical (53).jpg,.jpg,71025,True,,640,480,1.3333,3,RGB,JPEG,68f2f42fd1ac7c9e1ad2ae0d671b2937,Physical-damage,Physical-damage/Physical (53).jpg
C:\Users\laksh\OneDrive\Desktop\AIML\solar-panel-ai\data\raw\Physical-damage\Physical (54).jpg,Physical (54).jpg,.jpg,229197,True,,700,525,1.3333,3,RGB,JPEG,85626dac0b46c1e8e83dbb39c26d9861,Physical-damage,Physical-damage/Physical (54).jpg
C:\Users\laksh\OneDrive\Desktop\AIML\solar-panel-ai\data\raw\Physical-damage\Physical (55).jpg,Physical (55).jpg,.jpg,32040,True,,340,327,1.0398,3,RGB,JPEG,22e9b72a5a645b57acffb352c52ac85c,Physical-damage,Physical-damage/Physical (55).jpg
C:\Users\laksh\OneDrive\Desktop\AIML\solar-panel-ai\data\raw\Physical-damage\Physical (56).jpg,Physical (56).jpg,.jpg,82345,True,,565,319,1.7712,3,RGB,JPEG,c121e7d748a90450ea48726e64576b19,Physical-damage,Physical-damage/Physical (56).jpg
C:\Users\laksh\OneDrive\Desktop\AIML\solar-panel-ai\data\raw\Physical-damage\Physical (57).jpg,Physical (57).jpg,.jpg,2800649,True,,3024,4032,0.75,3,RGB,JPEG,029f3f4fc32cd103885d8fc325232e5e,Physical-damage,Physical-damage/Physical (57).jpg
C:\Users\laksh\OneDrive\Desktop\AIML\solar-panel-ai\data\raw\Physical-damage\Physical (58).jpg,Physical (58).jpg,.jpg,138396,True,,638,406,1.5714,3,RGB,JPEG,fe9bb0f256c8c3275ccbd837e8f200be,Physical-damage,Physical-damage/Physical (58).jpg
C:\Users\laksh\OneDrive\Desktop\AIML\solar-panel-ai\data\raw\Physical-damage\Physical (59).jpg,Physical (59).jpg,.jpg,153060,True,,600,600,1.0,3,RGB,JPEG,c768b637188406d4e26447ace66a0346,Physical-damage,Physical-damage/Physical (59).jpg
C:\Users\laksh\OneDrive\Desktop\AIML\solar-panel-ai\data\raw\Physical-damage\Physical (6).jpg,Physical (6).jpg,.jpg,170680,True,,1000,667,1.4993,3,RGB,JPEG,8c48ffd890d871bc43f1c2eff8a121f3,Physical-damage,Physical-damage/Physical (6).jpg
C:\Users\laksh\OneDrive\Desktop\AIML\solar-panel-ai\data\raw\Physical-damage\Physical (60).jpg,Physical (60).jpg,.jpg,322287,True,,406,406,1.0,3,RGB,JPEG,4b3e4e156bb6225588f4f100bd0fe95e,Physical-damage,Physical-damage/Physical (60).jpg
C:\Users\laksh\OneDrive\Desktop\AIML\solar-panel-ai\data\raw\Physical-damage\Physical (61).jpg,Physical (61).jpg,.jpg,77469,True,,768,512,1.5,3,RGB,JPEG,35411780a8abee6d9f7ef50032b9e189,Physical-damage,Physical-damage/Physical (61).jpg
C:\Users\laksh\OneDrive\Desktop\AIML\solar-panel-ai\data\raw\Physical-damage\Physical (62).jpg,Physical (62).jpg,.jpg,220903,True,,849,450,1.8867,3,RGB,JPEG,d966d4833daf6c21e9adc0ca9b3f5844,Physical-damage,Physical-damage/Physical (62).jpg
C:\Users\laksh\OneDrive\Desktop\AIML\solar-panel-ai\data\raw\Physical-damage\Physical (63).jpg,Physical (63).jpg,.jpg,278582,True,,1024,768,1.3333,3,RGB,JPEG,b51a506c43e95e313f30c6cefa95ed8c,Physical-damage,Physical-damage/Physical (63).jpg
C:\Users\laksh\OneDrive\Desktop\AIML\solar-panel-ai\data\raw\Physical-damage\Physical (64).jpg,Physical (64).jpg,.jpg,166215,True,,1200,630,1.9048,3,RGB,JPEG,b3a7e4f0bd1f7c70c1e58879dc23e76f,Physical-damage,Physical-damage/Physical (64).jpg
C:\Users\laksh\OneDrive\Desktop\AIML\solar-panel-ai\data\raw\Physical-damage\Physical (65).jpg,Physical (65).jpg,.jpg,32040,True,,340,327,1.0398,3,RGB,JPEG,22e9b72a5a645b57acffb352c52ac85c,Physical-damage,Physical-damage/Physical (65).jpg
C:\Users\laksh\OneDrive\Desktop\AIML\solar-panel-ai\data\raw\Physical-damage\Physical (66).jpg,Physical (66).jpg,.jpg,93277,True,,720,473,1.5222,3,RGB,JPEG,70fb812f1cd3c1958e069f115cb36a7c,Physical-damage,Physical-damage/Physical (66).jpg
C:\Users\laksh\OneDrive\Desktop\AIML\solar-panel-ai\data\raw\Physical-damage\Physical (67).jpg,Physical (67).jpg,.jpg,322287,True,,406,406,1.0,3,RGB,JPEG,4b3e4e156bb6225588f4f100bd0fe95e,Physical-damage,Physical-damage/Physical (67).jpg
C:\Users\laksh\OneDrive\Desktop\AIML\solar-panel-ai\data\raw\Physical-damage\Physical (68).jpg,Physical (68).jpg,.jpg,20630,True,,300,159,1.8868,3,RGB,JPEG,3b190f7b3337fcdf8360bba6a56d8d38,Physical-damage,Physical-damage/Physical (68).jpg
C:\Users\laksh\OneDrive\Desktop\AIML\solar-panel-ai\data\raw\Physical-damage\Physical (69).jpg,Physical (69).jpg,.jpg,41474,True,,300,200,1.5,3,RGB,JPEG,0cd17ef0f5c566ede3831d5dbc544ffd,Physical-damage,Physical-damage/Physical (69).jpg
C:\Users\laksh\OneDrive\Desktop\AIML\solar-panel-ai\data\raw\Physical-damage\Physical (7).jpg,Physical (7).jpg,.jpg,126921,True,,780,585,1.3333,3,RGB,JPEG,b2f9cdf54a6e059a76aed40c3e362183,Physical-damage,Physical-damage/Physical (7).jpg
C:\Users\laksh\OneDrive\Desktop\AIML\solar-panel-ai\data\raw\Physical-damage\Physical (8).jpg,Physical (8).jpg,.jpg,288958,True,,1000,720,1.3889,3,RGB,JPEG,b3feaf33bac7d4949b7a8a6cd17c7cb9,Physical-damage,Physical-damage/Physical (8).jpg
C:\Users\laksh\OneDrive\Desktop\AIML\solar-panel-ai\data\raw\Physical-damage\Physical (9).jpg,Physical (9).jpg,.jpg,43413,True,,400,300,1.3333,3,RGB,JPEG,f5d0ea5d1aa55225e501323b4768de98,Physical-damage,Physical-damage/Physical (9).jpg
C:\Users\laksh\OneDrive\Desktop\AIML\solar-panel-ai\data\raw\Snow-Covered\Snow (1).jpg,Snow (1).jpg,.jpg,339669,True,,3000,2250,1.3333,3,RGB,JPEG,f86897b79f8d256aaf968bfa94f21d63,Snow-Covered,Snow-Covered/Snow (1).jpg
C:\Users\laksh\OneDrive\Desktop\AIML\solar-panel-ai\data\raw\Snow-Covered\Snow (10).jpg,Snow (10).jpg,.jpg,37664,True,,450,300,1.5,3,RGB,JPEG,555db105089ce8603241b8db84349654,Snow-Covered,Snow-Covered/Snow (10).jpg
C:\Users\laksh\OneDrive\Desktop\AIML\solar-panel-ai\data\raw\Snow-Covered\Snow (100).jpg,Snow (100).jpg,.jpg,35143,True,,600,400,1.5,3,RGB,JPEG,ff0b8a1615e639396b8dd66ed6fad974,Snow-Covered,Snow-Covered/Snow (100).jpg
C:\Users\laksh\OneDrive\Desktop\AIML\solar-panel-ai\data\raw\Snow-Covered\Snow (101).jpg,Snow (101).jpg,.jpg,324896,True,,2304,1728,1.3333,3,RGB,JPEG,b0b9510f3eb5801e2aca71a641649b14,Snow-Covered,Snow-Covered/Snow (101).jpg
C:\Users\laksh\OneDrive\Desktop\AIML\solar-panel-ai\data\raw\Snow-Covered\Snow (102).jpg,Snow (102).jpg,.jpg,62880,True,,768,512,1.5,3,RGB,JPEG,9d15729cf6adbb0e9a082cc4170e8d85,Snow-Covered,Snow-Covered/Snow (102).jpg
C:\Users\laksh\OneDrive\Desktop\AIML\solar-panel-ai\data\raw\Snow-Covered\Snow (103).jpg,Snow (103).jpg,.jpg,100687,True,,1000,750,1.3333,3,RGB,JPEG,d0d3ebcb8f9a3d596e9783be7149bcb0,Snow-Covered,Snow-Covered/Snow (103).jpg
C:\Users\laksh\OneDrive\Desktop\AIML\solar-panel-ai\data\raw\Snow-Covered\Snow (104).jpg,Snow (104).jpg,.jpg,32350,True,,624,351,1.7778,3,RGB,JPEG,6354ea4c2f063dc19c803ac6fad65f2a,Snow-Covered,Snow-Covered/Snow (104).jpg
C:\Users\laksh\OneDrive\Desktop\AIML\solar-panel-ai\data\raw\Snow-Covered\Snow (105).jpg,Snow (105).jpg,.jpg,62880,True,,768,512,1.5,3,RGB,JPEG,9d15729cf6adbb0e9a082cc4170e8d85,Snow-Covered,Snow-Covered/Snow (105).jpg
C:\Users\laksh\OneDrive\Desktop\AIML\solar-panel-ai\data\raw\Snow-Covered\Snow (106).jpg,Snow (106).jpg,.jpg,21209,True,,474,289,1.6401,3,RGB,JPEG,fdb0ce16e23a49537f8fd9da0a590d60,Snow-Covered,Snow-Covered/Snow (106).jpg
C:\Users\laksh\OneDrive\Desktop\AIML\solar-panel-ai\data\raw\Snow-Covered\Snow (107).jpg,Snow (107).jpg,.jpg,32647,True,,701,324,2.1636,3,RGB,JPEG,80d623fe7fe777f35eb2a8d51887f2a3,Snow-Covered,Snow-Covered/Snow (107).jpg
C:\Users\laksh\OneDrive\Desktop\AIML\solar-panel-ai\data\raw\Snow-Covered\Snow (108).jpg,Snow (108).jpg,.jpg,33965,True,,620,349,1.7765,3,RGB,JPEG,00f996a2cadd91348b4c08f6bda99629,Snow-Covered,Snow-Covered/Snow (108).jpg
C:\Users\laksh\OneDrive\Desktop\AIML\solar-panel-ai\data\raw\Snow-Covered\Snow (109).jpg,Snow (109).jpg,.jpg,83200,True,,1024,768,1.3333,3,RGB,JPEG,0c19a6f977af43e6f2eac2bd37bae898,Snow-Covered,Snow-Covered/Snow (109).jpg
C:\Users\laksh\OneDrive\Desktop\AIML\solar-panel-ai\data\raw\Snow-Covered\Snow (11).jpg,Snow (11).jpg,.jpg,839443,True,,2100,1575,1.3333,3,RGB,JPEG,5bec6bc2d7400aee08acd66f58fb8ae0,Snow-Covered,Snow-Covered/Snow (11).jpg
C:\Users\laksh\OneDrive\Desktop\AIML\solar-panel-ai\data\raw\Snow-Covered\Snow (110).jpg,Snow (110).jpg,.jpg,32388,True,,660,373,1.7694,3,RGB,JPEG,5f7716d1bfed957184022d908a275093,Snow-Covered,Snow-Covered/Snow (110).jpg
C:\Users\laksh\OneDrive\Desktop\AIML\solar-panel-ai\data\raw\Snow-Covered\Snow (111).jpg,Snow (111).jpg,.jpg,16515,True,,354,188,1.883,3,RGB,JPEG,f190545fa5b7582b7992dec0d385eec9,Snow-Covered,Snow-Covered/Snow (111).jpg
C:\Users\laksh\OneDrive\Desktop\AIML\solar-panel-ai\data\raw\Snow-Covered\Snow (112).jpg,Snow (112).jpg,.jpg,77641,True,,800,553,1.4467,3,RGB,JPEG,4f0820a5c3167772ed0791514dc5d5e3,Snow-Covered,Snow-Covered/Snow (112).jpg
C:\Users\laksh\OneDrive\Desktop\AIML\solar-panel-ai\data\raw\Snow-Covered\Snow (113).jpg,Snow (113).jpg,.jpg,68868,True,,800,533,1.5009,3,RGB,JPEG,20d3423279ddfddba51bfc180521ad7b,Snow-Covered,Snow-Covered/Snow (113).jpg
C:\Users\laksh\OneDrive\Desktop\AIML\solar-panel-ai\data\raw\Snow-Covered\Snow (114).jpg,Snow (114).jpg,.jpg,90053,True,,800,534,1.4981,3,RGB,JPEG,09aaa3488b650c040ec8d04d7bbd38bc,Snow-Covered,Snow-Covered/Snow (114).jpg
C:\Users\laksh\OneDrive\Desktop\AIML\solar-panel-ai\data\raw\Snow-Covered\Snow (115).jpg,Snow (115).jpg,.jpg,17332,True,,227,300,0.7567,3,RGB,JPEG,41a95054aa884b72be94d70c575127fe,Snow-Covered,Snow-Covered/Snow (115).jpg
C:\Users\laksh\OneDrive\Desktop\AIML\solar-panel-ai\data\raw\Snow-Covered\Snow (116).jpg,Snow (116).jpg,.jpg,28622,True,,320,241,1.3278,3,RGB,JPEG,954101e59dd8e0390d43f5baae49a430,Snow-Covered,Snow-Covered/Snow (116).jpg
C:\Users\laksh\OneDrive\Desktop\AIML\solar-panel-ai\data\raw\Snow-Covered\Snow (117).jpg,Snow (117).jpg,.jpg,107978,True,,300,299,1.0033,3,RGB,JPEG,a289e06a690f31e5d0c2732334826556,Snow-Covered,Snow-Covered/Snow (117).jpg
C:\Users\laksh\OneDrive\Desktop\AIML\solar-panel-ai\data\raw\Snow-Covered\Snow (118).jpg,Snow (118).jpg,.jpg,143277,True,,680,671,1.0134,3,RGB,JPEG,39b5ec961db2afb1c4ac813560fa7bcb,Snow-Covered,Snow-Covered/Snow (118).jpg
C:\Users\laksh\OneDrive\Desktop\AIML\solar-panel-ai\data\raw\Snow-Covered\Snow (119).jpg,Snow (119).jpg,.jpg,229879,True,,2048,1373,1.4916,3,RGB,JPEG,919a021d831984bbd36b77d95936ec91,Snow-Covered,Snow-Covered/Snow (119).jpg
C:\Users\laksh\OneDrive\Desktop\AIML\solar-panel-ai\data\raw\Snow-Covered\Snow (12).jpg,Snow (12).jpg,.jpg,590653,True,,1000,750,1.3333,3,RGB,JPEG,61638cf63740fb6645ce9f25dcf392d0,Snow-Covered,Snow-Covered/Snow (12).jpg
C:\Users\laksh\OneDrive\Desktop\AIML\solar-panel-ai\data\raw\Snow-Covered\Snow (120).jpg,Snow (120).jpg,.jpg,92709,True,,882,663,1.3303,3,RGB,JPEG,35f1dd6e38d2db560e29e5081098813b,Snow-Covered,Snow-Covered/Snow (120).jpg
C:\Users\laksh\OneDrive\Desktop\AIML\solar-panel-ai\data\raw\Snow-Covered\Snow (121).jpg,Snow (121).jpg,.jpg,415015,True,,1400,400,3.5,3,RGB,JPEG,924442d621c170fc6efa6a1fdd38712e,Snow-Covered,Snow-Covered/Snow (121).jpg
C:\Users\laksh\OneDrive\Desktop\AIML\solar-panel-ai\data\raw\Snow-Covered\Snow (122).jpg,Snow (122).jpg,.jpg,528414,True,,1000,665,1.5038,3,RGB,JPEG,742c1cd0b5e1a5bd5afa1a709ee1eaa0,Snow-Covered,Snow-Covered/Snow (122).jpg
C:\Users\laksh\OneDrive\Desktop\AIML\solar-panel-ai\data\raw\Snow-Covered\Snow (123).jpg,Snow (123).jpg,.jpg,107317,True,,1000,665,1.5038,3,RGB,JPEG,07cc24e4e2a1c7387a6c1326b397fdd1,Snow-Covered,Snow-Covered/Snow (123).jpg
C:\Users\laksh\OneDrive\Desktop\AIML\solar-panel-ai\data\raw\Snow-Covered\Snow (13).jpg,Snow (13).jpg,.jpg,71381,True,,600,400,1.5,3,RGB,JPEG,7f980f0f57c0016cca3fda752ec5e872,Snow-Covered,Snow-Covered/Snow (13).jpg
C:\Users\laksh\OneDrive\Desktop\AIML\solar-panel-ai\data\raw\Snow-Covered\Snow (14).jpg,Snow (14).jpg,.jpg,34022,True,,570,371,1.5364,3,RGB,JPEG,e0c9527a201983e96a719f1b285450ce,Snow-Covered,Snow-Covered/Snow (14).jpg
C:\Users\laksh\OneDrive\Desktop\AIML\solar-panel-ai\data\raw\Snow-Covered\Snow (15).jpg,Snow (15).jpg,.jpg,80630,True,,630,415,1.5181,3,RGB,JPEG,5a752ad4a8a522b35b5ccf2754e9bdcd,Snow-Covered,Snow-Covered/Snow (15).jpg
C:\Users\laksh\OneDrive\Desktop\AIML\solar-panel-ai\data\raw\Snow-Covered\Snow (16).jpg,Snow (16).jpg,.jpg,143919,True,,871,550,1.5836,3,RGB,JPEG,d9751649d0a817c74d92af7f840186e4,Snow-Covered,Snow-Covered/Snow (16).jpg
C:\Users\laksh\OneDrive\Desktop\AIML\solar-panel-ai\data\raw\Snow-Covered\Snow (17).jpg,Snow (17).jpg,.jpg,80613,True,,354,188,1.883,3,RGB,JPEG,ab3707f6202c0e52c14a54bac4510467,Snow-Covered,Snow-Covered/Snow (17).jpg
C:\Users\laksh\OneDrive\Desktop\AIML\solar-panel-ai\data\raw\Snow-Covered\Snow (18).jpg,Snow (18).jpg,.jpg,74389,True,,980,551,1.7786,3,RGB,JPEG,7d60e3d1c5d06cb4ad726fb3c4bba7fa,Snow-Covered,Snow-Covered/Snow (18).jpg
C:\Users\laksh\OneDrive\Desktop\AIML\solar-panel-ai\data\raw\Snow-Covered\Snow (19).jpg,Snow (19).jpg,.jpg,92251,True,,920,307,2.9967,3,RGB,JPEG,8bde9f4de7043f27c268c5c02e2b98d0,Snow-Covered,Snow-Covered/Snow (19).jpg
C:\Users\laksh\OneDrive\Desktop\AIML\solar-panel-ai\data\raw\Snow-Covered\Snow (2).jpg,Snow (2).jpg,.jpg,213291,True,,920,690,1.3333,3,RGB,JPEG,3f0e48d327b73f922dadcfa57d389044,Snow-Covered,Snow-Covered/Snow (2).jpg
C:\Users\laksh\OneDrive\Desktop\AIML\solar-panel-ai\data\raw\Snow-Covered\Snow (20).jpg,Snow (20).jpg,.jpg,199091,True,,1080,668,1.6168,3,RGB,JPEG,67c5c23c8027fea5cbf3aa393e568bdf,Snow-Covered,Snow-Covered/Snow (20).jpg
C:\Users\laksh\OneDrive\Desktop\AIML\solar-panel-ai\data\raw\Snow-Covered\Snow (21).jpg,Snow (21).jpg,.jpg,41273,True,,600,450,1.3333,3,RGB,JPEG,7d26c2f53cc4c50fd50f915a3951ae5c,Snow-Covered,Snow-Covered/Snow (21).jpg
C:\Users\laksh\OneDrive\Desktop\AIML\solar-panel-ai\data\raw\Snow-Covered\Snow (22).jpg,Snow (22).jpg,.jpg,68246,True,,550,413,1.3317,3,RGB,JPEG,b5ebfaf840915655454403ce7468583a,Snow-Covered,Snow-Covered/Snow (22).jpg
C:\Users\laksh\OneDrive\Desktop\AIML\solar-panel-ai\data\raw\Snow-Covered\Snow (23).jpg,Snow (23).jpg,.jpg,75705,True,,763,431,1.7703,3,RGB,JPEG,ca4491bbbab305a8214c45a9a17a1025,Snow-Covered,Snow-Covered/Snow (23).jpg
C:\Users\laksh\OneDrive\Desktop\AIML\solar-panel-ai\data\raw\Snow-Covered\Snow (24).jpg,Snow (24).jpg,.jpg,15637,True,,300,224,1.3393,3,RGB,JPEG,d3746dab881c65aae692e8644ba58e38,Snow-Covered,Snow-Covered/Snow (24).jpg
C:\Users\laksh\OneDrive\Desktop\AIML\solar-panel-ai\data\raw\Snow-Covered\Snow (25).jpg,Snow (25).jpg,.jpg,114253,True,,599,499,1.2004,3,RGB,JPEG,b30269184ded34ada6a63e0fd2c7432a,Snow-Covered,Snow-Covered/Snow (25).jpg
C:\Users\laksh\OneDrive\Desktop\AIML\solar-panel-ai\data\raw\Snow-Covered\Snow (26).jpg,Snow (26).jpg,.jpg,58499,True,,720,499,1.4429,3,RGB,JPEG,264c8ff16c1b997c0bc2436fcca1924a,Snow-Covered,Snow-Covered/Snow (26).jpg
C:\Users\laksh\OneDrive\Desktop\AIML\solar-panel-ai\data\raw\Snow-Covered\Snow (27).jpg,Snow (27).jpg,.jpg,24547,True,,500,282,1.773,3,RGB,JPEG,6dfe8bbbdb22e84990bdc21235ff1ac5,Snow-Covered,Snow-Covered/Snow (27).jpg
C:\Users\laksh\OneDrive\Desktop\AIML\solar-panel-ai\data\raw\Snow-Covered\Snow (28).JPG,Snow (28).JPG,.jpg,94537,True,,1006,703,1.431,3,RGB,JPEG,f2cdfb4dbb722d11adf16b34bd1714b1,Snow-Covered,Snow-Covered/Snow (28).JPG
C:\Users\laksh\OneDrive\Desktop\AIML\solar-panel-ai\data\raw\Snow-Covered\Snow (29).JPG,Snow (29).JPG,.jpg,103826,True,,792,591,1.3401,3,RGB,JPEG,9f74fa51890f52be3b7758811dbc82e5,Snow-Covered,Snow-Covered/Snow (29).JPG
C:\Users\laksh\OneDrive\Desktop\AIML\solar-panel-ai\data\raw\Snow-Covered\Snow (3).jpg,Snow (3).jpg,.jpg,959571,True,,2560,1707,1.4997,3,RGB,JPEG,9ad11e6a5b88424eec06805ab7ecaeed,Snow-Covered,Snow-Covered/Snow (3).jpg
C:\Users\laksh\OneDrive\Desktop\AIML\solar-panel-ai\data\raw\Snow-Covered\Snow (30).JPG,Snow (30).JPG,.jpg,112911,True,,884,340,2.6,3,RGB,JPEG,8797788abace06eeb6232007b3511076,Snow-Covered,Snow-Covered/Snow (30).JPG
C:\Users\laksh\OneDrive\Desktop\AIML\solar-panel-ai\data\raw\Snow-Covered\Snow (31).JPG,Snow (31).JPG,.jpg,68548,True,,588,748,0.7861,3,RGB,JPEG,ae457d1b2948ce2e510d8998b4724682,Snow-Covered,Snow-Covered/Snow (31).JPG
C:\Users\laksh\OneDrive\Desktop\AIML\solar-panel-ai\data\raw\Snow-Covered\Snow (32).JPG,Snow (32).JPG,.jpg,52767,True,,744,387,1.9225,3,RGB,JPEG,67fa54eb07af24129989e9aff7264444,Snow-Covered,Snow-Covered/Snow (32).JPG
C:\Users\laksh\OneDrive\Desktop\AIML\solar-panel-ai\data\raw\Snow-Covered\Snow (33).JPG,Snow (33).JPG,.jpg,38476,True,,374,458,0.8166,3,RGB,JPEG,d557756f52dc86f5af346c13cb63a533,Snow-Covered,Snow-Covered/Snow (33).JPG
C:\Users\laksh\OneDrive\Desktop\AIML\solar-panel-ai\data\raw\Snow-Covered\Snow (34).jpg,Snow (34).jpg,.jpg,188519,True,,1200,797,1.5056,3,RGB,JPEG,24d0cad668662ff62c636e387845b672,Snow-Covered,Snow-Covered/Snow (34).jpg
C:\Users\laksh\OneDrive\Desktop\AIML\solar-panel-ai\data\raw\Snow-Covered\Snow (35).JPG,Snow (35).JPG,.jpg,74375,True,,616,777,0.7928,3,RGB,JPEG,aea046b06872b720d804c4bd5e079476,Snow-Covered,Snow-Covered/Snow (35).JPG
C:\Users\laksh\OneDrive\Desktop\AIML\solar-panel-ai\data\raw\Snow-Covered\Snow (36).JPG,Snow (36).JPG,.jpg,120379,True,,1043,468,2.2286,3,RGB,JPEG,abfa3239f09b94123c77ac27f28e4dd4,Snow-Covered,Snow-Covered/Snow (36).JPG
C:\Users\laksh\OneDrive\Desktop\AIML\solar-panel-ai\data\raw\Snow-Covered\Snow (37).jpg,Snow (37).jpg,.jpg,132581,True,,1024,568,1.8028,3,RGB,JPEG,5ca446f34c798c58d058cf85bd19889e,Snow-Covered,Snow-Covered/Snow (37).jpg
C:\Users\laksh\OneDrive\Desktop\AIML\solar-panel-ai\data\raw\Snow-Covered\Snow (38).jpg,Snow (38).jpg,.jpg,6960,True,,196,110,1.7818,3,RGB,JPEG,c364a55a0e615b271dc8a8306c00ad6f,Snow-Covered,Snow-Covered/Snow (38).jpg
C:\Users\laksh\OneDrive\Desktop\AIML\solar-panel-ai\data\raw\Snow-Covered\Snow (39).JPG,Snow (39).JPG,.jpg,82176,True,,757,525,1.4419,3,RGB,JPEG,d2bef6c068b61698ccec569263ad054e,Snow-Covered,Snow-Covered/Snow (39).JPG
C:\Users\laksh\OneDrive\Desktop\AIML\solar-panel-ai\data\raw\Snow-Covered\Snow (4).jpg,Snow (4).jpg,.jpg,640259,True,,1920,1280,1.5,3,RGB,JPEG,c14f7a5f0fd2744e26e7feced27d625f,Snow-Covered,Snow-Covered/Snow (4).jpg
C:\Users\laksh\OneDrive\Desktop\AIML\solar-panel-ai\data\raw\Snow-Covered\Snow (40).JPG,Snow (40).JPG,.jpg,164522,True,,908,770,1.1792,3,RGB,JPEG,f96f5a05137bddf84a992984d9b69e6a,Snow-Covered,Snow-Covered/Snow (40).JPG
C:\Users\laksh\OneDrive\Desktop\AIML\solar-panel-ai\data\raw\Snow-Covered\Snow (41).jpg,Snow (41).jpg,.jpg,114951,True,,1280,720,1.7778,3,RGB,JPEG,afc12672e8e81df480501a008de8302c,Snow-Covered,Snow-Covered/Snow (41).jpg
C:\Users\laksh\OneDrive\Desktop\AIML\solar-panel-ai\data\raw\Snow-Covered\Snow (42).jpg,Snow (42).jpg,.jpg,160425,True,,800,600,1.3333,3,RGB,JPEG,514c9b5c55b1dabb6790fd0b383c0cd7,Snow-Covered,Snow-Covered/Snow (42).jpg
C:\Users\laksh\OneDrive\Desktop\AIML\solar-panel-ai\data\raw\Snow-Covered\Snow (43).jpg,Snow (43).jpg,.jpg,1739075,True,,2261,1507,1.5003,3,RGB,JPEG,786e0a269c13f68ebae230d607da3d47,Snow-Covered,Snow-Covered/Snow (43).jpg
C:\Users\laksh\OneDrive\Desktop\AIML\solar-panel-ai\data\raw\Snow-Covered\Snow (44).jpg,Snow (44).jpg,.jpg,65222,True,,600,380,1.5789,3,RGB,JPEG,a58a3cf90f219186378e84ea466ad4a6,Snow-Covered,Snow-Covered/Snow (44).jpg
C:\Users\laksh\OneDrive\Desktop\AIML\solar-panel-ai\data\raw\Snow-Covered\Snow (45).jpg,Snow (45).jpg,.jpg,18523,True,,369,312,1.1827,3,RGB,JPEG,67cf219a77e14de3e7c2fe48dc1d7a70,Snow-Covered,Snow-Covered/Snow (45).jpg
C:\Users\laksh\OneDrive\Desktop\AIML\solar-panel-ai\data\raw\Snow-Covered\Snow (46).jpg,Snow (46).jpg,.jpg,25507,True,,474,237,2.0,3,RGB,JPEG,b05781d98f37f4cc183f83ff6966360f,Snow-Covered,Snow-Covered/Snow (46).jpg
C:\Users\laksh\OneDrive\Desktop\AIML\solar-panel-ai\data\raw\Snow-Covered\Snow (47).jpg,Snow (47).jpg,.jpg,50829,True,,800,600,1.3333,3,RGB,JPEG,7caff2392dc081fdbc81889124f38c21,Snow-Covered,Snow-Covered/Snow (47).jpg
C:\Users\laksh\OneDrive\Desktop\AIML\solar-panel-ai\data\raw\Snow-Covered\Snow (48).jpg,Snow (48).jpg,.jpg,24508,True,,474,281,1.6868,3,RGB,JPEG,4622685b2a10978034e8f4e1933d4508,Snow-Covered,Snow-Covered/Snow (48).jpg
C:\Users\laksh\OneDrive\Desktop\AIML\solar-panel-ai\data\raw\Snow-Covered\Snow (49).jpg,Snow (49).jpg,.jpg,39326,True,,650,366,1.776,3,RGB,JPEG,bf7f4987ba44214465e24f8463abdbac,Snow-Covered,Snow-Covered/Snow (49).jpg
C:\Users\laksh\OneDrive\Desktop\AIML\solar-panel-ai\data\raw\Snow-Covered\Snow (5).jpg,Snow (5).jpg,.jpg,56027,True,,600,400,1.5,3,RGB,JPEG,895b503a345474562cd21887b2ed0bdf,Snow-Covered,Snow-Covered/Snow (5).jpg
C:\Users\laksh\OneDrive\Desktop\AIML\solar-panel-ai\data\raw\Snow-Covered\Snow (50).jpg,Snow (50).jpg,.jpg,40972,True,,474,315,1.5048,3,RGB,JPEG,a8ab92761d4f7fa6e0cc766313f21146,Snow-Covered,Snow-Covered/Snow (50).jpg
C:\Users\laksh\OneDrive\Desktop\AIML\solar-panel-ai\data\raw\Snow-Covered\Snow (51).jpg,Snow (51).jpg,.jpg,27128,True,,474,266,1.782,3,RGB,JPEG,3fae337cfab2b15c3a0ea97c3db85f45,Snow-Covered,Snow-Covered/Snow (51).jpg
C:\Users\laksh\OneDrive\Desktop\AIML\solar-panel-ai\data\raw\Snow-Covered\Snow (52).jpg,Snow (52).jpg,.jpg,38833,True,,474,465,1.0194,3,RGB,JPEG,69d6e3e2bac1ee28c0bac4002e978431,Snow-Covered,Snow-Covered/Snow (52).jpg
C:\Users\laksh\OneDrive\Desktop\AIML\solar-panel-ai\data\raw\Snow-Covered\Snow (53).jpg,Snow (53).jpg,.jpg,78927,True,,1106,830,1.3325,3,RGB,JPEG,ab5cb94c582f24fe27e6f1d0b4b5932e,Snow-Covered,Snow-Covered/Snow (53).jpg
C:\Users\laksh\OneDrive\Desktop\AIML\solar-panel-ai\data\raw\Snow-Covered\Snow (54).jpg,Snow (54).jpg,.jpg,34288,True,,650,366,1.776,3,RGB,JPEG,22463c40a17768aa03093a235e682c9b,Snow-Covered,Snow-Covered/Snow (54).jpg
C:\Users\laksh\OneDrive\Desktop\AIML\solar-panel-ai\data\raw\Snow-Covered\Snow (55).jpg,Snow (55).jpg,.jpg,40972,True,,474,315,1.5048,3,RGB,JPEG,a8ab92761d4f7fa6e0cc766313f21146,Snow-Covered,Snow-Covered/Snow (55).jpg
C:\Users\laksh\OneDrive\Desktop\AIML\solar-panel-ai\data\raw\Snow-Covered\Snow (56).jpg,Snow (56).jpg,.jpg,201008,True,,2048,1536,1.3333,3,RGB,JPEG,8a568d21fe2d3e6676b39be919bd57fb,Snow-Covered,Snow-Covered/Snow (56).jpg
C:\Users\laksh\OneDrive\Desktop\AIML\solar-panel-ai\data\raw\Snow-Covered\Snow (57).jpg,Snow (57).jpg,.jpg,324896,True,,2304,1728,1.3333,3,RGB,JPEG,b0b9510f3eb5801e2aca71a641649b14,Snow-Covered,Snow-Covered/Snow (57).jpg
C:\Users\laksh\OneDrive\Desktop\AIML\solar-panel-ai\data\raw\Snow-Covered\Snow (58).jpg,Snow (58).jpg,.jpg,18523,True,,369,312,1.1827,3,RGB,JPEG,67cf219a77e14de3e7c2fe48dc1d7a70,Snow-Covered,Snow-Covered/Snow (58).jpg
C:\Users\laksh\OneDrive\Desktop\AIML\solar-panel-ai\data\raw\Snow-Covered\Snow (59).jpg,Snow (59).jpg,.jpg,20916,True,,474,326,1.454,3,RGB,JPEG,e87329e8147f9b3c05fcbed26973951d,Snow-Covered,Snow-Covered/Snow (59).jpg
C:\Users\laksh\OneDrive\Desktop\AIML\solar-panel-ai\data\raw\Snow-Covered\Snow (6).jpg,Snow (6).jpg,.jpg,127349,True,,900,600,1.5,3,RGB,JPEG,ff456d7709392107fb3178643edb8f20,Snow-Covered,Snow-Covered/Snow (6).jpg
C:\Users\laksh\OneDrive\Desktop\AIML\solar-panel-ai\data\raw\Snow-Covered\Snow (60).jpg,Snow (60).jpg,.jpg,29427,True,,630,415,1.5181,3,RGB,JPEG,9650e0fa5a61a1f49dd8bda27fb95e29,Snow-Covered,Snow-Covered/Snow (60).jpg
C:\Users\laksh\OneDrive\Desktop\AIML\solar-panel-ai\data\raw\Snow-Covered\Snow (61).jpg,Snow (61).jpg,.jpg,77641,True,,800,553,1.4467,3,RGB,JPEG,4f0820a5c3167772ed0791514dc5d5e3,Snow-Covered,Snow-Covered/Snow (61).jpg
C:\Users\laksh\OneDrive\Desktop\AIML\solar-panel-ai\data\raw\Snow-Covered\Snow (62).jpg,Snow (62).jpg,.jpg,200349,True,,960,500,1.92,3,RGB,JPEG,1c29a16dc880c497d588c976779acfbb,Snow-Covered,Snow-Covered/Snow (62).jpg
C:\Users\laksh\OneDrive\Desktop\AIML\solar-panel-ai\data\raw\Snow-Covered\Snow (63).jpg,Snow (63).jpg,.jpg,82150,True,,523,392,1.3342,3,RGB,JPEG,9274d761965be76b01676fedbf46f38a,Snow-Covered,Snow-Covered/Snow (63).jpg
C:\Users\laksh\OneDrive\Desktop\AIML\solar-panel-ai\data\raw\Snow-Covered\Snow (64).jpg,Snow (64).jpg,.jpg,36246,True,,356,200,1.78,3,RGB,JPEG,b45c6f523a591c560a2ce98d2dd6b3f3,Snow-Covered,Snow-Covered/Snow (64).jpg
C:\Users\laksh\OneDrive\Desktop\AIML\solar-panel-ai\data\raw\Snow-Covered\Snow (65).jpg,Snow (65).jpg,.jpg,449581,True,,1280,960,1.3333,3,RGB,JPEG,815fc96c46d871b88c7fec30f79aec26,Snow-Covered,Snow-Covered/Snow (65).jpg
C:\Users\laksh\OneDrive\Desktop\AIML\solar-panel-ai\data\raw\Snow-Covered\Snow (66).jpg,Snow (66).jpg,.jpg,36246,True,,356,200,1.78,3,RGB,JPEG,b45c6f523a591c560a2ce98d2dd6b3f3,Snow-Covered,Snow-Covered/Snow (66).jpg
C:\Users\laksh\OneDrive\Desktop\AIML\solar-panel-ai\data\raw\Snow-Covered\Snow (67).jpg,Snow (67).jpg,.jpg,36246,True,,356,200,1.78,3,RGB,JPEG,b45c6f523a591c560a2ce98d2dd6b3f3,Snow-Covered,Snow-Covered/Snow (67).jpg
C:\Users\laksh\OneDrive\Desktop\AIML\solar-panel-ai\data\raw\Snow-Covered\Snow (68).jpg,Snow (68).jpg,.jpg,75220,True,,800,600,1.3333,3,RGB,JPEG,728294bedcc3f059c361dc98d03cbcf2,Snow-Covered,Snow-Covered/Snow (68).jpg
C:\Users\laksh\OneDrive\Desktop\AIML\solar-panel-ai\data\raw\Snow-Covered\Snow (69).jpg,Snow (69).jpg,.jpg,75220,True,,800,600,1.3333,3,RGB,JPEG,728294bedcc3f059c361dc98d03cbcf2,Snow-Covered,Snow-Covered/Snow (69).jpg
C:\Users\laksh\OneDrive\Desktop\AIML\solar-panel-ai\data\raw\Snow-Covered\Snow (7).jpg,Snow (7).jpg,.jpg,98829,True,,800,600,1.3333,3,RGB,JPEG,1f55a1775871c5b2da7563399400728a,Snow-Covered,Snow-Covered/Snow (7).jpg
C:\Users\laksh\OneDrive\Desktop\AIML\solar-panel-ai\data\raw\Snow-Covered\Snow (70).jpg,Snow (70).jpg,.jpg,336273,True,,1228,816,1.5049,3,RGB,MPO,a25950b7b40bd6dd3a80b20ea2e5a091,Snow-Covered,Snow-Covered/Snow (70).jpg
C:\Users\laksh\OneDrive\Desktop\AIML\solar-panel-ai\data\raw\Snow-Covered\Snow (71).jpg,Snow (71).jpg,.jpg,23961,True,,320,480,0.6667,3,RGB,JPEG,bb0cdab7ca471070297355e129a1fc6a,Snow-Covered,Snow-Covered/Snow (71).jpg
C:\Users\laksh\OneDrive\Desktop\AIML\solar-panel-ai\data\raw\Snow-Covered\Snow (72).jpg,Snow (72).jpg,.jpg,225165,True,,660,440,1.5,3,RGB,JPEG,8d1b10bfd68ca0005767ebee85f28e61,Snow-Covered,Snow-Covered/Snow (72).jpg
C:\Users\laksh\OneDrive\Desktop\AIML\solar-panel-ai\data\raw\Snow-Covered\Snow (73).jpg,Snow (73).jpg,.jpg,90281,True,,300,200,1.5,3,RGB,JPEG,68c284efd77a19faeadb50060cb3c84d,Snow-Covered,Snow-Covered/Snow (73).jpg
C:\Users\laksh\OneDrive\Desktop\AIML\solar-panel-ai\data\raw\Snow-Covered\Snow (74).jpg,Snow (74).jpg,.jpg,217947,True,,1000,668,1.497,3,RGB,JPEG,c367df96ca5d492cfacd63ccb74d77bc,Snow-Covered,Snow-Covered/Snow (74).jpg
C:\Users\laksh\OneDrive\Desktop\AIML\solar-panel-ai\data\raw\Snow-Covered\Snow (75).jpg,Snow (75).jpg,.jpg,140144,True,,800,600,1.3333,3,RGB,JPEG,427a98585c27b9dfaa8caef3c7cbdb99,Snow-Covered,Snow-Covered/Snow (75).jpg
C:\Users\laksh\OneDrive\Desktop\AIML\solar-panel-ai\data\raw\Snow-Covered\Snow (76).jpg,Snow (76).jpg,.jpg,110791,True,,640,426,1.5023,3,RGB,JPEG,99002f3bd61e07be648af58621887a67,Snow-Covered,Snow-Covered/Snow (76).jpg
C:\Users\laksh\OneDrive\Desktop\AIML\solar-panel-ai\data\raw\Snow-Covered\Snow (77).JPG,Snow (77).JPG,.jpg,89248,True,,1018,393,2.5903,3,RGB,JPEG,99fe8bfedaf35ff8c2b3c8e0a335ee26,Snow-Covered,Snow-Covered/Snow (77).JPG
C:\Users\laksh\OneDrive\Desktop\AIML\solar-panel-ai\data\raw\Snow-Covered\Snow (78).jpg,Snow (78).jpg,.jpg,48591,True,,900,554,1.6245,3,RGB,JPEG,5f8b25b60133ebb6f266a59ec537264c,Snow-Covered,Snow-Covered/Snow (78).jpg
C:\Users\laksh\OneDrive\Desktop\AIML\solar-panel-ai\data\raw\Snow-Covered\Snow (79).jpg,Snow (79).jpg,.jpg,99618,True,,900,640,1.4062,3,RGB,JPEG,32565af447ce25e8bbebb5a433d6d297,Snow-Covered,Snow-Covered/Snow (79).jpg
C:\Users\laksh\OneDrive\Desktop\AIML\solar-panel-ai\data\raw\Snow-Covered\Snow (8).jpg,Snow (8).jpg,.jpg,770536,True,,2560,1709,1.498,3,RGB,JPEG,cf0f33394d48b3a64b0ea3ce35d5418c,Snow-Covered,Snow-Covered/Snow (8).jpg
C:\Users\laksh\OneDrive\Desktop\AIML\solar-panel-ai\data\raw\Snow-Covered\Snow (80).jpg,Snow (80).jpg,.jpg,621676,True,,900,600,1.5,3,RGB,JPEG,8903fa6fa1ef03a155dfad5f8b70f542,Snow-Covered,Snow-Covered/Snow (80).jpg
C:\Users\laksh\OneDrive\Desktop\AIML\solar-panel-ai\data\raw\Snow-Covered\Snow (81).JPG,Snow (81).JPG,.jpg,93851,True,,1012,686,1.4752,3,RGB,JPEG,7bb3c935487635f2a3402651c0bf7a0d,Snow-Covered,Snow-Covered/Snow (81).JPG
C:\Users\laksh\OneDrive\Desktop\AIML\solar-panel-ai\data\raw\Snow-Covered\Snow (82).JPG,Snow (82).JPG,.jpg,73465,True,,973,456,2.1338,3,RGB,JPEG,3b67f2c872f2ff07515c0aea4abd2202,Snow-Covered,Snow-Covered/Snow (82).JPG
C:\Users\laksh\OneDrive\Desktop\AIML\solar-panel-ai\data\raw\Snow-Covered\Snow (83).jpg,Snow (83).jpg,.jpg,128536,True,,800,533,1.5009,3,RGB,JPEG,17697c46a6b322ac474950cd6dc73dc0,Snow-Covered,Snow-Covered/Snow (83).jpg
C:\Users\laksh\OneDrive\Desktop\AIML\solar-panel-ai\data\raw\Snow-Covered\Snow (84).jpg,Snow (84).jpg,.jpg,31069,True,,602,348,1.7299,3,RGB,JPEG,c32185734f69c747f4d07da826f7cfaa,Snow-Covered,Snow-Covered/Snow (84).jpg
C:\Users\laksh\OneDrive\Desktop\AIML\solar-panel-ai\data\raw\Snow-Covered\Snow (85).jpg,Snow (85).jpg,.jpg,132581,True,,1024,568,1.8028,3,RGB,JPEG,5ca446f34c798c58d058cf85bd19889e,Snow-Covered,Snow-Covered/Snow (85).jpg
C:\Users\laksh\OneDrive\Desktop\AIML\solar-panel-ai\data\raw\Snow-Covered\Snow (86).jpg,Snow (86).jpg,.jpg,138714,True,,1000,665,1.5038,3,RGB,JPEG,dfa44e12fd77a40e4eadb3033e58ddf7,Snow-Covered,Snow-Covered/Snow (86).jpg
C:\Users\laksh\OneDrive\Desktop\AIML\solar-panel-ai\data\raw\Snow-Covered\Snow (87).JPG,Snow (87).JPG,.jpg,100079,True,,1013,754,1.3435,3,RGB,JPEG,dffaaf814b28fd9e8227a5b3f77b2212,Snow-Covered,Snow-Covered/Snow (87).JPG
C:\Users\laksh\OneDrive\Desktop\AIML\solar-panel-ai\data\raw\Snow-Covered\Snow (88).JPG,Snow (88).JPG,.jpg,84392,True,,768,554,1.3863,3,RGB,JPEG,6e61f0bddcdf4cf90456fa8cedbe613c,Snow-Covered,Snow-Covered/Snow (88).JPG
C:\Users\laksh\OneDrive\Desktop\AIML\solar-panel-ai\data\raw\Snow-Covered\Snow (89).jpg,Snow (89).jpg,.jpg,116290,True,,626,417,1.5012,3,RGB,JPEG,3630cbfb4425e392deda239e57d9c7a3,Snow-Covered,Snow-Covered/Snow (89).jpg
C:\Users\laksh\OneDrive\Desktop\AIML\solar-panel-ai\data\raw\Snow-Covered\Snow (9).jpg,Snow (9).jpg,.jpg,118351,True,,1000,667,1.4993,3,RGB,JPEG,3379b03eb7bde4b5b634c0483c5bb5a1,Snow-Covered,Snow-Covered/Snow (9).jpg
C:\Users\laksh\OneDrive\Desktop\AIML\solar-panel-ai\data\raw\Snow-Covered\Snow (90).jpg,Snow (90).jpg,.jpg,36246,True,,356,200,1.78,3,RGB,JPEG,b45c6f523a591c560a2ce98d2dd6b3f3,Snow-Covered,Snow-Covered/Snow (90).jpg
C:\Users\laksh\OneDrive\Desktop\AIML\solar-panel-ai\data\raw\Snow-Covered\Snow (91).JPG,Snow (91).JPG,.jpg,46569,True,,821,285,2.8807,3,RGB,JPEG,7cff523763fe3cdc21986303c78afed2,Snow-Covered,Snow-Covered/Snow (91).JPG
C:\Users\laksh\OneDrive\Desktop\AIML\solar-panel-ai\data\raw\Snow-Covered\Snow (92).JPG,Snow (92).JPG,.jpg,64551,True,,800,392,2.0408,3,RGB,JPEG,38cf1fcc1e95cda105678a73fdbe0c11,Snow-Covered,Snow-Covered/Snow (92).JPG
C:\Users\laksh\OneDrive\Desktop\AIML\solar-panel-ai\data\raw\Snow-Covered\Snow (93).JPG,Snow (93).JPG,.jpg,84288,True,,784,560,1.4,3,RGB,JPEG,894e5a4277da52d6893e4d7ffbb216fd,Snow-Covered,Snow-Covered/Snow (93).JPG
C:\Users\laksh\OneDrive\Desktop\AIML\solar-panel-ai\data\raw\Snow-Covered\Snow (94).jpg,Snow (94).jpg,.jpg,152310,True,,1280,720,1.7778,3,RGB,JPEG,4597d0495b0bc2f74fbe292355e95d18,Snow-Covered,Snow-Covered/Snow (94).jpg
C:\Users\laksh\OneDrive\Desktop\AIML\solar-panel-ai\data\raw\Snow-Covered\Snow (95).jpg,Snow (95).jpg,.jpg,37443,True,,768,432,1.7778,3,RGB,JPEG,14b1244cff8c926e2c48488ec0b2cc24,Snow-Covered,Snow-Covered/Snow (95).jpg
C:\Users\laksh\OneDrive\Desktop\AIML\solar-panel-ai\data\raw\Snow-Covered\Snow (96).jpg,Snow (96).jpg,.jpg,30890,True,,486,323,1.5046,3,RGB,JPEG,37a4fbc62e9bb64293b515d607cbb769,Snow-Covered,Snow-Covered/Snow (96).jpg
C:\Users\laksh\OneDrive\Desktop\AIML\solar-panel-ai\data\raw\Snow-Covered\Snow (97).jpg,Snow (97).jpg,.jpg,79959,True,,1000,592,1.6892,3,RGB,JPEG,c38c5a452ee62b1b709cdd38908d8f77,Snow-Covered,Snow-Covered/Snow (97).jpg
C:\Users\laksh\OneDrive\Desktop\AIML\solar-panel-ai\data\raw\Snow-Covered\Snow (98).jpg,Snow (98).jpg,.jpg,15688,True,,270,194,1.3918,3,RGB,JPEG,89a794d47ffeef1926553fee8361e628,Snow-Covered,Snow-Covered/Snow (98).jpg
C:\Users\laksh\OneDrive\Desktop\AIML\solar-panel-ai\data\raw\Snow-Covered\Snow (99).jpg,Snow (99).jpg,.jpg,69494,True,,768,576,1.3333,3,RGB,JPEG,85f886e3e350106679c671528d7c2965,Snow-Covered,Snow-Covered/Snow (99).jpg
