image_name,true_class,condition,predicted_class,confidence,correct
13.JPG,Bird-drop,ORIGINAL,Bird-drop,0.9263,True
15.JPG,Bird-drop,ORIGINAL,Bird-drop,0.6886,True
Bird (104).jpg,Bird-drop,ORIGINAL,Bird-drop,0.9473,True
Bird (112).jpg,Bird-drop,ORIGINAL,Bird-drop,0.9316,True
Bird (113).jpg,Bird-drop,ORIGINAL,Dusty,0.8298,False
Bird (117).jpg,Bird-drop,ORIGINAL,Bird-drop,0.9258,True
Bird (119).jpg,Bird-drop,ORIGINAL,Bird-drop,0.7919,True
Bird (122).jpg,Bird-drop,ORIGINAL,Bird-drop,0.8388,True
Bird (127).jpg,Bird-drop,ORIGINAL,Bird-drop,0.9002,True
Bird (14).JPG,Bird-drop,ORIGINAL,Physical-damage,0.2832,False
Bird (145).jpg,Bird-drop,ORIGINAL,Bird-drop,0.9447,True
Bird (15).JPG,Bird-drop,ORIGINAL,Bird-drop,0.6723,True
Bird (160).jpg,Bird-drop,ORIGINAL,Bird-drop,0.9184,True
Bird (165).jpg,Bird-drop,ORIGINAL,Bird-drop,0.9915,True
Bird (174).jpg,Bird-drop,ORIGINAL,Bird-drop,0.9825,True
Bird (175).jpg,Bird-drop,ORIGINAL,Bird-drop,0.5041,True
Bird (183).jpg,Bird-drop,ORIGINAL,Bird-drop,0.5041,True
Bird (185).jpg,Bird-drop,ORIGINAL,Bird-drop,0.7675,True
Bird (190).jpg,Bird-drop,ORIGINAL,Bird-drop,0.9811,True
Bird (194).jpg,Bird-drop,ORIGINAL,Bird-drop,0.9811,True
Bird (2).JPG,Bird-drop,ORIGINAL,Bird-drop,0.7661,True
Bird (3).jpg,Bird-drop,ORIGINAL,Bird-drop,0.4243,True
Bird (30).jpg,Bird-drop,ORIGINAL,Bird-drop,0.9316,True
Bird (36).jpg,Bird-drop,ORIGINAL,Bird-drop,0.9831,True
Bird (38).jpg,Bird-drop,ORIGINAL,Bird-drop,0.9825,True
Bird (44).jpg,Bird-drop,ORIGINAL,Bird-drop,0.9447,True
Bird (55).jpg,Bird-drop,ORIGINAL,Bird-drop,0.9915,True
Bird (56).jpg,Bird-drop,ORIGINAL,Bird-drop,0.6916,True
Bird (63).jpg,Bird-drop,ORIGINAL,Bird-drop,0.6021,True
Bird (65).jpg,Bird-drop,ORIGINAL,Bird-drop,0.967,True
Bird (71).jpg,Bird-drop,ORIGINAL,Dusty,0.6318,False
Bird (77).jpg,Bird-drop,ORIGINAL,Bird-drop,0.9258,True
Bird (78).jpg,Bird-drop,ORIGINAL,Bird-drop,0.9354,True
Bird (79).jpg,Bird-drop,ORIGINAL,Bird-drop,0.7919,True
Bird (81).jpg,Bird-drop,ORIGINAL,Bird-drop,0.9743,True
Bird (86).jpg,Bird-drop,ORIGINAL,Bird-drop,0.7919,True
Bird (89).jpg,Bird-drop,ORIGINAL,Dusty,0.8104,False
Bird (9).jpg,Bird-drop,ORIGINAL,Bird-drop,0.8631,True
Bird (92).jpg,Bird-drop,ORIGINAL,Electrical-damage,0.5536,False
Bird (95).jpg,Bird-drop,ORIGINAL,Dusty,0.879,False
Bird (97).jpg,Bird-drop,ORIGINAL,Bird-drop,0.944,True
Clean (102).jpg,Clean,ORIGINAL,Dusty,0.5654,False
Clean (104).jpg,Clean,ORIGINAL,Clean,0.9754,True
Clean (105).jpg,Clean,ORIGINAL,Clean,0.8546,True
Clean (107).jpg,Clean,ORIGINAL,Dusty,0.4836,False
Clean (117).jpg,Clean,ORIGINAL,Clean,0.5667,True
Clean (122).jpg,Clean,ORIGINAL,Clean,0.8731,True
Clean (128).jpg,Clean,ORIGINAL,Clean,0.9664,True
Clean (129).jpg,Clean,ORIGINAL,Clean,0.9171,True
Clean (131).jpg,Clean,ORIGINAL,Clean,0.2954,True
Clean (135).JPG,Clean,ORIGINAL,Clean,0.9774,True
Clean (137).jpg,Clean,ORIGINAL,Clean,0.9221,True
Clean (140).JPG,Clean,ORIGINAL,Clean,0.9929,True
Clean (144).jpg,Clean,ORIGINAL,Clean,0.845,True
Clean (147).jpg,Clean,ORIGINAL,Clean,0.9912,True
Clean (148).jpg,Clean,ORIGINAL,Clean,0.8278,True
Clean (152).jpg,Clean,ORIGINAL,Clean,0.9894,True
Clean (158).jpg,Clean,ORIGINAL,Clean,0.8509,True
Clean (16).JPG,Clean,ORIGINAL,Clean,0.881,True
Clean (163).jpg,Clean,ORIGINAL,Clean,0.9287,True
Clean (166).jpg,Clean,ORIGINAL,Clean,0.9957,True
Clean (176).jpg,Clean,ORIGINAL,Clean,0.9264,True
Clean (180).jpg,Clean,ORIGINAL,Clean,0.8928,True
Clean (183).jpg,Clean,ORIGINAL,Clean,0.9844,True
Clean (184).jpg,Clean,ORIGINAL,Clean,0.9525,True
Clean (186).jpg,Clean,ORIGINAL,Clean,0.8261,True
Clean (192).jpg,Clean,ORIGINAL,Clean,0.9179,True
Clean (3).jpg,Clean,ORIGINAL,Clean,0.967,True
Clean (30).jpg,Clean,ORIGINAL,Clean,0.9844,True
Clean (35).jpg,Clean,ORIGINAL,Clean,0.964,True
Clean (37).jpg,Clean,ORIGINAL,Clean,0.746,True
Clean (41).jpg,Clean,ORIGINAL,Electrical-damage,0.3683,False
Clean (60).jpg,Clean,ORIGINAL,Clean,0.6221,True
Clean (68).jpg,Clean,ORIGINAL,Clean,0.9534,True
Clean (7).jpg,Clean,ORIGINAL,Clean,0.6048,True
Clean (73).jpg,Clean,ORIGINAL,Clean,0.4316,True
Clean (86).jpg,Clean,ORIGINAL,Clean,0.9929,True
Clean (94).jpg,Clean,ORIGINAL,Bird-drop,0.6117,False
Clean (96).jpg,Clean,ORIGINAL,Clean,0.5411,True
Clean (99).jpg,Clean,ORIGINAL,Clean,0.8529,True
Dust (1).jpg,Dusty,ORIGINAL,Dusty,0.4275,True
Dust (100).jpg,Dusty,ORIGINAL,Dusty,0.9814,True
Dust (109).jpg,Dusty,ORIGINAL,Dusty,0.8878,True
Dust (11).jpg,Dusty,ORIGINAL,Bird-drop,0.4866,False
Dust (111).jpg,Dusty,ORIGINAL,Dusty,0.9293,True
Dust (114).jpg,Dusty,ORIGINAL,Dusty,0.4444,True
Dust (115).jpg,Dusty,ORIGINAL,Dusty,0.678,True
Dust (116).jpg,Dusty,ORIGINAL,Dusty,0.7234,True
Dust (119).jpg,Dusty,ORIGINAL,Dusty,0.9451,True
Dust (123).jpg,Dusty,ORIGINAL,Dusty,0.906,True
Dust (134).jpg,Dusty,ORIGINAL,Dusty,0.6048,True
Dust (135).jpg,Dusty,ORIGINAL,Dusty,0.5512,True
Dust (136).jpg,Dusty,ORIGINAL,Dusty,0.8005,True
Dust (142).jpg,Dusty,ORIGINAL,Dusty,0.7449,True
Dust (145).jpg,Dusty,ORIGINAL,Dusty,0.7219,True
Dust (146).jpg,Dusty,ORIGINAL,Dusty,0.9349,True
Dust (148).jpg,Dusty,ORIGINAL,Dusty,0.954,True
Dust (149).jpg,Dusty,ORIGINAL,Dusty,0.9854,True
Dust (155).jpg,Dusty,ORIGINAL,Dusty,0.6924,True
Dust (165).jpg,Dusty,ORIGINAL,Dusty,0.446,True
Dust (178).jpg,Dusty,ORIGINAL,Bird-drop,0.3479,False
Dust (181).jpg,Dusty,ORIGINAL,Bird-drop,0.4357,False
Dust (23).jpg,Dusty,ORIGINAL,Bird-drop,0.4866,False
Dust (33).jpg,Dusty,ORIGINAL,Dusty,0.5276,True
Dust (47).jpg,Dusty,ORIGINAL,Dusty,0.9648,True
Dust (5).jpg,Dusty,ORIGINAL,Clean,0.4548,False
Dust (51).jpg,Dusty,ORIGINAL,Dusty,0.9704,True
Dust (59).jpg,Dusty,ORIGINAL,Dusty,0.9941,True
Dust (6).jpg,Dusty,ORIGINAL,Dusty,0.8936,True
Dust (60).jpg,Dusty,ORIGINAL,Dusty,0.8089,True
Dust (66).jpg,Dusty,ORIGINAL,Clean,0.4284,False
Dust (76).jpg,Dusty,ORIGINAL,Clean,0.8496,False
Dust (78).jpg,Dusty,ORIGINAL,Dusty,0.9005,True
Dust (82).jpg,Dusty,ORIGINAL,Dusty,0.9882,True
Dust (87).jpg,Dusty,ORIGINAL,Dusty,0.95,True
Dust (89).jpg,Dusty,ORIGINAL,Dusty,0.9389,True
Dust (91).jpg,Dusty,ORIGINAL,Dusty,0.9452,True
Electrical (1).jpg,Electrical-damage,ORIGINAL,Electrical-damage,0.9396,True
Electrical (10).jpg,Electrical-damage,ORIGINAL,Electrical-damage,0.949,True
Electrical (15).jpg,Electrical-damage,ORIGINAL,Electrical-damage,0.5961,True
Electrical (16).jpg,Electrical-damage,ORIGINAL,Electrical-damage,0.9758,True
Electrical (17).jpg,Electrical-damage,ORIGINAL,Electrical-damage,0.9782,True
Electrical (20).jpg,Electrical-damage,ORIGINAL,Electrical-damage,0.9706,True
Electrical (21).jpg,Electrical-damage,ORIGINAL,Electrical-damage,0.9714,True
Electrical (22).jpg,Electrical-damage,ORIGINAL,Electrical-damage,0.8323,True
Electrical (34).jpg,Electrical-damage,ORIGINAL,Electrical-damage,0.8781,True
Electrical (40).jpg,Electrical-damage,ORIGINAL,Electrical-damage,0.9728,True
Electrical (43).jpg,Electrical-damage,ORIGINAL,Clean,0.4636,False
Electrical (57).JPG,Electrical-damage,ORIGINAL,Electrical-damage,0.9096,True
Electrical (6).jpg,Electrical-damage,ORIGINAL,Electrical-damage,0.3506,True
Electrical (63).jpg,Electrical-damage,ORIGINAL,Electrical-damage,0.9396,True
Electrical (66).JPG,Electrical-damage,ORIGINAL,Electrical-damage,0.9923,True
Electrical (70).jpg,Electrical-damage,ORIGINAL,Electrical-damage,0.9026,True
Electrical (87).jpg,Electrical-damage,ORIGINAL,Electrical-damage,0.9616,True
Electrical (90).jpg,Electrical-damage,ORIGINAL,Electrical-damage,0.8781,True
Electrical (94).jpg,Electrical-damage,ORIGINAL,Electrical-damage,0.7528,True
Electrical (98).jpg,Electrical-damage,ORIGINAL,Electrical-damage,0.9706,True
Electrical (99).jpg,Electrical-damage,ORIGINAL,Electrical-damage,0.8671,True
Physical (1).jpg,Physical-damage,ORIGINAL,Bird-drop,0.8641,False
Physical (19).jpg,Physical-damage,ORIGINAL,Physical-damage,0.3017,True
Physical (21).jpg,Physical-damage,ORIGINAL,Physical-damage,0.8153,True
Physical (27).JPG,Physical-damage,ORIGINAL,Physical-damage,0.5835,True
Physical (34).jpg,Physical-damage,ORIGINAL,Physical-damage,0.847,True
Physical (37).jpg,Physical-damage,ORIGINAL,Bird-drop,0.5576,False
Physical (4).jpg,Physical-damage,ORIGINAL,Bird-drop,0.423,False
Physical (47).jpg,Physical-damage,ORIGINAL,Physical-damage,0.9639,True
Physical (53).jpg,Physical-damage,ORIGINAL,Clean,0.9523,False
Physical (6).jpg,Physical-damage,ORIGINAL,Physical-damage,0.5988,True
Physical (61).jpg,Physical-damage,ORIGINAL,Physical-damage,0.823,True
Physical (8).jpg,Physical-damage,ORIGINAL,Physical-damage,0.9579,True
Physical (9).jpg,Physical-damage,ORIGINAL,Dusty,0.2731,False
Snow (107).jpg,Snow-Covered,ORIGINAL,Snow-Covered,0.9885,True
Snow (108).jpg,Snow-Covered,ORIGINAL,Snow-Covered,0.6222,True
Snow (109).jpg,Snow-Covered,ORIGINAL,Snow-Covered,0.8977,True
Snow (110).jpg,Snow-Covered,ORIGINAL,Snow-Covered,0.7506,True
Snow (114).jpg,Snow-Covered,ORIGINAL,Snow-Covered,0.9591,True
Snow (115).jpg,Snow-Covered,ORIGINAL,Snow-Covered,0.8005,True
Snow (117).jpg,Snow-Covered,ORIGINAL,Snow-Covered,0.944,True
Snow (121).jpg,Snow-Covered,ORIGINAL,Bird-drop,0.4296,False
Snow (15).jpg,Snow-Covered,ORIGINAL,Snow-Covered,0.9778,True
Snow (20).jpg,Snow-Covered,ORIGINAL,Bird-drop,0.4462,False
Snow (23).jpg,Snow-Covered,ORIGINAL,Snow-Covered,0.9519,True
Snow (25).jpg,Snow-Covered,ORIGINAL,Snow-Covered,0.5173,True
Snow (35).JPG,Snow-Covered,ORIGINAL,Snow-Covered,0.9369,True
Snow (5).jpg,Snow-Covered,ORIGINAL,Snow-Covered,0.9878,True
Snow (50).jpg,Snow-Covered,ORIGINAL,Snow-Covered,0.3093,True
Snow (53).jpg,Snow-Covered,ORIGINAL,Snow-Covered,0.9531,True
Snow (54).jpg,Snow-Covered,ORIGINAL,Snow-Covered,0.982,True
Snow (55).jpg,Snow-Covered,ORIGINAL,Snow-Covered,0.3093,True
Snow (64).jpg,Snow-Covered,ORIGINAL,Snow-Covered,0.9733,True
Snow (66).jpg,Snow-Covered,ORIGINAL,Snow-Covered,0.9733,True
Snow (67).jpg,Snow-Covered,ORIGINAL,Snow-Covered,0.9733,True
Snow (83).jpg,Snow-Covered,ORIGINAL,Clean,0.7041,False
Snow (86).jpg,Snow-Covered,ORIGINAL,Snow-Covered,0.9844,True
Snow (87).JPG,Snow-Covered,ORIGINAL,Snow-Covered,0.9854,True
Snow (90).jpg,Snow-Covered,ORIGINAL,Snow-Covered,0.9733,True
Snow (91).JPG,Snow-Covered,ORIGINAL,Snow-Covered,0.9099,True
13.JPG,Bird-drop,LOW_LIGHT,Bird-drop,0.9155,True
15.JPG,Bird-drop,LOW_LIGHT,Bird-drop,0.3624,True
Bird (104).jpg,Bird-drop,LOW_LIGHT,Bird-drop,0.8646,True
Bird (112).jpg,Bird-drop,LOW_LIGHT,Bird-drop,0.8334,True
Bird (113).jpg,Bird-drop,LOW_LIGHT,Dusty,0.8131,False
Bird (117).jpg,Bird-drop,LOW_LIGHT,Bird-drop,0.8698,True
Bird (119).jpg,Bird-drop,LOW_LIGHT,Bird-drop,0.7105,True
Bird (122).jpg,Bird-drop,LOW_LIGHT,Bird-drop,0.618,True
Bird (127).jpg,Bird-drop,LOW_LIGHT,Bird-drop,0.7353,True
Bird (14).JPG,Bird-drop,LOW_LIGHT,Physical-damage,0.32,False
Bird (145).jpg,Bird-drop,LOW_LIGHT,Bird-drop,0.7739,True
Bird (15).JPG,Bird-drop,LOW_LIGHT,Bird-drop,0.6298,True
Bird (160).jpg,Bird-drop,LOW_LIGHT,Bird-drop,0.9189,True
Bird (165).jpg,Bird-drop,LOW_LIGHT,Bird-drop,0.9527,True
Bird (174).jpg,Bird-drop,LOW_LIGHT,Bird-drop,0.4756,True
Bird (175).jpg,Bird-drop,LOW_LIGHT,Dusty,0.4574,False
Bird (183).jpg,Bird-drop,LOW_LIGHT,Dusty,0.4574,False
Bird (185).jpg,Bird-drop,LOW_LIGHT,Bird-drop,0.3892,True
Bird (190).jpg,Bird-drop,LOW_LIGHT,Bird-drop,0.9612,True
Bird (194).jpg,Bird-drop,LOW_LIGHT,Bird-drop,0.9612,True
Bird (2).JPG,Bird-drop,LOW_LIGHT,Bird-drop,0.658,True
Bird (3).jpg,Bird-drop,LOW_LIGHT,Bird-drop,0.4172,True
Bird (30).jpg,Bird-drop,LOW_LIGHT,Bird-drop,0.8334,True
Bird (36).jpg,Bird-drop,LOW_LIGHT,Bird-drop,0.9004,True
Bird (38).jpg,Bird-drop,LOW_LIGHT,Bird-drop,0.4756,True
Bird (44).jpg,Bird-drop,LOW_LIGHT,Bird-drop,0.7739,True
Bird (55).jpg,Bird-drop,LOW_LIGHT,Bird-drop,0.9527,True
Bird (56).jpg,Bird-drop,LOW_LIGHT,Bird-drop,0.4754,True
Bird (63).jpg,Bird-drop,LOW_LIGHT,Clean,0.3541,False
Bird (65).jpg,Bird-drop,LOW_LIGHT,Bird-drop,0.7589,True
Bird (71).jpg,Bird-drop,LOW_LIGHT,Physical-damage,0.3758,False
Bird (77).jpg,Bird-drop,LOW_LIGHT,Bird-drop,0.8698,True
Bird (78).jpg,Bird-drop,LOW_LIGHT,Physical-damage,0.3963,False
Bird (79).jpg,Bird-drop,LOW_LIGHT,Bird-drop,0.7105,True
Bird (81).jpg,Bird-drop,LOW_LIGHT,Bird-drop,0.9274,True
Bird (86).jpg,Bird-drop,LOW_LIGHT,Bird-drop,0.7105,True
Bird (89).jpg,Bird-drop,LOW_LIGHT,Dusty,0.829,False
Bird (9).jpg,Bird-drop,LOW_LIGHT,Bird-drop,0.6438,True
Bird (92).jpg,Bird-drop,LOW_LIGHT,Electrical-damage,0.4988,False
Bird (95).jpg,Bird-drop,LOW_LIGHT,Dusty,0.782,False
Bird (97).jpg,Bird-drop,LOW_LIGHT,Bird-drop,0.9417,True
Clean (102).jpg,Clean,LOW_LIGHT,Dusty,0.5582,False
Clean (104).jpg,Clean,LOW_LIGHT,Clean,0.8089,True
Clean (105).jpg,Clean,LOW_LIGHT,Clean,0.8021,True
Clean (107).jpg,Clean,LOW_LIGHT,Snow-Covered,0.3743,False
Clean (117).jpg,Clean,LOW_LIGHT,Dusty,0.3203,False
Clean (122).jpg,Clean,LOW_LIGHT,Clean,0.5148,True
Clean (128).jpg,Clean,LOW_LIGHT,Clean,0.9581,True
Clean (129).jpg,Clean,LOW_LIGHT,Clean,0.7933,True
Clean (131).jpg,Clean,LOW_LIGHT,Clean,0.4233,True
Clean (135).JPG,Clean,LOW_LIGHT,Clean,0.9913,True
Clean (137).jpg,Clean,LOW_LIGHT,Clean,0.9207,True
Clean (140).JPG,Clean,LOW_LIGHT,Clean,0.8532,True
Clean (144).jpg,Clean,LOW_LIGHT,Clean,0.6596,True
Clean (147).jpg,Clean,LOW_LIGHT,Clean,0.968,True
Clean (148).jpg,Clean,LOW_LIGHT,Clean,0.6056,True
Clean (152).jpg,Clean,LOW_LIGHT,Clean,0.989,True
Clean (158).jpg,Clean,LOW_LIGHT,Clean,0.9004,True
Clean (16).JPG,Clean,LOW_LIGHT,Clean,0.8259,True
Clean (163).jpg,Clean,LOW_LIGHT,Clean,0.8911,True
Clean (166).jpg,Clean,LOW_LIGHT,Clean,0.978,True
Clean (176).jpg,Clean,LOW_LIGHT,Clean,0.4737,True
Clean (180).jpg,Clean,LOW_LIGHT,Clean,0.8437,True
Clean (183).jpg,Clean,LOW_LIGHT,Clean,0.9434,True
Clean (184).jpg,Clean,LOW_LIGHT,Clean,0.6771,True
Clean (186).jpg,Clean,LOW_LIGHT,Clean,0.2881,True
Clean (192).jpg,Clean,LOW_LIGHT,Clean,0.9606,True
Clean (3).jpg,Clean,LOW_LIGHT,Clean,0.3986,True
Clean (30).jpg,Clean,LOW_LIGHT,Clean,0.9434,True
Clean (35).jpg,Clean,LOW_LIGHT,Clean,0.9725,True
Clean (37).jpg,Clean,LOW_LIGHT,Clean,0.4629,True
Clean (41).jpg,Clean,LOW_LIGHT,Electrical-damage,0.3446,False
Clean (60).jpg,Clean,LOW_LIGHT,Clean,0.838,True
Clean (68).jpg,Clean,LOW_LIGHT,Clean,0.8707,True
Clean (7).jpg,Clean,LOW_LIGHT,Clean,0.3609,True
Clean (73).jpg,Clean,LOW_LIGHT,Clean,0.6848,True
Clean (86).jpg,Clean,LOW_LIGHT,Clean,0.9861,True
Clean (94).jpg,Clean,LOW_LIGHT,Bird-drop,0.5882,False
Clean (96).jpg,Clean,LOW_LIGHT,Clean,0.7669,True
Clean (99).jpg,Clean,LOW_LIGHT,Clean,0.8461,True
Dust (1).jpg,Dusty,LOW_LIGHT,Dusty,0.7104,True
Dust (100).jpg,Dusty,LOW_LIGHT,Dusty,0.977,True
Dust (109).jpg,Dusty,LOW_LIGHT,Dusty,0.7209,True
Dust (11).jpg,Dusty,LOW_LIGHT,Bird-drop,0.3153,False
Dust (111).jpg,Dusty,LOW_LIGHT,Dusty,0.8385,True
Dust (114).jpg,Dusty,LOW_LIGHT,Clean,0.4246,False
Dust (115).jpg,Dusty,LOW_LIGHT,Dusty,0.4979,True
Dust (116).jpg,Dusty,LOW_LIGHT,Dusty,0.6432,True
Dust (119).jpg,Dusty,LOW_LIGHT,Dusty,0.8576,True
Dust (123).jpg,Dusty,LOW_LIGHT,Dusty,0.9264,True
Dust (134).jpg,Dusty,LOW_LIGHT,Clean,0.4306,False
Dust (135).jpg,Dusty,LOW_LIGHT,Dusty,0.7055,True
Dust (136).jpg,Dusty,LOW_LIGHT,Dusty,0.7039,True
Dust (142).jpg,Dusty,LOW_LIGHT,Dusty,0.9327,True
Dust (145).jpg,Dusty,LOW_LIGHT,Dusty,0.6843,True
Dust (146).jpg,Dusty,LOW_LIGHT,Dusty,0.9403,True
Dust (148).jpg,Dusty,LOW_LIGHT,Dusty,0.8557,True
Dust (149).jpg,Dusty,LOW_LIGHT,Dusty,0.9812,True
Dust (155).jpg,Dusty,LOW_LIGHT,Dusty,0.6203,True
Dust (165).jpg,Dusty,LOW_LIGHT,Dusty,0.3446,True
Dust (178).jpg,Dusty,LOW_LIGHT,Dusty,0.2992,True
Dust (181).jpg,Dusty,LOW_LIGHT,Dusty,0.2956,True
Dust (23).jpg,Dusty,LOW_LIGHT,Bird-drop,0.3153,False
Dust (33).jpg,Dusty,LOW_LIGHT,Dusty,0.3964,True
Dust (47).jpg,Dusty,LOW_LIGHT,Dusty,0.884,True
Dust (5).jpg,Dusty,LOW_LIGHT,Clean,0.774,False
Dust (51).jpg,Dusty,LOW_LIGHT,Dusty,0.9486,True
Dust (59).jpg,Dusty,LOW_LIGHT,Dusty,0.9912,True
Dust (6).jpg,Dusty,LOW_LIGHT,Dusty,0.8841,True
Dust (60).jpg,Dusty,LOW_LIGHT,Dusty,0.9025,True
Dust (66).jpg,Dusty,LOW_LIGHT,Clean,0.591,False
Dust (76).jpg,Dusty,LOW_LIGHT,Clean,0.8287,False
Dust (78).jpg,Dusty,LOW_LIGHT,Dusty,0.8647,True
Dust (82).jpg,Dusty,LOW_LIGHT,Dusty,0.9763,True
Dust (87).jpg,Dusty,LOW_LIGHT,Dusty,0.8633,True
Dust (89).jpg,Dusty,LOW_LIGHT,Dusty,0.8991,True
Dust (91).jpg,Dusty,LOW_LIGHT,Dusty,0.915,True
Electrical (1).jpg,Electrical-damage,LOW_LIGHT,Electrical-damage,0.8706,True
Electrical (10).jpg,Electrical-damage,LOW_LIGHT,Electrical-damage,0.3903,True
Electrical (15).jpg,Electrical-damage,LOW_LIGHT,Clean,0.5776,False
Electrical (16).jpg,Electrical-damage,LOW_LIGHT,Electrical-damage,0.9415,True
Electrical (17).jpg,Electrical-damage,LOW_LIGHT,Electrical-damage,0.6162,True
Electrical (20).jpg,Electrical-damage,LOW_LIGHT,Electrical-damage,0.9388,True
Electrical (21).jpg,Electrical-damage,LOW_LIGHT,Electrical-damage,0.9686,True
Electrical (22).jpg,Electrical-damage,LOW_LIGHT,Electrical-damage,0.8964,True
Electrical (34).jpg,Electrical-damage,LOW_LIGHT,Electrical-damage,0.876,True
Electrical (40).jpg,Electrical-damage,LOW_LIGHT,Electrical-damage,0.9576,True
Electrical (43).jpg,Electrical-damage,LOW_LIGHT,Electrical-damage,0.7803,True
Electrical (57).JPG,Electrical-damage,LOW_LIGHT,Electrical-damage,0.7412,True
Electrical (6).jpg,Electrical-damage,LOW_LIGHT,Physical-damage,0.3855,False
Electrical (63).jpg,Electrical-damage,LOW_LIGHT,Electrical-damage,0.8706,True
Electrical (66).JPG,Electrical-damage,LOW_LIGHT,Electrical-damage,0.9654,True
Electrical (70).jpg,Electrical-damage,LOW_LIGHT,Electrical-damage,0.7759,True
Electrical (87).jpg,Electrical-damage,LOW_LIGHT,Electrical-damage,0.9498,True
Electrical (90).jpg,Electrical-damage,LOW_LIGHT,Electrical-damage,0.876,True
Electrical (94).jpg,Electrical-damage,LOW_LIGHT,Electrical-damage,0.7062,True
Electrical (98).jpg,Electrical-damage,LOW_LIGHT,Electrical-damage,0.9388,True
Electrical (99).jpg,Electrical-damage,LOW_LIGHT,Electrical-damage,0.9141,True
Physical (1).jpg,Physical-damage,LOW_LIGHT,Bird-drop,0.7917,False
Physical (19).jpg,Physical-damage,LOW_LIGHT,Physical-damage,0.6447,True
Physical (21).jpg,Physical-damage,LOW_LIGHT,Physical-damage,0.6227,True
Physical (27).JPG,Physical-damage,LOW_LIGHT,Physical-damage,0.6515,True
Physical (34).jpg,Physical-damage,LOW_LIGHT,Physical-damage,0.844,True
Physical (37).jpg,Physical-damage,LOW_LIGHT,Bird-drop,0.4428,False
Physical (4).jpg,Physical-damage,LOW_LIGHT,Bird-drop,0.4257,False
Physical (47).jpg,Physical-damage,LOW_LIGHT,Physical-damage,0.9015,True
Physical (53).jpg,Physical-damage,LOW_LIGHT,Clean,0.9766,False
Physical (6).jpg,Physical-damage,LOW_LIGHT,Physical-damage,0.6273,True
Physical (61).jpg,Physical-damage,LOW_LIGHT,Physical-damage,0.5292,True
Physical (8).jpg,Physical-damage,LOW_LIGHT,Physical-damage,0.8963,True
Physical (9).jpg,Physical-damage,LOW_LIGHT,Dusty,0.2914,False
Snow (107).jpg,Snow-Covered,LOW_LIGHT,Snow-Covered,0.9885,True
Snow (108).jpg,Snow-Covered,LOW_LIGHT,Snow-Covered,0.4737,True
Snow (109).jpg,Snow-Covered,LOW_LIGHT,Snow-Covered,0.9157,True
Snow (110).jpg,Snow-Covered,LOW_LIGHT,Snow-Covered,0.9055,True
Snow (114).jpg,Snow-Covered,LOW_LIGHT,Snow-Covered,0.8894,True
Snow (115).jpg,Snow-Covered,LOW_LIGHT,Snow-Covered,0.3243,True
Snow (117).jpg,Snow-Covered,LOW_LIGHT,Snow-Covered,0.9656,True
Snow (121).jpg,Snow-Covered,LOW_LIGHT,Snow-Covered,0.3043,True
Snow (15).jpg,Snow-Covered,LOW_LIGHT,Snow-Covered,0.9833,True
Snow (20).jpg,Snow-Covered,LOW_LIGHT,Bird-drop,0.4781,False
Snow (23).jpg,Snow-Covered,LOW_LIGHT,Snow-Covered,0.85,True
Snow (25).jpg,Snow-Covered,LOW_LIGHT,Snow-Covered,0.4724,True
Snow (35).JPG,Snow-Covered,LOW_LIGHT,Snow-Covered,0.7475,True
Snow (5).jpg,Snow-Covered,LOW_LIGHT,Snow-Covered,0.9143,True
Snow (50).jpg,Snow-Covered,LOW_LIGHT,Dusty,0.5038,False
Snow (53).jpg,Snow-Covered,LOW_LIGHT,Snow-Covered,0.695,True
Snow (54).jpg,Snow-Covered,LOW_LIGHT,Snow-Covered,0.9918,True
Snow (55).jpg,Snow-Covered,LOW_LIGHT,Dusty,0.5038,False
Snow (64).jpg,Snow-Covered,LOW_LIGHT,Snow-Covered,0.9572,True
Snow (66).jpg,Snow-Covered,LOW_LIGHT,Snow-Covered,0.9572,True
Snow (67).jpg,Snow-Covered,LOW_LIGHT,Snow-Covered,0.9572,True
Snow (83).jpg,Snow-Covered,LOW_LIGHT,Snow-Covered,0.6074,True
Snow (86).jpg,Snow-Covered,LOW_LIGHT,Snow-Covered,0.9727,True
Snow (87).JPG,Snow-Covered,LOW_LIGHT,Snow-Covered,0.9791,True
Snow (90).jpg,Snow-Covered,LOW_LIGHT,Snow-Covered,0.9572,True
Snow (91).JPG,Snow-Covered,LOW_LIGHT,Snow-Covered,0.8156,True
13.JPG,Bird-drop,HIGH_BRIGHTNESS,Bird-drop,0.943,True
15.JPG,Bird-drop,HIGH_BRIGHTNESS,Bird-drop,0.6359,True
Bird (104).jpg,Bird-drop,HIGH_BRIGHTNESS,Bird-drop,0.9139,True
Bird (112).jpg,Bird-drop,HIGH_BRIGHTNESS,Bird-drop,0.9083,True
Bird (113).jpg,Bird-drop,HIGH_BRIGHTNESS,Dusty,0.7843,False
Bird (117).jpg,Bird-drop,HIGH_BRIGHTNESS,Bird-drop,0.747,True
Bird (119).jpg,Bird-drop,HIGH_BRIGHTNESS,Bird-drop,0.7655,True
Bird (122).jpg,Bird-drop,HIGH_BRIGHTNESS,Bird-drop,0.8299,True
Bird (127).jpg,Bird-drop,HIGH_BRIGHTNESS,Bird-drop,0.5128,True
Bird (14).JPG,Bird-drop,HIGH_BRIGHTNESS,Bird-drop,0.3784,True
Bird (145).jpg,Bird-drop,HIGH_BRIGHTNESS,Bird-drop,0.9097,True
Bird (15).JPG,Bird-drop,HIGH_BRIGHTNESS,Bird-drop,0.6764,True
Bird (160).jpg,Bird-drop,HIGH_BRIGHTNESS,Bird-drop,0.7501,True
Bird (165).jpg,Bird-drop,HIGH_BRIGHTNESS,Bird-drop,0.9896,True
Bird (174).jpg,Bird-drop,HIGH_BRIGHTNESS,Bird-drop,0.9851,True
Bird (175).jpg,Bird-drop,HIGH_BRIGHTNESS,Dusty,0.4747,False
Bird (183).jpg,Bird-drop,HIGH_BRIGHTNESS,Dusty,0.4747,False
Bird (185).jpg,Bird-drop,HIGH_BRIGHTNESS,Bird-drop,0.5162,True
Bird (190).jpg,Bird-drop,HIGH_BRIGHTNESS,Bird-drop,0.9864,True
Bird (194).jpg,Bird-drop,HIGH_BRIGHTNESS,Bird-drop,0.9864,True
Bird (2).JPG,Bird-drop,HIGH_BRIGHTNESS,Bird-drop,0.6808,True
Bird (3).jpg,Bird-drop,HIGH_BRIGHTNESS,Bird-drop,0.4939,True
Bird (30).jpg,Bird-drop,HIGH_BRIGHTNESS,Bird-drop,0.9083,True
Bird (36).jpg,Bird-drop,HIGH_BRIGHTNESS,Bird-drop,0.9879,True
Bird (38).jpg,Bird-drop,HIGH_BRIGHTNESS,Bird-drop,0.9851,True
Bird (44).jpg,Bird-drop,HIGH_BRIGHTNESS,Bird-drop,0.9097,True
Bird (55).jpg,Bird-drop,HIGH_BRIGHTNESS,Bird-drop,0.9896,True
Bird (56).jpg,Bird-drop,HIGH_BRIGHTNESS,Bird-drop,0.5353,True
Bird (63).jpg,Bird-drop,HIGH_BRIGHTNESS,Bird-drop,0.5003,True
Bird (65).jpg,Bird-drop,HIGH_BRIGHTNESS,Bird-drop,0.9561,True
Bird (71).jpg,Bird-drop,HIGH_BRIGHTNESS,Dusty,0.4443,False
Bird (77).jpg,Bird-drop,HIGH_BRIGHTNESS,Bird-drop,0.747,True
Bird (78).jpg,Bird-drop,HIGH_BRIGHTNESS,Bird-drop,0.9567,True
Bird (79).jpg,Bird-drop,HIGH_BRIGHTNESS,Bird-drop,0.7655,True
Bird (81).jpg,Bird-drop,HIGH_BRIGHTNESS,Bird-drop,0.9731,True
Bird (86).jpg,Bird-drop,HIGH_BRIGHTNESS,Bird-drop,0.7655,True
Bird (89).jpg,Bird-drop,HIGH_BRIGHTNESS,Dusty,0.8966,False
Bird (9).jpg,Bird-drop,HIGH_BRIGHTNESS,Bird-drop,0.886,True
Bird (92).jpg,Bird-drop,HIGH_BRIGHTNESS,Electrical-damage,0.4474,False
Bird (95).jpg,Bird-drop,HIGH_BRIGHTNESS,Dusty,0.8943,False
Bird (97).jpg,Bird-drop,HIGH_BRIGHTNESS,Bird-drop,0.9094,True
Clean (102).jpg,Clean,HIGH_BRIGHTNESS,Dusty,0.7025,False
Clean (104).jpg,Clean,HIGH_BRIGHTNESS,Clean,0.9791,True
Clean (105).jpg,Clean,HIGH_BRIGHTNESS,Clean,0.7479,True
Clean (107).jpg,Clean,HIGH_BRIGHTNESS,Dusty,0.4479,False
Clean (117).jpg,Clean,HIGH_BRIGHTNESS,Clean,0.5348,True
Clean (122).jpg,Clean,HIGH_BRIGHTNESS,Clean,0.9065,True
Clean (128).jpg,Clean,HIGH_BRIGHTNESS,Clean,0.9741,True
Clean (129).jpg,Clean,HIGH_BRIGHTNESS,Clean,0.829,True
Clean (131).jpg,Clean,HIGH_BRIGHTNESS,Clean,0.4917,True
Clean (135).JPG,Clean,HIGH_BRIGHTNESS,Clean,0.9395,True
Clean (137).jpg,Clean,HIGH_BRIGHTNESS,Clean,0.9467,True
Clean (140).JPG,Clean,HIGH_BRIGHTNESS,Clean,0.9946,True
Clean (144).jpg,Clean,HIGH_BRIGHTNESS,Clean,0.8535,True
Clean (147).jpg,Clean,HIGH_BRIGHTNESS,Clean,0.9944,True
Clean (148).jpg,Clean,HIGH_BRIGHTNESS,Clean,0.8668,True
Clean (152).jpg,Clean,HIGH_BRIGHTNESS,Clean,0.9909,True
Clean (158).jpg,Clean,HIGH_BRIGHTNESS,Clean,0.9124,True
Clean (16).JPG,Clean,HIGH_BRIGHTNESS,Clean,0.8523,True
Clean (163).jpg,Clean,HIGH_BRIGHTNESS,Clean,0.946,True
Clean (166).jpg,Clean,HIGH_BRIGHTNESS,Clean,0.9978,True
Clean (176).jpg,Clean,HIGH_BRIGHTNESS,Clean,0.9609,True
Clean (180).jpg,Clean,HIGH_BRIGHTNESS,Clean,0.9554,True
Clean (183).jpg,Clean,HIGH_BRIGHTNESS,Clean,0.9854,True
Clean (184).jpg,Clean,HIGH_BRIGHTNESS,Clean,0.9642,True
Clean (186).jpg,Clean,HIGH_BRIGHTNESS,Clean,0.8926,True
Clean (192).jpg,Clean,HIGH_BRIGHTNESS,Clean,0.7499,True
Clean (3).jpg,Clean,HIGH_BRIGHTNESS,Clean,0.9853,True
Clean (30).jpg,Clean,HIGH_BRIGHTNESS,Clean,0.9854,True
Clean (35).jpg,Clean,HIGH_BRIGHTNESS,Clean,0.9073,True
Clean (37).jpg,Clean,HIGH_BRIGHTNESS,Clean,0.848,True
Clean (41).jpg,Clean,HIGH_BRIGHTNESS,Clean,0.4158,True
Clean (60).jpg,Clean,HIGH_BRIGHTNESS,Clean,0.4693,True
Clean (68).jpg,Clean,HIGH_BRIGHTNESS,Clean,0.9493,True
Clean (7).jpg,Clean,HIGH_BRIGHTNESS,Clean,0.5702,True
Clean (73).jpg,Clean,HIGH_BRIGHTNESS,Clean,0.6038,True
Clean (86).jpg,Clean,HIGH_BRIGHTNESS,Clean,0.9905,True
Clean (94).jpg,Clean,HIGH_BRIGHTNESS,Bird-drop,0.5274,False
Clean (96).jpg,Clean,HIGH_BRIGHTNESS,Clean,0.7327,True
Clean (99).jpg,Clean,HIGH_BRIGHTNESS,Clean,0.8464,True
Dust (1).jpg,Dusty,HIGH_BRIGHTNESS,Dusty,0.2773,True
Dust (100).jpg,Dusty,HIGH_BRIGHTNESS,Dusty,0.9902,True
Dust (109).jpg,Dusty,HIGH_BRIGHTNESS,Dusty,0.9254,True
Dust (11).jpg,Dusty,HIGH_BRIGHTNESS,Bird-drop,0.6487,False
Dust (111).jpg,Dusty,HIGH_BRIGHTNESS,Dusty,0.9278,True
Dust (114).jpg,Dusty,HIGH_BRIGHTNESS,Clean,0.3609,False
Dust (115).jpg,Dusty,HIGH_BRIGHTNESS,Dusty,0.5325,True
Dust (116).jpg,Dusty,HIGH_BRIGHTNESS,Dusty,0.7374,True
Dust (119).jpg,Dusty,HIGH_BRIGHTNESS,Dusty,0.874,True
Dust (123).jpg,Dusty,HIGH_BRIGHTNESS,Dusty,0.8016,True
Dust (134).jpg,Dusty,HIGH_BRIGHTNESS,Dusty,0.6251,True
Dust (135).jpg,Dusty,HIGH_BRIGHTNESS,Snow-Covered,0.2299,False
Dust (136).jpg,Dusty,HIGH_BRIGHTNESS,Dusty,0.6571,True
Dust (142).jpg,Dusty,HIGH_BRIGHTNESS,Dusty,0.4748,True
Dust (145).jpg,Dusty,HIGH_BRIGHTNESS,Dusty,0.683,True
Dust (146).jpg,Dusty,HIGH_BRIGHTNESS,Dusty,0.8956,True
Dust (148).jpg,Dusty,HIGH_BRIGHTNESS,Dusty,0.9615,True
Dust (149).jpg,Dusty,HIGH_BRIGHTNESS,Dusty,0.9667,True
Dust (155).jpg,Dusty,HIGH_BRIGHTNESS,Dusty,0.798,True
Dust (165).jpg,Dusty,HIGH_BRIGHTNESS,Dusty,0.4176,True
Dust (178).jpg,Dusty,HIGH_BRIGHTNESS,Bird-drop,0.4629,False
Dust (181).jpg,Dusty,HIGH_BRIGHTNESS,Dusty,0.3775,True
Dust (23).jpg,Dusty,HIGH_BRIGHTNESS,Bird-drop,0.6487,False
Dust (33).jpg,Dusty,HIGH_BRIGHTNESS,Dusty,0.4022,True
Dust (47).jpg,Dusty,HIGH_BRIGHTNESS,Dusty,0.9832,True
Dust (5).jpg,Dusty,HIGH_BRIGHTNESS,Clean,0.4688,False
Dust (51).jpg,Dusty,HIGH_BRIGHTNESS,Dusty,0.9687,True
Dust (59).jpg,Dusty,HIGH_BRIGHTNESS,Dusty,0.9656,True
Dust (6).jpg,Dusty,HIGH_BRIGHTNESS,Dusty,0.9217,True
Dust (60).jpg,Dusty,HIGH_BRIGHTNESS,Dusty,0.952,True
Dust (66).jpg,Dusty,HIGH_BRIGHTNESS,Bird-drop,0.5388,False
Dust (76).jpg,Dusty,HIGH_BRIGHTNESS,Clean,0.8301,False
Dust (78).jpg,Dusty,HIGH_BRIGHTNESS,Dusty,0.9557,True
Dust (82).jpg,Dusty,HIGH_BRIGHTNESS,Dusty,0.9736,True
Dust (87).jpg,Dusty,HIGH_BRIGHTNESS,Dusty,0.8864,True
Dust (89).jpg,Dusty,HIGH_BRIGHTNESS,Dusty,0.9624,True
Dust (91).jpg,Dusty,HIGH_BRIGHTNESS,Dusty,0.9291,True
Electrical (1).jpg,Electrical-damage,HIGH_BRIGHTNESS,Electrical-damage,0.9393,True
Electrical (10).jpg,Electrical-damage,HIGH_BRIGHTNESS,Electrical-damage,0.9566,True
Electrical (15).jpg,Electrical-damage,HIGH_BRIGHTNESS,Electrical-damage,0.5928,True
Electrical (16).jpg,Electrical-damage,HIGH_BRIGHTNESS,Electrical-damage,0.9696,True
Electrical (17).jpg,Electrical-damage,HIGH_BRIGHTNESS,Electrical-damage,0.9792,True
Electrical (20).jpg,Electrical-damage,HIGH_BRIGHTNESS,Electrical-damage,0.9621,True
Electrical (21).jpg,Electrical-damage,HIGH_BRIGHTNESS,Electrical-damage,0.9511,True
Electrical (22).jpg,Electrical-damage,HIGH_BRIGHTNESS,Electrical-damage,0.7771,True
Electrical (34).jpg,Electrical-damage,HIGH_BRIGHTNESS,Electrical-damage,0.8382,True
Electrical (40).jpg,Electrical-damage,HIGH_BRIGHTNESS,Electrical-damage,0.9462,True
Electrical (43).jpg,Electrical-damage,HIGH_BRIGHTNESS,Clean,0.4074,False
Electrical (57).JPG,Electrical-damage,HIGH_BRIGHTNESS,Electrical-damage,0.8822,True
Electrical (6).jpg,Electrical-damage,HIGH_BRIGHTNESS,Physical-damage,0.3892,False
Electrical (63).jpg,Electrical-damage,HIGH_BRIGHTNESS,Electrical-damage,0.9393,True
Electrical (66).JPG,Electrical-damage,HIGH_BRIGHTNESS,Electrical-damage,0.9866,True
Electrical (70).jpg,Electrical-damage,HIGH_BRIGHTNESS,Electrical-damage,0.9188,True
Electrical (87).jpg,Electrical-damage,HIGH_BRIGHTNESS,Electrical-damage,0.9143,True
Electrical (90).jpg,Electrical-damage,HIGH_BRIGHTNESS,Electrical-damage,0.8382,True
Electrical (94).jpg,Electrical-damage,HIGH_BRIGHTNESS,Electrical-damage,0.8288,True
Electrical (98).jpg,Electrical-damage,HIGH_BRIGHTNESS,Electrical-damage,0.9621,True
Electrical (99).jpg,Electrical-damage,HIGH_BRIGHTNESS,Electrical-damage,0.8986,True
Physical (1).jpg,Physical-damage,HIGH_BRIGHTNESS,Bird-drop,0.779,False
Physical (19).jpg,Physical-damage,HIGH_BRIGHTNESS,Physical-damage,0.5968,True
Physical (21).jpg,Physical-damage,HIGH_BRIGHTNESS,Physical-damage,0.7792,True
Physical (27).JPG,Physical-damage,HIGH_BRIGHTNESS,Physical-damage,0.5895,True
Physical (34).jpg,Physical-damage,HIGH_BRIGHTNESS,Physical-damage,0.7558,True
Physical (37).jpg,Physical-damage,HIGH_BRIGHTNESS,Bird-drop,0.4988,False
Physical (4).jpg,Physical-damage,HIGH_BRIGHTNESS,Bird-drop,0.7531,False
Physical (47).jpg,Physical-damage,HIGH_BRIGHTNESS,Physical-damage,0.9491,True
Physical (53).jpg,Physical-damage,HIGH_BRIGHTNESS,Clean,0.8718,False
Physical (6).jpg,Physical-damage,HIGH_BRIGHTNESS,Physical-damage,0.4284,True
Physical (61).jpg,Physical-damage,HIGH_BRIGHTNESS,Physical-damage,0.7927,True
Physical (8).jpg,Physical-damage,HIGH_BRIGHTNESS,Physical-damage,0.9681,True
Physical (9).jpg,Physical-damage,HIGH_BRIGHTNESS,Physical-damage,0.3634,True
Snow (107).jpg,Snow-Covered,HIGH_BRIGHTNESS,Snow-Covered,0.9783,True
Snow (108).jpg,Snow-Covered,HIGH_BRIGHTNESS,Snow-Covered,0.3096,True
Snow (109).jpg,Snow-Covered,HIGH_BRIGHTNESS,Snow-Covered,0.912,True
Snow (110).jpg,Snow-Covered,HIGH_BRIGHTNESS,Snow-Covered,0.7097,True
Snow (114).jpg,Snow-Covered,HIGH_BRIGHTNESS,Snow-Covered,0.894,True
Snow (115).jpg,Snow-Covered,HIGH_BRIGHTNESS,Snow-Covered,0.8154,True
Snow (117).jpg,Snow-Covered,HIGH_BRIGHTNESS,Snow-Covered,0.9121,True
Snow (121).jpg,Snow-Covered,HIGH_BRIGHTNESS,Bird-drop,0.4475,False
Snow (15).jpg,Snow-Covered,HIGH_BRIGHTNESS,Snow-Covered,0.9452,True
Snow (20).jpg,Snow-Covered,HIGH_BRIGHTNESS,Bird-drop,0.5222,False
Snow (23).jpg,Snow-Covered,HIGH_BRIGHTNESS,Snow-Covered,0.9021,True
Snow (25).jpg,Snow-Covered,HIGH_BRIGHTNESS,Clean,0.6338,False
Snow (35).JPG,Snow-Covered,HIGH_BRIGHTNESS,Snow-Covered,0.9427,True
Snow (5).jpg,Snow-Covered,HIGH_BRIGHTNESS,Snow-Covered,0.8067,True
Snow (50).jpg,Snow-Covered,HIGH_BRIGHTNESS,Dusty,0.3337,False
Snow (53).jpg,Snow-Covered,HIGH_BRIGHTNESS,Snow-Covered,0.9125,True
Snow (54).jpg,Snow-Covered,HIGH_BRIGHTNESS,Snow-Covered,0.9152,True
Snow (55).jpg,Snow-Covered,HIGH_BRIGHTNESS,Dusty,0.3337,False
Snow (64).jpg,Snow-Covered,HIGH_BRIGHTNESS,Snow-Covered,0.9217,True
Snow (66).jpg,Snow-Covered,HIGH_BRIGHTNESS,Snow-Covered,0.9217,True
Snow (67).jpg,Snow-Covered,HIGH_BRIGHTNESS,Snow-Covered,0.9217,True
Snow (83).jpg,Snow-Covered,HIGH_BRIGHTNESS,Snow-Covered,0.513,True
Snow (86).jpg,Snow-Covered,HIGH_BRIGHTNESS,Snow-Covered,0.9078,True
Snow (87).JPG,Snow-Covered,HIGH_BRIGHTNESS,Snow-Covered,0.9184,True
Snow (90).jpg,Snow-Covered,HIGH_BRIGHTNESS,Snow-Covered,0.9217,True
Snow (91).JPG,Snow-Covered,HIGH_BRIGHTNESS,Snow-Covered,0.3374,True
13.JPG,Bird-drop,LOW_CONTRAST,Bird-drop,0.9076,True
15.JPG,Bird-drop,LOW_CONTRAST,Bird-drop,0.5721,True
Bird (104).jpg,Bird-drop,LOW_CONTRAST,Bird-drop,0.9452,True
Bird (112).jpg,Bird-drop,LOW_CONTRAST,Bird-drop,0.8541,True
Bird (113).jpg,Bird-drop,LOW_CONTRAST,Dusty,0.937,False
Bird (117).jpg,Bird-drop,LOW_CONTRAST,Bird-drop,0.9697,True
Bird (119).jpg,Bird-drop,LOW_CONTRAST,Bird-drop,0.8273,True
Bird (122).jpg,Bird-drop,LOW_CONTRAST,Bird-drop,0.8413,True
Bird (127).jpg,Bird-drop,LOW_CONTRAST,Dusty,0.5603,False
Bird (14).JPG,Bird-drop,LOW_CONTRAST,Physical-damage,0.2717,False
Bird (145).jpg,Bird-drop,LOW_CONTRAST,Bird-drop,0.858,True
Bird (15).JPG,Bird-drop,LOW_CONTRAST,Bird-drop,0.5277,True
Bird (160).jpg,Bird-drop,LOW_CONTRAST,Bird-drop,0.9448,True
Bird (165).jpg,Bird-drop,LOW_CONTRAST,Bird-drop,0.9844,True
Bird (174).jpg,Bird-drop,LOW_CONTRAST,Bird-drop,0.974,True
Bird (175).jpg,Bird-drop,LOW_CONTRAST,Dusty,0.3836,False
Bird (183).jpg,Bird-drop,LOW_CONTRAST,Dusty,0.3836,False
Bird (185).jpg,Bird-drop,LOW_CONTRAST,Bird-drop,0.8405,True
Bird (190).jpg,Bird-drop,LOW_CONTRAST,Bird-drop,0.958,True
Bird (194).jpg,Bird-drop,LOW_CONTRAST,Bird-drop,0.958,True
Bird (2).JPG,Bird-drop,LOW_CONTRAST,Bird-drop,0.7607,True
Bird (3).jpg,Bird-drop,LOW_CONTRAST,Bird-drop,0.4076,True
Bird (30).jpg,Bird-drop,LOW_CONTRAST,Bird-drop,0.8541,True
Bird (36).jpg,Bird-drop,LOW_CONTRAST,Bird-drop,0.9652,True
Bird (38).jpg,Bird-drop,LOW_CONTRAST,Bird-drop,0.974,True
Bird (44).jpg,Bird-drop,LOW_CONTRAST,Bird-drop,0.858,True
Bird (55).jpg,Bird-drop,LOW_CONTRAST,Bird-drop,0.9844,True
Bird (56).jpg,Bird-drop,LOW_CONTRAST,Bird-drop,0.5775,True
Bird (63).jpg,Bird-drop,LOW_CONTRAST,Bird-drop,0.6946,True
Bird (65).jpg,Bird-drop,LOW_CONTRAST,Bird-drop,0.8969,True
Bird (71).jpg,Bird-drop,LOW_CONTRAST,Dusty,0.6456,False
Bird (77).jpg,Bird-drop,LOW_CONTRAST,Bird-drop,0.9697,True
Bird (78).jpg,Bird-drop,LOW_CONTRAST,Bird-drop,0.9201,True
Bird (79).jpg,Bird-drop,LOW_CONTRAST,Bird-drop,0.8273,True
Bird (81).jpg,Bird-drop,LOW_CONTRAST,Bird-drop,0.9568,True
Bird (86).jpg,Bird-drop,LOW_CONTRAST,Bird-drop,0.8273,True
Bird (89).jpg,Bird-drop,LOW_CONTRAST,Dusty,0.8554,False
Bird (9).jpg,Bird-drop,LOW_CONTRAST,Bird-drop,0.8503,True
Bird (92).jpg,Bird-drop,LOW_CONTRAST,Electrical-damage,0.675,False
Bird (95).jpg,Bird-drop,LOW_CONTRAST,Dusty,0.9473,False
Bird (97).jpg,Bird-drop,LOW_CONTRAST,Bird-drop,0.9583,True
Clean (102).jpg,Clean,LOW_CONTRAST,Dusty,0.9271,False
Clean (104).jpg,Clean,LOW_CONTRAST,Clean,0.844,True
Clean (105).jpg,Clean,LOW_CONTRAST,Clean,0.9477,True
Clean (107).jpg,Clean,LOW_CONTRAST,Dusty,0.5056,False
Clean (117).jpg,Clean,LOW_CONTRAST,Clean,0.3252,True
Clean (122).jpg,Clean,LOW_CONTRAST,Clean,0.5907,True
Clean (128).jpg,Clean,LOW_CONTRAST,Clean,0.9343,True
Clean (129).jpg,Clean,LOW_CONTRAST,Clean,0.5775,True
Clean (131).jpg,Clean,LOW_CONTRAST,Clean,0.2992,True
Clean (135).JPG,Clean,LOW_CONTRAST,Clean,0.9635,True
Clean (137).jpg,Clean,LOW_CONTRAST,Clean,0.9127,True
Clean (140).JPG,Clean,LOW_CONTRAST,Clean,0.9568,True
Clean (144).jpg,Clean,LOW_CONTRAST,Clean,0.8984,True
Clean (147).jpg,Clean,LOW_CONTRAST,Clean,0.9768,True
Clean (148).jpg,Clean,LOW_CONTRAST,Clean,0.7624,True
Clean (152).jpg,Clean,LOW_CONTRAST,Clean,0.9951,True
Clean (158).jpg,Clean,LOW_CONTRAST,Clean,0.8438,True
Clean (16).JPG,Clean,LOW_CONTRAST,Clean,0.783,True
Clean (163).jpg,Clean,LOW_CONTRAST,Clean,0.8183,True
Clean (166).jpg,Clean,LOW_CONTRAST,Clean,0.9845,True
Clean (176).jpg,Clean,LOW_CONTRAST,Clean,0.7951,True
Clean (180).jpg,Clean,LOW_CONTRAST,Clean,0.9036,True
Clean (183).jpg,Clean,LOW_CONTRAST,Clean,0.9856,True
Clean (184).jpg,Clean,LOW_CONTRAST,Clean,0.8293,True
Clean (186).jpg,Clean,LOW_CONTRAST,Clean,0.7215,True
Clean (192).jpg,Clean,LOW_CONTRAST,Clean,0.8859,True
Clean (3).jpg,Clean,LOW_CONTRAST,Clean,0.9562,True
Clean (30).jpg,Clean,LOW_CONTRAST,Clean,0.9856,True
Clean (35).jpg,Clean,LOW_CONTRAST,Clean,0.9215,True
Clean (37).jpg,Clean,LOW_CONTRAST,Dusty,0.5586,False
Clean (41).jpg,Clean,LOW_CONTRAST,Electrical-damage,0.4679,False
Clean (60).jpg,Clean,LOW_CONTRAST,Dusty,0.4683,False
Clean (68).jpg,Clean,LOW_CONTRAST,Clean,0.7637,True
Clean (7).jpg,Clean,LOW_CONTRAST,Dusty,0.7047,False
Clean (73).jpg,Clean,LOW_CONTRAST,Clean,0.4103,True
Clean (86).jpg,Clean,LOW_CONTRAST,Clean,0.9799,True
Clean (94).jpg,Clean,LOW_CONTRAST,Bird-drop,0.5992,False
Clean (96).jpg,Clean,LOW_CONTRAST,Dusty,0.872,False
Clean (99).jpg,Clean,LOW_CONTRAST,Clean,0.8297,True
Dust (1).jpg,Dusty,LOW_CONTRAST,Dusty,0.5584,True
Dust (100).jpg,Dusty,LOW_CONTRAST,Dusty,0.9873,True
Dust (109).jpg,Dusty,LOW_CONTRAST,Dusty,0.9199,True
Dust (11).jpg,Dusty,LOW_CONTRAST,Physical-damage,0.2961,False
Dust (111).jpg,Dusty,LOW_CONTRAST,Dusty,0.9461,True
Dust (114).jpg,Dusty,LOW_CONTRAST,Dusty,0.5156,True
Dust (115).jpg,Dusty,LOW_CONTRAST,Dusty,0.8722,True
Dust (116).jpg,Dusty,LOW_CONTRAST,Dusty,0.6664,True
Dust (119).jpg,Dusty,LOW_CONTRAST,Dusty,0.9348,True
Dust (123).jpg,Dusty,LOW_CONTRAST,Dusty,0.9552,True
Dust (134).jpg,Dusty,LOW_CONTRAST,Dusty,0.6897,True
Dust (135).jpg,Dusty,LOW_CONTRAST,Dusty,0.7641,True
Dust (136).jpg,Dusty,LOW_CONTRAST,Dusty,0.8828,True
Dust (142).jpg,Dusty,LOW_CONTRAST,Dusty,0.9047,True
Dust (145).jpg,Dusty,LOW_CONTRAST,Dusty,0.9015,True
Dust (146).jpg,Dusty,LOW_CONTRAST,Dusty,0.977,True
Dust (148).jpg,Dusty,LOW_CONTRAST,Dusty,0.9811,True
Dust (149).jpg,Dusty,LOW_CONTRAST,Dusty,0.9922,True
Dust (155).jpg,Dusty,LOW_CONTRAST,Dusty,0.8776,True
Dust (165).jpg,Dusty,LOW_CONTRAST,Dusty,0.4743,True
Dust (178).jpg,Dusty,LOW_CONTRAST,Dusty,0.3952,True
Dust (181).jpg,Dusty,LOW_CONTRAST,Dusty,0.3493,True
Dust (23).jpg,Dusty,LOW_CONTRAST,Physical-damage,0.2961,False
Dust (33).jpg,Dusty,LOW_CONTRAST,Dusty,0.6527,True
Dust (47).jpg,Dusty,LOW_CONTRAST,Dusty,0.959,True
Dust (5).jpg,Dusty,LOW_CONTRAST,Clean,0.4831,False
Dust (51).jpg,Dusty,LOW_CONTRAST,Dusty,0.9819,True
Dust (59).jpg,Dusty,LOW_CONTRAST,Dusty,0.9925,True
Dust (6).jpg,Dusty,LOW_CONTRAST,Dusty,0.964,True
Dust (60).jpg,Dusty,LOW_CONTRAST,Dusty,0.956,True
Dust (66).jpg,Dusty,LOW_CONTRAST,Clean,0.4303,False
Dust (76).jpg,Dusty,LOW_CONTRAST,Clean,0.742,False
Dust (78).jpg,Dusty,LOW_CONTRAST,Dusty,0.9253,True
Dust (82).jpg,Dusty,LOW_CONTRAST,Dusty,0.9913,True
Dust (87).jpg,Dusty,LOW_CONTRAST,Dusty,0.9051,True
Dust (89).jpg,Dusty,LOW_CONTRAST,Dusty,0.9668,True
Dust (91).jpg,Dusty,LOW_CONTRAST,Dusty,0.9697,True
Electrical (1).jpg,Electrical-damage,LOW_CONTRAST,Electrical-damage,0.8939,True
Electrical (10).jpg,Electrical-damage,LOW_CONTRAST,Electrical-damage,0.938,True
Electrical (15).jpg,Electrical-damage,LOW_CONTRAST,Electrical-damage,0.5584,True
Electrical (16).jpg,Electrical-damage,LOW_CONTRAST,Electrical-damage,0.9696,True
Electrical (17).jpg,Electrical-damage,LOW_CONTRAST,Electrical-damage,0.9834,True
Electrical (20).jpg,Electrical-damage,LOW_CONTRAST,Electrical-damage,0.9705,True
Electrical (21).jpg,Electrical-damage,LOW_CONTRAST,Electrical-damage,0.961,True
Electrical (22).jpg,Electrical-damage,LOW_CONTRAST,Electrical-damage,0.8736,True
Electrical (34).jpg,Electrical-damage,LOW_CONTRAST,Electrical-damage,0.9209,True
Electrical (40).jpg,Electrical-damage,LOW_CONTRAST,Electrical-damage,0.9837,True
Electrical (43).jpg,Electrical-damage,LOW_CONTRAST,Clean,0.3641,False
Electrical (57).JPG,Electrical-damage,LOW_CONTRAST,Electrical-damage,0.9206,True
Electrical (6).jpg,Electrical-damage,LOW_CONTRAST,Electrical-damage,0.3858,True
Electrical (63).jpg,Electrical-damage,LOW_CONTRAST,Electrical-damage,0.8939,True
Electrical (66).JPG,Electrical-damage,LOW_CONTRAST,Electrical-damage,0.9913,True
Electrical (70).jpg,Electrical-damage,LOW_CONTRAST,Electrical-damage,0.911,True
Electrical (87).jpg,Electrical-damage,LOW_CONTRAST,Electrical-damage,0.962,True
Electrical (90).jpg,Electrical-damage,LOW_CONTRAST,Electrical-damage,0.9209,True
Electrical (94).jpg,Electrical-damage,LOW_CONTRAST,Electrical-damage,0.6484,True
Electrical (98).jpg,Electrical-damage,LOW_CONTRAST,Electrical-damage,0.9705,True
Electrical (99).jpg,Electrical-damage,LOW_CONTRAST,Electrical-damage,0.8256,True
Physical (1).jpg,Physical-damage,LOW_CONTRAST,Bird-drop,0.7399,False
Physical (19).jpg,Physical-damage,LOW_CONTRAST,Physical-damage,0.4145,True
Physical (21).jpg,Physical-damage,LOW_CONTRAST,Physical-damage,0.7821,True
Physical (27).JPG,Physical-damage,LOW_CONTRAST,Physical-damage,0.6071,True
Physical (34).jpg,Physical-damage,LOW_CONTRAST,Physical-damage,0.767,True
Physical (37).jpg,Physical-damage,LOW_CONTRAST,Bird-drop,0.4108,False
Physical (4).jpg,Physical-damage,LOW_CONTRAST,Bird-drop,0.7471,False
Physical (47).jpg,Physical-damage,LOW_CONTRAST,Physical-damage,0.9574,True
Physical (53).jpg,Physical-damage,LOW_CONTRAST,Clean,0.6563,False
Physical (6).jpg,Physical-damage,LOW_CONTRAST,Physical-damage,0.4142,True
Physical (61).jpg,Physical-damage,LOW_CONTRAST,Physical-damage,0.7622,True
Physical (8).jpg,Physical-damage,LOW_CONTRAST,Physical-damage,0.9391,True
Physical (9).jpg,Physical-damage,LOW_CONTRAST,Dusty,0.3159,False
Snow (107).jpg,Snow-Covered,LOW_CONTRAST,Snow-Covered,0.9624,True
Snow (108).jpg,Snow-Covered,LOW_CONTRAST,Snow-Covered,0.7883,True
Snow (109).jpg,Snow-Covered,LOW_CONTRAST,Snow-Covered,0.9316,True
Snow (110).jpg,Snow-Covered,LOW_CONTRAST,Snow-Covered,0.6855,True
Snow (114).jpg,Snow-Covered,LOW_CONTRAST,Snow-Covered,0.9157,True
Snow (115).jpg,Snow-Covered,LOW_CONTRAST,Snow-Covered,0.7202,True
Snow (117).jpg,Snow-Covered,LOW_CONTRAST,Snow-Covered,0.9225,True
Snow (121).jpg,Snow-Covered,LOW_CONTRAST,Dusty,0.3493,False
Snow (15).jpg,Snow-Covered,LOW_CONTRAST,Snow-Covered,0.9831,True
Snow (20).jpg,Snow-Covered,LOW_CONTRAST,Bird-drop,0.3632,False
Snow (23).jpg,Snow-Covered,LOW_CONTRAST,Snow-Covered,0.967,True
Snow (25).jpg,Snow-Covered,LOW_CONTRAST,Snow-Covered,0.3972,True
Snow (35).JPG,Snow-Covered,LOW_CONTRAST,Snow-Covered,0.9311,True
Snow (5).jpg,Snow-Covered,LOW_CONTRAST,Snow-Covered,0.8891,True
Snow (50).jpg,Snow-Covered,LOW_CONTRAST,Dusty,0.4817,False
Snow (53).jpg,Snow-Covered,LOW_CONTRAST,Snow-Covered,0.783,True
Snow (54).jpg,Snow-Covered,LOW_CONTRAST,Snow-Covered,0.979,True
Snow (55).jpg,Snow-Covered,LOW_CONTRAST,Dusty,0.4817,False
Snow (64).jpg,Snow-Covered,LOW_CONTRAST,Snow-Covered,0.9887,True
Snow (66).jpg,Snow-Covered,LOW_CONTRAST,Snow-Covered,0.9887,True
Snow (67).jpg,Snow-Covered,LOW_CONTRAST,Snow-Covered,0.9887,True
Snow (83).jpg,Snow-Covered,LOW_CONTRAST,Clean,0.4424,False
Snow (86).jpg,Snow-Covered,LOW_CONTRAST,Snow-Covered,0.9758,True
Snow (87).JPG,Snow-Covered,LOW_CONTRAST,Snow-Covered,0.9726,True
Snow (90).jpg,Snow-Covered,LOW_CONTRAST,Snow-Covered,0.9887,True
Snow (91).JPG,Snow-Covered,LOW_CONTRAST,Snow-Covered,0.384,True
13.JPG,Bird-drop,HIGH_CONTRAST,Bird-drop,0.9281,True
15.JPG,Bird-drop,HIGH_CONTRAST,Bird-drop,0.6696,True
Bird (104).jpg,Bird-drop,HIGH_CONTRAST,Bird-drop,0.89,True
Bird (112).jpg,Bird-drop,HIGH_CONTRAST,Bird-drop,0.9483,True
Bird (113).jpg,Bird-drop,HIGH_CONTRAST,Dusty,0.7581,False
Bird (117).jpg,Bird-drop,HIGH_CONTRAST,Bird-drop,0.7563,True
Bird (119).jpg,Bird-drop,HIGH_CONTRAST,Bird-drop,0.7009,True
Bird (122).jpg,Bird-drop,HIGH_CONTRAST,Bird-drop,0.8252,True
Bird (127).jpg,Bird-drop,HIGH_CONTRAST,Bird-drop,0.7019,True
Bird (14).JPG,Bird-drop,HIGH_CONTRAST,Bird-drop,0.3623,True
Bird (145).jpg,Bird-drop,HIGH_CONTRAST,Bird-drop,0.9376,True
Bird (15).JPG,Bird-drop,HIGH_CONTRAST,Bird-drop,0.7573,True
Bird (160).jpg,Bird-drop,HIGH_CONTRAST,Bird-drop,0.8004,True
Bird (165).jpg,Bird-drop,HIGH_CONTRAST,Bird-drop,0.9912,True
Bird (174).jpg,Bird-drop,HIGH_CONTRAST,Bird-drop,0.9713,True
Bird (175).jpg,Bird-drop,HIGH_CONTRAST,Bird-drop,0.3085,True
Bird (183).jpg,Bird-drop,HIGH_CONTRAST,Bird-drop,0.3085,True
Bird (185).jpg,Bird-drop,HIGH_CONTRAST,Bird-drop,0.6606,True
Bird (190).jpg,Bird-drop,HIGH_CONTRAST,Bird-drop,0.9839,True
Bird (194).jpg,Bird-drop,HIGH_CONTRAST,Bird-drop,0.9839,True
Bird (2).JPG,Bird-drop,HIGH_CONTRAST,Bird-drop,0.7161,True
Bird (3).jpg,Bird-drop,HIGH_CONTRAST,Bird-drop,0.4283,True
Bird (30).jpg,Bird-drop,HIGH_CONTRAST,Bird-drop,0.9483,True
Bird (36).jpg,Bird-drop,HIGH_CONTRAST,Bird-drop,0.9893,True
Bird (38).jpg,Bird-drop,HIGH_CONTRAST,Bird-drop,0.9713,True
Bird (44).jpg,Bird-drop,HIGH_CONTRAST,Bird-drop,0.9376,True
Bird (55).jpg,Bird-drop,HIGH_CONTRAST,Bird-drop,0.9912,True
Bird (56).jpg,Bird-drop,HIGH_CONTRAST,Bird-drop,0.4307,True
Bird (63).jpg,Bird-drop,HIGH_CONTRAST,Clean,0.3668,False
Bird (65).jpg,Bird-drop,HIGH_CONTRAST,Bird-drop,0.9514,True
Bird (71).jpg,Bird-drop,HIGH_CONTRAST,Dusty,0.5156,False
Bird (77).jpg,Bird-drop,HIGH_CONTRAST,Bird-drop,0.7563,True
Bird (78).jpg,Bird-drop,HIGH_CONTRAST,Bird-drop,0.9474,True
Bird (79).jpg,Bird-drop,HIGH_CONTRAST,Bird-drop,0.7009,True
Bird (81).jpg,Bird-drop,HIGH_CONTRAST,Bird-drop,0.9754,True
Bird (86).jpg,Bird-drop,HIGH_CONTRAST,Bird-drop,0.7009,True
Bird (89).jpg,Bird-drop,HIGH_CONTRAST,Dusty,0.7615,False
Bird (9).jpg,Bird-drop,HIGH_CONTRAST,Bird-drop,0.8838,True
Bird (92).jpg,Bird-drop,HIGH_CONTRAST,Electrical-damage,0.4211,False
Bird (95).jpg,Bird-drop,HIGH_CONTRAST,Dusty,0.8522,False
Bird (97).jpg,Bird-drop,HIGH_CONTRAST,Bird-drop,0.7871,True
Clean (102).jpg,Clean,HIGH_CONTRAST,Dusty,0.5567,False
Clean (104).jpg,Clean,HIGH_CONTRAST,Clean,0.9898,True
Clean (105).jpg,Clean,HIGH_CONTRAST,Clean,0.7888,True
Clean (107).jpg,Clean,HIGH_CONTRAST,Dusty,0.3542,False
Clean (117).jpg,Clean,HIGH_CONTRAST,Clean,0.6517,True
Clean (122).jpg,Clean,HIGH_CONTRAST,Clean,0.9162,True
Clean (128).jpg,Clean,HIGH_CONTRAST,Clean,0.9624,True
Clean (129).jpg,Clean,HIGH_CONTRAST,Clean,0.9507,True
Clean (131).jpg,Clean,HIGH_CONTRAST,Clean,0.3951,True
Clean (135).JPG,Clean,HIGH_CONTRAST,Clean,0.9708,True
Clean (137).jpg,Clean,HIGH_CONTRAST,Clean,0.941,True
Clean (140).JPG,Clean,HIGH_CONTRAST,Clean,0.9925,True
Clean (144).jpg,Clean,HIGH_CONTRAST,Clean,0.7897,True
Clean (147).jpg,Clean,HIGH_CONTRAST,Clean,0.9947,True
Clean (148).jpg,Clean,HIGH_CONTRAST,Clean,0.825,True
Clean (152).jpg,Clean,HIGH_CONTRAST,Clean,0.9908,True
Clean (158).jpg,Clean,HIGH_CONTRAST,Clean,0.8351,True
Clean (16).JPG,Clean,HIGH_CONTRAST,Clean,0.9365,True
Clean (163).jpg,Clean,HIGH_CONTRAST,Clean,0.9522,True
Clean (166).jpg,Clean,HIGH_CONTRAST,Clean,0.9976,True
Clean (176).jpg,Clean,HIGH_CONTRAST,Clean,0.9451,True
Clean (180).jpg,Clean,HIGH_CONTRAST,Clean,0.8903,True
Clean (183).jpg,Clean,HIGH_CONTRAST,Clean,0.9833,True
Clean (184).jpg,Clean,HIGH_CONTRAST,Clean,0.9535,True
Clean (186).jpg,Clean,HIGH_CONTRAST,Clean,0.9019,True
Clean (192).jpg,Clean,HIGH_CONTRAST,Clean,0.8573,True
Clean (3).jpg,Clean,HIGH_CONTRAST,Clean,0.98,True
Clean (30).jpg,Clean,HIGH_CONTRAST,Clean,0.9833,True
Clean (35).jpg,Clean,HIGH_CONTRAST,Clean,0.9394,True
Clean (37).jpg,Clean,HIGH_CONTRAST,Clean,0.8892,True
Clean (41).jpg,Clean,HIGH_CONTRAST,Clean,0.3452,True
Clean (60).jpg,Clean,HIGH_CONTRAST,Clean,0.6572,True
Clean (68).jpg,Clean,HIGH_CONTRAST,Clean,0.9656,True
Clean (7).jpg,Clean,HIGH_CONTRAST,Clean,0.5904,True
Clean (73).jpg,Clean,HIGH_CONTRAST,Clean,0.5737,True
Clean (86).jpg,Clean,HIGH_CONTRAST,Clean,0.9936,True
Clean (94).jpg,Clean,HIGH_CONTRAST,Bird-drop,0.4593,False
Clean (96).jpg,Clean,HIGH_CONTRAST,Clean,0.8071,True
Clean (99).jpg,Clean,HIGH_CONTRAST,Clean,0.8562,True
Dust (1).jpg,Dusty,HIGH_CONTRAST,Dusty,0.2465,True
Dust (100).jpg,Dusty,HIGH_CONTRAST,Dusty,0.985,True
Dust (109).jpg,Dusty,HIGH_CONTRAST,Dusty,0.7622,True
Dust (11).jpg,Dusty,HIGH_CONTRAST,Bird-drop,0.455,False
Dust (111).jpg,Dusty,HIGH_CONTRAST,Dusty,0.911,True
Dust (114).jpg,Dusty,HIGH_CONTRAST,Dusty,0.4171,True
Dust (115).jpg,Dusty,HIGH_CONTRAST,Clean,0.5079,False
Dust (116).jpg,Dusty,HIGH_CONTRAST,Snow-Covered,0.5716,False
Dust (119).jpg,Dusty,HIGH_CONTRAST,Dusty,0.8666,True
Dust (123).jpg,Dusty,HIGH_CONTRAST,Dusty,0.7717,True
Dust (134).jpg,Dusty,HIGH_CONTRAST,Dusty,0.5311,True
Dust (135).jpg,Dusty,HIGH_CONTRAST,Dusty,0.3777,True
Dust (136).jpg,Dusty,HIGH_CONTRAST,Dusty,0.5874,True
Dust (142).jpg,Dusty,HIGH_CONTRAST,Dusty,0.6035,True
Dust (145).jpg,Dusty,HIGH_CONTRAST,Dusty,0.6032,True
Dust (146).jpg,Dusty,HIGH_CONTRAST,Dusty,0.8941,True
Dust (148).jpg,Dusty,HIGH_CONTRAST,Dusty,0.9134,True
Dust (149).jpg,Dusty,HIGH_CONTRAST,Dusty,0.975,True
Dust (155).jpg,Dusty,HIGH_CONTRAST,Dusty,0.6087,True
Dust (165).jpg,Dusty,HIGH_CONTRAST,Dusty,0.3884,True
Dust (178).jpg,Dusty,HIGH_CONTRAST,Bird-drop,0.5106,False
Dust (181).jpg,Dusty,HIGH_CONTRAST,Bird-drop,0.4112,False
Dust (23).jpg,Dusty,HIGH_CONTRAST,Bird-drop,0.455,False
Dust (33).jpg,Dusty,HIGH_CONTRAST,Dusty,0.3449,True
Dust (47).jpg,Dusty,HIGH_CONTRAST,Dusty,0.9658,True
Dust (5).jpg,Dusty,HIGH_CONTRAST,Clean,0.4878,False
Dust (51).jpg,Dusty,HIGH_CONTRAST,Dusty,0.9534,True
Dust (59).jpg,Dusty,HIGH_CONTRAST,Dusty,0.9894,True
Dust (6).jpg,Dusty,HIGH_CONTRAST,Dusty,0.7911,True
Dust (60).jpg,Dusty,HIGH_CONTRAST,Dusty,0.7914,True
Dust (66).jpg,Dusty,HIGH_CONTRAST,Bird-drop,0.5573,False
Dust (76).jpg,Dusty,HIGH_CONTRAST,Clean,0.7962,False
Dust (78).jpg,Dusty,HIGH_CONTRAST,Dusty,0.9237,True
Dust (82).jpg,Dusty,HIGH_CONTRAST,Dusty,0.9863,True
Dust (87).jpg,Dusty,HIGH_CONTRAST,Dusty,0.7469,True
Dust (89).jpg,Dusty,HIGH_CONTRAST,Dusty,0.9527,True
Dust (91).jpg,Dusty,HIGH_CONTRAST,Dusty,0.9415,True
Electrical (1).jpg,Electrical-damage,HIGH_CONTRAST,Electrical-damage,0.9302,True
Electrical (10).jpg,Electrical-damage,HIGH_CONTRAST,Electrical-damage,0.9413,True
Electrical (15).jpg,Electrical-damage,HIGH_CONTRAST,Electrical-damage,0.5609,True
Electrical (16).jpg,Electrical-damage,HIGH_CONTRAST,Electrical-damage,0.9761,True
Electrical (17).jpg,Electrical-damage,HIGH_CONTRAST,Electrical-damage,0.9662,True
Electrical (20).jpg,Electrical-damage,HIGH_CONTRAST,Electrical-damage,0.9576,True
Electrical (21).jpg,Electrical-damage,HIGH_CONTRAST,Electrical-damage,0.9704,True
Electrical (22).jpg,Electrical-damage,HIGH_CONTRAST,Electrical-damage,0.8352,True
Electrical (34).jpg,Electrical-damage,HIGH_CONTRAST,Electrical-damage,0.83,True
Electrical (40).jpg,Electrical-damage,HIGH_CONTRAST,Electrical-damage,0.9596,True
Electrical (43).jpg,Electrical-damage,HIGH_CONTRAST,Clean,0.4796,False
Electrical (57).JPG,Electrical-damage,HIGH_CONTRAST,Electrical-damage,0.8296,True
Electrical (6).jpg,Electrical-damage,HIGH_CONTRAST,Physical-damage,0.3702,False
Electrical (63).jpg,Electrical-damage,HIGH_CONTRAST,Electrical-damage,0.9302,True
Electrical (66).JPG,Electrical-damage,HIGH_CONTRAST,Electrical-damage,0.9904,True
Electrical (70).jpg,Electrical-damage,HIGH_CONTRAST,Electrical-damage,0.9227,True
Electrical (87).jpg,Electrical-damage,HIGH_CONTRAST,Electrical-damage,0.9349,True
Electrical (90).jpg,Electrical-damage,HIGH_CONTRAST,Electrical-damage,0.83,True
Electrical (94).jpg,Electrical-damage,HIGH_CONTRAST,Electrical-damage,0.8303,True
Electrical (98).jpg,Electrical-damage,HIGH_CONTRAST,Electrical-damage,0.9576,True
Electrical (99).jpg,Electrical-damage,HIGH_CONTRAST,Electrical-damage,0.8545,True
Physical (1).jpg,Physical-damage,HIGH_CONTRAST,Bird-drop,0.7547,False
Physical (19).jpg,Physical-damage,HIGH_CONTRAST,Physical-damage,0.568,True
Physical (21).jpg,Physical-damage,HIGH_CONTRAST,Physical-damage,0.8192,True
Physical (27).JPG,Physical-damage,HIGH_CONTRAST,Physical-damage,0.527,True
Physical (34).jpg,Physical-damage,HIGH_CONTRAST,Physical-damage,0.7489,True
Physical (37).jpg,Physical-damage,HIGH_CONTRAST,Bird-drop,0.511,False
Physical (4).jpg,Physical-damage,HIGH_CONTRAST,Bird-drop,0.6385,False
Physical (47).jpg,Physical-damage,HIGH_CONTRAST,Physical-damage,0.9701,True
Physical (53).jpg,Physical-damage,HIGH_CONTRAST,Clean,0.9224,False
Physical (6).jpg,Physical-damage,HIGH_CONTRAST,Physical-damage,0.7317,True
Physical (61).jpg,Physical-damage,HIGH_CONTRAST,Physical-damage,0.8366,True
Physical (8).jpg,Physical-damage,HIGH_CONTRAST,Physical-damage,0.9705,True
Physical (9).jpg,Physical-damage,HIGH_CONTRAST,Physical-damage,0.4441,True
Snow (107).jpg,Snow-Covered,HIGH_CONTRAST,Snow-Covered,0.9896,True
Snow (108).jpg,Snow-Covered,HIGH_CONTRAST,Snow-Covered,0.5122,True
Snow (109).jpg,Snow-Covered,HIGH_CONTRAST,Snow-Covered,0.8805,True
Snow (110).jpg,Snow-Covered,HIGH_CONTRAST,Snow-Covered,0.7676,True
Snow (114).jpg,Snow-Covered,HIGH_CONTRAST,Snow-Covered,0.945,True
Snow (115).jpg,Snow-Covered,HIGH_CONTRAST,Snow-Covered,0.8101,True
Snow (117).jpg,Snow-Covered,HIGH_CONTRAST,Snow-Covered,0.9369,True
Snow (121).jpg,Snow-Covered,HIGH_CONTRAST,Bird-drop,0.4631,False
Snow (15).jpg,Snow-Covered,HIGH_CONTRAST,Snow-Covered,0.948,True
Snow (20).jpg,Snow-Covered,HIGH_CONTRAST,Bird-drop,0.7745,False
Snow (23).jpg,Snow-Covered,HIGH_CONTRAST,Snow-Covered,0.9483,True
Snow (25).jpg,Snow-Covered,HIGH_CONTRAST,Clean,0.6993,False
Snow (35).JPG,Snow-Covered,HIGH_CONTRAST,Snow-Covered,0.9583,True
Snow (5).jpg,Snow-Covered,HIGH_CONTRAST,Snow-Covered,0.8517,True
Snow (50).jpg,Snow-Covered,HIGH_CONTRAST,Bird-drop,0.3,False
Snow (53).jpg,Snow-Covered,HIGH_CONTRAST,Snow-Covered,0.9195,True
Snow (54).jpg,Snow-Covered,HIGH_CONTRAST,Snow-Covered,0.9407,True
Snow (55).jpg,Snow-Covered,HIGH_CONTRAST,Bird-drop,0.3,False
Snow (64).jpg,Snow-Covered,HIGH_CONTRAST,Snow-Covered,0.8815,True
Snow (66).jpg,Snow-Covered,HIGH_CONTRAST,Snow-Covered,0.8815,True
Snow (67).jpg,Snow-Covered,HIGH_CONTRAST,Snow-Covered,0.8815,True
Snow (83).jpg,Snow-Covered,HIGH_CONTRAST,Snow-Covered,0.5099,True
Snow (86).jpg,Snow-Covered,HIGH_CONTRAST,Snow-Covered,0.9278,True
Snow (87).JPG,Snow-Covered,HIGH_CONTRAST,Snow-Covered,0.9188,True
Snow (90).jpg,Snow-Covered,HIGH_CONTRAST,Snow-Covered,0.8815,True
Snow (91).JPG,Snow-Covered,HIGH_CONTRAST,Snow-Covered,0.5385,True
13.JPG,Bird-drop,GAUSSIAN_BLUR,Bird-drop,0.7183,True
15.JPG,Bird-drop,GAUSSIAN_BLUR,Bird-drop,0.2896,True
Bird (104).jpg,Bird-drop,GAUSSIAN_BLUR,Bird-drop,0.5614,True
Bird (112).jpg,Bird-drop,GAUSSIAN_BLUR,Bird-drop,0.6348,True
Bird (113).jpg,Bird-drop,GAUSSIAN_BLUR,Dusty,0.545,False
Bird (117).jpg,Bird-drop,GAUSSIAN_BLUR,Bird-drop,0.6584,True
Bird (119).jpg,Bird-drop,GAUSSIAN_BLUR,Electrical-damage,0.2783,False
Bird (122).jpg,Bird-drop,GAUSSIAN_BLUR,Bird-drop,0.4735,True
Bird (127).jpg,Bird-drop,GAUSSIAN_BLUR,Bird-drop,0.3607,True
Bird (14).JPG,Bird-drop,GAUSSIAN_BLUR,Bird-drop,0.2373,True
Bird (145).jpg,Bird-drop,GAUSSIAN_BLUR,Bird-drop,0.6871,True
Bird (15).JPG,Bird-drop,GAUSSIAN_BLUR,Bird-drop,0.2228,True
Bird (160).jpg,Bird-drop,GAUSSIAN_BLUR,Bird-drop,0.4362,True
Bird (165).jpg,Bird-drop,GAUSSIAN_BLUR,Bird-drop,0.516,True
Bird (174).jpg,Bird-drop,GAUSSIAN_BLUR,Bird-drop,0.5258,True
Bird (175).jpg,Bird-drop,GAUSSIAN_BLUR,Snow-Covered,0.3765,False
Bird (183).jpg,Bird-drop,GAUSSIAN_BLUR,Snow-Covered,0.3765,False
Bird (185).jpg,Bird-drop,GAUSSIAN_BLUR,Bird-drop,0.2493,True
Bird (190).jpg,Bird-drop,GAUSSIAN_BLUR,Bird-drop,0.674,True
Bird (194).jpg,Bird-drop,GAUSSIAN_BLUR,Bird-drop,0.674,True
Bird (2).JPG,Bird-drop,GAUSSIAN_BLUR,Bird-drop,0.266,True
Bird (3).jpg,Bird-drop,GAUSSIAN_BLUR,Snow-Covered,0.2406,False
Bird (30).jpg,Bird-drop,GAUSSIAN_BLUR,Bird-drop,0.6348,True
Bird (36).jpg,Bird-drop,GAUSSIAN_BLUR,Bird-drop,0.7338,True
Bird (38).jpg,Bird-drop,GAUSSIAN_BLUR,Bird-drop,0.5258,True
Bird (44).jpg,Bird-drop,GAUSSIAN_BLUR,Bird-drop,0.6871,True
Bird (55).jpg,Bird-drop,GAUSSIAN_BLUR,Bird-drop,0.516,True
Bird (56).jpg,Bird-drop,GAUSSIAN_BLUR,Bird-drop,0.1978,True
Bird (63).jpg,Bird-drop,GAUSSIAN_BLUR,Clean,0.271,False
Bird (65).jpg,Bird-drop,GAUSSIAN_BLUR,Bird-drop,0.7072,True
Bird (71).jpg,Bird-drop,GAUSSIAN_BLUR,Dusty,0.2244,False
Bird (77).jpg,Bird-drop,GAUSSIAN_BLUR,Bird-drop,0.6584,True
Bird (78).jpg,Bird-drop,GAUSSIAN_BLUR,Bird-drop,0.4166,True
Bird (79).jpg,Bird-drop,GAUSSIAN_BLUR,Electrical-damage,0.2783,False
Bird (81).jpg,Bird-drop,GAUSSIAN_BLUR,Bird-drop,0.8213,True
Bird (86).jpg,Bird-drop,GAUSSIAN_BLUR,Electrical-damage,0.2783,False
Bird (89).jpg,Bird-drop,GAUSSIAN_BLUR,Dusty,0.3204,False
Bird (9).jpg,Bird-drop,GAUSSIAN_BLUR,Bird-drop,0.3874,True
Bird (92).jpg,Bird-drop,GAUSSIAN_BLUR,Electrical-damage,0.7852,False
Bird (95).jpg,Bird-drop,GAUSSIAN_BLUR,Dusty,0.4867,False
Bird (97).jpg,Bird-drop,GAUSSIAN_BLUR,Bird-drop,0.2658,True
Clean (102).jpg,Clean,GAUSSIAN_BLUR,Clean,0.278,True
Clean (104).jpg,Clean,GAUSSIAN_BLUR,Clean,0.3882,True
Clean (105).jpg,Clean,GAUSSIAN_BLUR,Clean,0.614,True
Clean (107).jpg,Clean,GAUSSIAN_BLUR,Snow-Covered,0.467,False
Clean (117).jpg,Clean,GAUSSIAN_BLUR,Snow-Covered,0.2555,False
Clean (122).jpg,Clean,GAUSSIAN_BLUR,Clean,0.4274,True
Clean (128).jpg,Clean,GAUSSIAN_BLUR,Clean,0.9081,True
Clean (129).jpg,Clean,GAUSSIAN_BLUR,Clean,0.5757,True
Clean (131).jpg,Clean,GAUSSIAN_BLUR,Dusty,0.2783,False
Clean (135).JPG,Clean,GAUSSIAN_BLUR,Clean,0.6322,True
Clean (137).jpg,Clean,GAUSSIAN_BLUR,Clean,0.6368,True
Clean (140).JPG,Clean,GAUSSIAN_BLUR,Clean,0.3958,True
Clean (144).jpg,Clean,GAUSSIAN_BLUR,Clean,0.3193,True
Clean (147).jpg,Clean,GAUSSIAN_BLUR,Clean,0.3318,True
Clean (148).jpg,Clean,GAUSSIAN_BLUR,Clean,0.5337,True
Clean (152).jpg,Clean,GAUSSIAN_BLUR,Clean,0.4522,True
Clean (158).jpg,Clean,GAUSSIAN_BLUR,Clean,0.7553,True
Clean (16).JPG,Clean,GAUSSIAN_BLUR,Clean,0.3315,True
Clean (163).jpg,Clean,GAUSSIAN_BLUR,Clean,0.2153,True
Clean (166).jpg,Clean,GAUSSIAN_BLUR,Clean,0.6263,True
Clean (176).jpg,Clean,GAUSSIAN_BLUR,Clean,0.6195,True
Clean (180).jpg,Clean,GAUSSIAN_BLUR,Clean,0.2704,True
Clean (183).jpg,Clean,GAUSSIAN_BLUR,Clean,0.9396,True
Clean (184).jpg,Clean,GAUSSIAN_BLUR,Clean,0.2277,True
Clean (186).jpg,Clean,GAUSSIAN_BLUR,Clean,0.2606,True
Clean (192).jpg,Clean,GAUSSIAN_BLUR,Clean,0.6875,True
Clean (3).jpg,Clean,GAUSSIAN_BLUR,Clean,0.408,True
Clean (30).jpg,Clean,GAUSSIAN_BLUR,Clean,0.9396,True
Clean (35).jpg,Clean,GAUSSIAN_BLUR,Clean,0.8506,True
Clean (37).jpg,Clean,GAUSSIAN_BLUR,Clean,0.6143,True
Clean (41).jpg,Clean,GAUSSIAN_BLUR,Snow-Covered,0.4375,False
Clean (60).jpg,Clean,GAUSSIAN_BLUR,Clean,0.2854,True
Clean (68).jpg,Clean,GAUSSIAN_BLUR,Clean,0.7601,True
Clean (7).jpg,Clean,GAUSSIAN_BLUR,Snow-Covered,0.3609,False
Clean (73).jpg,Clean,GAUSSIAN_BLUR,Clean,0.448,True
Clean (86).jpg,Clean,GAUSSIAN_BLUR,Clean,0.7823,True
Clean (94).jpg,Clean,GAUSSIAN_BLUR,Bird-drop,0.352,False
Clean (96).jpg,Clean,GAUSSIAN_BLUR,Clean,0.4628,True
Clean (99).jpg,Clean,GAUSSIAN_BLUR,Clean,0.966,True
Dust (1).jpg,Dusty,GAUSSIAN_BLUR,Dusty,0.2655,True
Dust (100).jpg,Dusty,GAUSSIAN_BLUR,Dusty,0.8136,True
Dust (109).jpg,Dusty,GAUSSIAN_BLUR,Dusty,0.4017,True
Dust (11).jpg,Dusty,GAUSSIAN_BLUR,Physical-damage,0.3532,False
Dust (111).jpg,Dusty,GAUSSIAN_BLUR,Dusty,0.5667,True
Dust (114).jpg,Dusty,GAUSSIAN_BLUR,Dusty,0.5827,True
Dust (115).jpg,Dusty,GAUSSIAN_BLUR,Dusty,0.3727,True
Dust (116).jpg,Dusty,GAUSSIAN_BLUR,Snow-Covered,0.7795,False
Dust (119).jpg,Dusty,GAUSSIAN_BLUR,Dusty,0.5204,True
Dust (123).jpg,Dusty,GAUSSIAN_BLUR,Dusty,0.8659,True
Dust (134).jpg,Dusty,GAUSSIAN_BLUR,Dusty,0.3442,True
Dust (135).jpg,Dusty,GAUSSIAN_BLUR,Dusty,0.2208,True
Dust (136).jpg,Dusty,GAUSSIAN_BLUR,Dusty,0.3458,True
Dust (142).jpg,Dusty,GAUSSIAN_BLUR,Dusty,0.4263,True
Dust (145).jpg,Dusty,GAUSSIAN_BLUR,Dusty,0.6409,True
Dust (146).jpg,Dusty,GAUSSIAN_BLUR,Dusty,0.417,True
Dust (148).jpg,Dusty,GAUSSIAN_BLUR,Dusty,0.7549,True
Dust (149).jpg,Dusty,GAUSSIAN_BLUR,Dusty,0.8793,True
Dust (155).jpg,Dusty,GAUSSIAN_BLUR,Dusty,0.4973,True
Dust (165).jpg,Dusty,GAUSSIAN_BLUR,Dusty,0.3176,True
Dust (178).jpg,Dusty,GAUSSIAN_BLUR,Dusty,0.2449,True
Dust (181).jpg,Dusty,GAUSSIAN_BLUR,Dusty,0.3608,True
Dust (23).jpg,Dusty,GAUSSIAN_BLUR,Physical-damage,0.3532,False
Dust (33).jpg,Dusty,GAUSSIAN_BLUR,Dusty,0.4326,True
Dust (47).jpg,Dusty,GAUSSIAN_BLUR,Dusty,0.4193,True
Dust (5).jpg,Dusty,GAUSSIAN_BLUR,Dusty,0.413,True
Dust (51).jpg,Dusty,GAUSSIAN_BLUR,Dusty,0.7588,True
Dust (59).jpg,Dusty,GAUSSIAN_BLUR,Dusty,0.6277,True
Dust (6).jpg,Dusty,GAUSSIAN_BLUR,Dusty,0.541,True
Dust (60).jpg,Dusty,GAUSSIAN_BLUR,Dusty,0.5558,True
Dust (66).jpg,Dusty,GAUSSIAN_BLUR,Clean,0.7902,False
Dust (76).jpg,Dusty,GAUSSIAN_BLUR,Clean,0.5069,False
Dust (78).jpg,Dusty,GAUSSIAN_BLUR,Dusty,0.4719,True
Dust (82).jpg,Dusty,GAUSSIAN_BLUR,Dusty,0.6942,True
Dust (87).jpg,Dusty,GAUSSIAN_BLUR,Snow-Covered,0.407,False
Dust (89).jpg,Dusty,GAUSSIAN_BLUR,Dusty,0.4874,True
Dust (91).jpg,Dusty,GAUSSIAN_BLUR,Dusty,0.403,True
Electrical (1).jpg,Electrical-damage,GAUSSIAN_BLUR,Electrical-damage,0.917,True
Electrical (10).jpg,Electrical-damage,GAUSSIAN_BLUR,Electrical-damage,0.7977,True
Electrical (15).jpg,Electrical-damage,GAUSSIAN_BLUR,Electrical-damage,0.2491,True
Electrical (16).jpg,Electrical-damage,GAUSSIAN_BLUR,Electrical-damage,0.3603,True
Electrical (17).jpg,Electrical-damage,GAUSSIAN_BLUR,Electrical-damage,0.9278,True
Electrical (20).jpg,Electrical-damage,GAUSSIAN_BLUR,Electrical-damage,0.9017,True
Electrical (21).jpg,Electrical-damage,GAUSSIAN_BLUR,Electrical-damage,0.4858,True
Electrical (22).jpg,Electrical-damage,GAUSSIAN_BLUR,Electrical-damage,0.8775,True
Electrical (34).jpg,Electrical-damage,GAUSSIAN_BLUR,Electrical-damage,0.7911,True
Electrical (40).jpg,Electrical-damage,GAUSSIAN_BLUR,Electrical-damage,0.9834,True
Electrical (43).jpg,Electrical-damage,GAUSSIAN_BLUR,Electrical-damage,0.2308,True
Electrical (57).JPG,Electrical-damage,GAUSSIAN_BLUR,Electrical-damage,0.3792,True
Electrical (6).jpg,Electrical-damage,GAUSSIAN_BLUR,Electrical-damage,0.4213,True
Electrical (63).jpg,Electrical-damage,GAUSSIAN_BLUR,Electrical-damage,0.917,True
Electrical (66).JPG,Electrical-damage,GAUSSIAN_BLUR,Electrical-damage,0.9295,True
Electrical (70).jpg,Electrical-damage,GAUSSIAN_BLUR,Electrical-damage,0.8714,True
Electrical (87).jpg,Electrical-damage,GAUSSIAN_BLUR,Electrical-damage,0.8809,True
Electrical (90).jpg,Electrical-damage,GAUSSIAN_BLUR,Electrical-damage,0.7911,True
Electrical (94).jpg,Electrical-damage,GAUSSIAN_BLUR,Electrical-damage,0.6426,True
Electrical (98).jpg,Electrical-damage,GAUSSIAN_BLUR,Electrical-damage,0.9017,True
Electrical (99).jpg,Electrical-damage,GAUSSIAN_BLUR,Electrical-damage,0.8777,True
Physical (1).jpg,Physical-damage,GAUSSIAN_BLUR,Bird-drop,0.3081,False
Physical (19).jpg,Physical-damage,GAUSSIAN_BLUR,Physical-damage,0.2891,True
Physical (21).jpg,Physical-damage,GAUSSIAN_BLUR,Electrical-damage,0.5584,False
Physical (27).JPG,Physical-damage,GAUSSIAN_BLUR,Physical-damage,0.5484,True
Physical (34).jpg,Physical-damage,GAUSSIAN_BLUR,Physical-damage,0.5629,True
Physical (37).jpg,Physical-damage,GAUSSIAN_BLUR,Bird-drop,0.4249,False
Physical (4).jpg,Physical-damage,GAUSSIAN_BLUR,Bird-drop,0.2771,False
Physical (47).jpg,Physical-damage,GAUSSIAN_BLUR,Physical-damage,0.7782,True
Physical (53).jpg,Physical-damage,GAUSSIAN_BLUR,Dusty,0.3089,False
Physical (6).jpg,Physical-damage,GAUSSIAN_BLUR,Electrical-damage,0.3321,False
Physical (61).jpg,Physical-damage,GAUSSIAN_BLUR,Physical-damage,0.508,True
Physical (8).jpg,Physical-damage,GAUSSIAN_BLUR,Physical-damage,0.7958,True
Physical (9).jpg,Physical-damage,GAUSSIAN_BLUR,Dusty,0.207,False
Snow (107).jpg,Snow-Covered,GAUSSIAN_BLUR,Snow-Covered,0.8611,True
Snow (108).jpg,Snow-Covered,GAUSSIAN_BLUR,Snow-Covered,0.3539,True
Snow (109).jpg,Snow-Covered,GAUSSIAN_BLUR,Snow-Covered,0.5191,True
Snow (110).jpg,Snow-Covered,GAUSSIAN_BLUR,Snow-Covered,0.6364,True
Snow (114).jpg,Snow-Covered,GAUSSIAN_BLUR,Snow-Covered,0.4686,True
Snow (115).jpg,Snow-Covered,GAUSSIAN_BLUR,Snow-Covered,0.3364,True
Snow (117).jpg,Snow-Covered,GAUSSIAN_BLUR,Snow-Covered,0.9461,True
Snow (121).jpg,Snow-Covered,GAUSSIAN_BLUR,Bird-drop,0.2902,False
Snow (15).jpg,Snow-Covered,GAUSSIAN_BLUR,Snow-Covered,0.98,True
Snow (20).jpg,Snow-Covered,GAUSSIAN_BLUR,Electrical-damage,0.6754,False
Snow (23).jpg,Snow-Covered,GAUSSIAN_BLUR,Snow-Covered,0.9388,True
Snow (25).jpg,Snow-Covered,GAUSSIAN_BLUR,Snow-Covered,0.3647,True
Snow (35).JPG,Snow-Covered,GAUSSIAN_BLUR,Snow-Covered,0.6631,True
Snow (5).jpg,Snow-Covered,GAUSSIAN_BLUR,Snow-Covered,0.927,True
Snow (50).jpg,Snow-Covered,GAUSSIAN_BLUR,Dusty,0.3053,False
Snow (53).jpg,Snow-Covered,GAUSSIAN_BLUR,Snow-Covered,0.8728,True
Snow (54).jpg,Snow-Covered,GAUSSIAN_BLUR,Snow-Covered,0.8823,True
Snow (55).jpg,Snow-Covered,GAUSSIAN_BLUR,Dusty,0.3053,False
Snow (64).jpg,Snow-Covered,GAUSSIAN_BLUR,Snow-Covered,0.8933,True
Snow (66).jpg,Snow-Covered,GAUSSIAN_BLUR,Snow-Covered,0.8933,True
Snow (67).jpg,Snow-Covered,GAUSSIAN_BLUR,Snow-Covered,0.8933,True
Snow (83).jpg,Snow-Covered,GAUSSIAN_BLUR,Snow-Covered,0.7892,True
Snow (86).jpg,Snow-Covered,GAUSSIAN_BLUR,Snow-Covered,0.9567,True
Snow (87).JPG,Snow-Covered,GAUSSIAN_BLUR,Snow-Covered,0.8849,True
Snow (90).jpg,Snow-Covered,GAUSSIAN_BLUR,Snow-Covered,0.8933,True
Snow (91).JPG,Snow-Covered,GAUSSIAN_BLUR,Snow-Covered,0.4286,True
13.JPG,Bird-drop,SENSOR_NOISE,Bird-drop,0.369,True
15.JPG,Bird-drop,SENSOR_NOISE,Bird-drop,0.5409,True
Bird (104).jpg,Bird-drop,SENSOR_NOISE,Bird-drop,0.2161,True
Bird (112).jpg,Bird-drop,SENSOR_NOISE,Bird-drop,0.6262,True
Bird (113).jpg,Bird-drop,SENSOR_NOISE,Dusty,0.792,False
Bird (117).jpg,Bird-drop,SENSOR_NOISE,Bird-drop,0.6121,True
Bird (119).jpg,Bird-drop,SENSOR_NOISE,Bird-drop,0.43,True
Bird (122).jpg,Bird-drop,SENSOR_NOISE,Bird-drop,0.6274,True
Bird (127).jpg,Bird-drop,SENSOR_NOISE,Bird-drop,0.3934,True
Bird (14).JPG,Bird-drop,SENSOR_NOISE,Bird-drop,0.3613,True
Bird (145).jpg,Bird-drop,SENSOR_NOISE,Bird-drop,0.7286,True
Bird (15).JPG,Bird-drop,SENSOR_NOISE,Bird-drop,0.2723,True
Bird (160).jpg,Bird-drop,SENSOR_NOISE,Bird-drop,0.6777,True
Bird (165).jpg,Bird-drop,SENSOR_NOISE,Bird-drop,0.8862,True
Bird (174).jpg,Bird-drop,SENSOR_NOISE,Bird-drop,0.955,True
Bird (175).jpg,Bird-drop,SENSOR_NOISE,Bird-drop,0.3162,True
Bird (183).jpg,Bird-drop,SENSOR_NOISE,Bird-drop,0.295,True
Bird (185).jpg,Bird-drop,SENSOR_NOISE,Bird-drop,0.4678,True
Bird (190).jpg,Bird-drop,SENSOR_NOISE,Bird-drop,0.8331,True
Bird (194).jpg,Bird-drop,SENSOR_NOISE,Bird-drop,0.8793,True
Bird (2).JPG,Bird-drop,SENSOR_NOISE,Bird-drop,0.5456,True
Bird (3).jpg,Bird-drop,SENSOR_NOISE,Clean,0.3807,False
Bird (30).jpg,Bird-drop,SENSOR_NOISE,Bird-drop,0.621,True
Bird (36).jpg,Bird-drop,SENSOR_NOISE,Bird-drop,0.5576,True
Bird (38).jpg,Bird-drop,SENSOR_NOISE,Bird-drop,0.9491,True
Bird (44).jpg,Bird-drop,SENSOR_NOISE,Bird-drop,0.6121,True
Bird (55).jpg,Bird-drop,SENSOR_NOISE,Bird-drop,0.8634,True
Bird (56).jpg,Bird-drop,SENSOR_NOISE,Bird-drop,0.48,True
Bird (63).jpg,Bird-drop,SENSOR_NOISE,Clean,0.3066,False
Bird (65).jpg,Bird-drop,SENSOR_NOISE,Bird-drop,0.7142,True
Bird (71).jpg,Bird-drop,SENSOR_NOISE,Dusty,0.3174,False
Bird (77).jpg,Bird-drop,SENSOR_NOISE,Bird-drop,0.5321,True
Bird (78).jpg,Bird-drop,SENSOR_NOISE,Bird-drop,0.4449,True
Bird (79).jpg,Bird-drop,SENSOR_NOISE,Bird-drop,0.3571,True
Bird (81).jpg,Bird-drop,SENSOR_NOISE,Bird-drop,0.6987,True
Bird (86).jpg,Bird-drop,SENSOR_NOISE,Bird-drop,0.4023,True
Bird (89).jpg,Bird-drop,SENSOR_NOISE,Dusty,0.7587,False
Bird (9).jpg,Bird-drop,SENSOR_NOISE,Bird-drop,0.4348,True
Bird (92).jpg,Bird-drop,SENSOR_NOISE,Electrical-damage,0.4716,False
Bird (95).jpg,Bird-drop,SENSOR_NOISE,Dusty,0.7059,False
Bird (97).jpg,Bird-drop,SENSOR_NOISE,Clean,0.3938,False
Clean (102).jpg,Clean,SENSOR_NOISE,Dusty,0.5734,False
Clean (104).jpg,Clean,SENSOR_NOISE,Clean,0.9235,True
Clean (105).jpg,Clean,SENSOR_NOISE,Clean,0.9051,True
Clean (107).jpg,Clean,SENSOR_NOISE,Clean,0.3555,True
Clean (117).jpg,Clean,SENSOR_NOISE,Dusty,0.2835,False
Clean (122).jpg,Clean,SENSOR_NOISE,Clean,0.6439,True
Clean (128).jpg,Clean,SENSOR_NOISE,Clean,0.9195,True
Clean (129).jpg,Clean,SENSOR_NOISE,Clean,0.5397,True
Clean (131).jpg,Clean,SENSOR_NOISE,Dusty,0.5575,False
Clean (135).JPG,Clean,SENSOR_NOISE,Clean,0.9301,True
Clean (137).jpg,Clean,SENSOR_NOISE,Clean,0.9359,True
Clean (140).JPG,Clean,SENSOR_NOISE,Clean,0.9252,True
Clean (144).jpg,Clean,SENSOR_NOISE,Clean,0.484,True
Clean (147).jpg,Clean,SENSOR_NOISE,Clean,0.982,True
Clean (148).jpg,Clean,SENSOR_NOISE,Clean,0.8023,True
Clean (152).jpg,Clean,SENSOR_NOISE,Clean,0.9878,True
Clean (158).jpg,Clean,SENSOR_NOISE,Clean,0.7272,True
Clean (16).JPG,Clean,SENSOR_NOISE,Clean,0.9635,True
Clean (163).jpg,Clean,SENSOR_NOISE,Clean,0.8367,True
Clean (166).jpg,Clean,SENSOR_NOISE,Clean,0.9686,True
Clean (176).jpg,Clean,SENSOR_NOISE,Clean,0.4985,True
Clean (180).jpg,Clean,SENSOR_NOISE,Clean,0.3087,True
Clean (183).jpg,Clean,SENSOR_NOISE,Clean,0.9884,True
Clean (184).jpg,Clean,SENSOR_NOISE,Clean,0.8167,True
Clean (186).jpg,Clean,SENSOR_NOISE,Clean,0.8092,True
Clean (192).jpg,Clean,SENSOR_NOISE,Dusty,0.4994,False
Clean (3).jpg,Clean,SENSOR_NOISE,Clean,0.8604,True
Clean (30).jpg,Clean,SENSOR_NOISE,Clean,0.9851,True
Clean (35).jpg,Clean,SENSOR_NOISE,Clean,0.8453,True
Clean (37).jpg,Clean,SENSOR_NOISE,Clean,0.7369,True
Clean (41).jpg,Clean,SENSOR_NOISE,Electrical-damage,0.3155,False
Clean (60).jpg,Clean,SENSOR_NOISE,Clean,0.6035,True
Clean (68).jpg,Clean,SENSOR_NOISE,Clean,0.9406,True
Clean (7).jpg,Clean,SENSOR_NOISE,Dusty,0.5592,False
Clean (73).jpg,Clean,SENSOR_NOISE,Clean,0.3978,True
Clean (86).jpg,Clean,SENSOR_NOISE,Clean,0.738,True
Clean (94).jpg,Clean,SENSOR_NOISE,Clean,0.293,True
Clean (96).jpg,Clean,SENSOR_NOISE,Clean,0.7451,True
Clean (99).jpg,Clean,SENSOR_NOISE,Clean,0.743,True
Dust (1).jpg,Dusty,SENSOR_NOISE,Dusty,0.3384,True
Dust (100).jpg,Dusty,SENSOR_NOISE,Dusty,0.9742,True
Dust (109).jpg,Dusty,SENSOR_NOISE,Dusty,0.4117,True
Dust (11).jpg,Dusty,SENSOR_NOISE,Physical-damage,0.3067,False
Dust (111).jpg,Dusty,SENSOR_NOISE,Dusty,0.8314,True
Dust (114).jpg,Dusty,SENSOR_NOISE,Dusty,0.634,True
Dust (115).jpg,Dusty,SENSOR_NOISE,Dusty,0.7303,True
Dust (116).jpg,Dusty,SENSOR_NOISE,Snow-Covered,0.5038,False
Dust (119).jpg,Dusty,SENSOR_NOISE,Dusty,0.9478,True
Dust (123).jpg,Dusty,SENSOR_NOISE,Dusty,0.898,True
Dust (134).jpg,Dusty,SENSOR_NOISE,Dusty,0.4378,True
Dust (135).jpg,Dusty,SENSOR_NOISE,Dusty,0.2474,True
Dust (136).jpg,Dusty,SENSOR_NOISE,Dusty,0.606,True
Dust (142).jpg,Dusty,SENSOR_NOISE,Dusty,0.7753,True
Dust (145).jpg,Dusty,SENSOR_NOISE,Dusty,0.7043,True
Dust (146).jpg,Dusty,SENSOR_NOISE,Dusty,0.7549,True
Dust (148).jpg,Dusty,SENSOR_NOISE,Dusty,0.8942,True
Dust (149).jpg,Dusty,SENSOR_NOISE,Dusty,0.8128,True
Dust (155).jpg,Dusty,SENSOR_NOISE,Clean,0.2292,False
Dust (165).jpg,Dusty,SENSOR_NOISE,Dusty,0.3792,True
Dust (178).jpg,Dusty,SENSOR_NOISE,Dusty,0.3718,True
Dust (181).jpg,Dusty,SENSOR_NOISE,Physical-damage,0.2794,False
Dust (23).jpg,Dusty,SENSOR_NOISE,Physical-damage,0.2811,False
Dust (33).jpg,Dusty,SENSOR_NOISE,Dusty,0.4444,True
Dust (47).jpg,Dusty,SENSOR_NOISE,Dusty,0.8606,True
Dust (5).jpg,Dusty,SENSOR_NOISE,Clean,0.4886,False
Dust (51).jpg,Dusty,SENSOR_NOISE,Dusty,0.695,True
Dust (59).jpg,Dusty,SENSOR_NOISE,Dusty,0.929,True
Dust (6).jpg,Dusty,SENSOR_NOISE,Dusty,0.9016,True
Dust (60).jpg,Dusty,SENSOR_NOISE,Dusty,0.7562,True
Dust (66).jpg,Dusty,SENSOR_NOISE,Clean,0.4093,False
Dust (76).jpg,Dusty,SENSOR_NOISE,Clean,0.5187,False
Dust (78).jpg,Dusty,SENSOR_NOISE,Dusty,0.8531,True
Dust (82).jpg,Dusty,SENSOR_NOISE,Dusty,0.9829,True
Dust (87).jpg,Dusty,SENSOR_NOISE,Dusty,0.8314,True
Dust (89).jpg,Dusty,SENSOR_NOISE,Dusty,0.8647,True
Dust (91).jpg,Dusty,SENSOR_NOISE,Dusty,0.8088,True
Electrical (1).jpg,Electrical-damage,SENSOR_NOISE,Electrical-damage,0.8333,True
Electrical (10).jpg,Electrical-damage,SENSOR_NOISE,Electrical-damage,0.7995,True
Electrical (15).jpg,Electrical-damage,SENSOR_NOISE,Electrical-damage,0.5445,True
Electrical (16).jpg,Electrical-damage,SENSOR_NOISE,Electrical-damage,0.8272,True
Electrical (17).jpg,Electrical-damage,SENSOR_NOISE,Electrical-damage,0.8765,True
Electrical (20).jpg,Electrical-damage,SENSOR_NOISE,Electrical-damage,0.9907,True
Electrical (21).jpg,Electrical-damage,SENSOR_NOISE,Electrical-damage,0.825,True
Electrical (22).jpg,Electrical-damage,SENSOR_NOISE,Electrical-damage,0.5854,True
Electrical (34).jpg,Electrical-damage,SENSOR_NOISE,Electrical-damage,0.8242,True
Electrical (40).jpg,Electrical-damage,SENSOR_NOISE,Electrical-damage,0.9511,True
Electrical (43).jpg,Electrical-damage,SENSOR_NOISE,Electrical-damage,0.3211,True
Electrical (57).JPG,Electrical-damage,SENSOR_NOISE,Electrical-damage,0.6961,True
Electrical (6).jpg,Electrical-damage,SENSOR_NOISE,Physical-damage,0.5772,False
Electrical (63).jpg,Electrical-damage,SENSOR_NOISE,Electrical-damage,0.8641,True
Electrical (66).JPG,Electrical-damage,SENSOR_NOISE,Electrical-damage,0.973,True
Electrical (70).jpg,Electrical-damage,SENSOR_NOISE,Electrical-damage,0.8774,True
Electrical (87).jpg,Electrical-damage,SENSOR_NOISE,Electrical-damage,0.8418,True
Electrical (90).jpg,Electrical-damage,SENSOR_NOISE,Electrical-damage,0.8414,True
Electrical (94).jpg,Electrical-damage,SENSOR_NOISE,Electrical-damage,0.6907,True
Electrical (98).jpg,Electrical-damage,SENSOR_NOISE,Electrical-damage,0.9914,True
Electrical (99).jpg,Electrical-damage,SENSOR_NOISE,Electrical-damage,0.7457,True
Physical (1).jpg,Physical-damage,SENSOR_NOISE,Bird-drop,0.6751,False
Physical (19).jpg,Physical-damage,SENSOR_NOISE,Physical-damage,0.6402,True
Physical (21).jpg,Physical-damage,SENSOR_NOISE,Physical-damage,0.6945,True
Physical (27).JPG,Physical-damage,SENSOR_NOISE,Physical-damage,0.6248,True
Physical (34).jpg,Physical-damage,SENSOR_NOISE,Physical-damage,0.7839,True
Physical (37).jpg,Physical-damage,SENSOR_NOISE,Physical-damage,0.3076,True
Physical (4).jpg,Physical-damage,SENSOR_NOISE,Physical-damage,0.4877,True
Physical (47).jpg,Physical-damage,SENSOR_NOISE,Physical-damage,0.9099,True
Physical (53).jpg,Physical-damage,SENSOR_NOISE,Clean,0.6748,False
Physical (6).jpg,Physical-damage,SENSOR_NOISE,Physical-damage,0.4556,True
Physical (61).jpg,Physical-damage,SENSOR_NOISE,Physical-damage,0.805,True
Physical (8).jpg,Physical-damage,SENSOR_NOISE,Physical-damage,0.8039,True
Physical (9).jpg,Physical-damage,SENSOR_NOISE,Physical-damage,0.4945,True
Snow (107).jpg,Snow-Covered,SENSOR_NOISE,Snow-Covered,0.9454,True
Snow (108).jpg,Snow-Covered,SENSOR_NOISE,Snow-Covered,0.4441,True
Snow (109).jpg,Snow-Covered,SENSOR_NOISE,Snow-Covered,0.7286,True
Snow (110).jpg,Snow-Covered,SENSOR_NOISE,Snow-Covered,0.6941,True
Snow (114).jpg,Snow-Covered,SENSOR_NOISE,Snow-Covered,0.8634,True
Snow (115).jpg,Snow-Covered,SENSOR_NOISE,Snow-Covered,0.313,True
Snow (117).jpg,Snow-Covered,SENSOR_NOISE,Snow-Covered,0.9395,True
Snow (121).jpg,Snow-Covered,SENSOR_NOISE,Snow-Covered,0.4044,True
Snow (15).jpg,Snow-Covered,SENSOR_NOISE,Snow-Covered,0.8634,True
Snow (20).jpg,Snow-Covered,SENSOR_NOISE,Physical-damage,0.3337,False
Snow (23).jpg,Snow-Covered,SENSOR_NOISE,Snow-Covered,0.91,True
Snow (25).jpg,Snow-Covered,SENSOR_NOISE,Snow-Covered,0.3733,True
Snow (35).JPG,Snow-Covered,SENSOR_NOISE,Snow-Covered,0.9272,True
Snow (5).jpg,Snow-Covered,SENSOR_NOISE,Snow-Covered,0.9645,True
Snow (50).jpg,Snow-Covered,SENSOR_NOISE,Dusty,0.3906,False
Snow (53).jpg,Snow-Covered,SENSOR_NOISE,Snow-Covered,0.8245,True
Snow (54).jpg,Snow-Covered,SENSOR_NOISE,Snow-Covered,0.9376,True
Snow (55).jpg,Snow-Covered,SENSOR_NOISE,Dusty,0.3304,False
Snow (64).jpg,Snow-Covered,SENSOR_NOISE,Snow-Covered,0.8813,True
Snow (66).jpg,Snow-Covered,SENSOR_NOISE,Snow-Covered,0.8405,True
Snow (67).jpg,Snow-Covered,SENSOR_NOISE,Snow-Covered,0.868,True
Snow (83).jpg,Snow-Covered,SENSOR_NOISE,Dusty,0.3214,False
Snow (86).jpg,Snow-Covered,SENSOR_NOISE,Snow-Covered,0.9113,True
Snow (87).JPG,Snow-Covered,SENSOR_NOISE,Snow-Covered,0.9284,True
Snow (90).jpg,Snow-Covered,SENSOR_NOISE,Snow-Covered,0.7572,True
Snow (91).JPG,Snow-Covered,SENSOR_NOISE,Snow-Covered,0.4826,True
13.JPG,Bird-drop,JPEG_COMPRESSION,Bird-drop,0.913,True
15.JPG,Bird-drop,JPEG_COMPRESSION,Bird-drop,0.5339,True
Bird (104).jpg,Bird-drop,JPEG_COMPRESSION,Bird-drop,0.9009,True
Bird (112).jpg,Bird-drop,JPEG_COMPRESSION,Bird-drop,0.9309,True
Bird (113).jpg,Bird-drop,JPEG_COMPRESSION,Dusty,0.6526,False
Bird (117).jpg,Bird-drop,JPEG_COMPRESSION,Bird-drop,0.7959,True
Bird (119).jpg,Bird-drop,JPEG_COMPRESSION,Bird-drop,0.8099,True
Bird (122).jpg,Bird-drop,JPEG_COMPRESSION,Bird-drop,0.9021,True
Bird (127).jpg,Bird-drop,JPEG_COMPRESSION,Bird-drop,0.7924,True
Bird (14).JPG,Bird-drop,JPEG_COMPRESSION,Bird-drop,0.3107,True
Bird (145).jpg,Bird-drop,JPEG_COMPRESSION,Bird-drop,0.9181,True
Bird (15).JPG,Bird-drop,JPEG_COMPRESSION,Bird-drop,0.6131,True
Bird (160).jpg,Bird-drop,JPEG_COMPRESSION,Bird-drop,0.8329,True
Bird (165).jpg,Bird-drop,JPEG_COMPRESSION,Bird-drop,0.9578,True
Bird (174).jpg,Bird-drop,JPEG_COMPRESSION,Bird-drop,0.9683,True
Bird (175).jpg,Bird-drop,JPEG_COMPRESSION,Dusty,0.4323,False
Bird (183).jpg,Bird-drop,JPEG_COMPRESSION,Dusty,0.4323,False
Bird (185).jpg,Bird-drop,JPEG_COMPRESSION,Bird-drop,0.6247,True
Bird (190).jpg,Bird-drop,JPEG_COMPRESSION,Bird-drop,0.938,True
Bird (194).jpg,Bird-drop,JPEG_COMPRESSION,Bird-drop,0.938,True
Bird (2).JPG,Bird-drop,JPEG_COMPRESSION,Bird-drop,0.6882,True
Bird (3).jpg,Bird-drop,JPEG_COMPRESSION,Bird-drop,0.3904,True
Bird (30).jpg,Bird-drop,JPEG_COMPRESSION,Bird-drop,0.9309,True
Bird (36).jpg,Bird-drop,JPEG_COMPRESSION,Bird-drop,0.9704,True
Bird (38).jpg,Bird-drop,JPEG_COMPRESSION,Bird-drop,0.9683,True
Bird (44).jpg,Bird-drop,JPEG_COMPRESSION,Bird-drop,0.9181,True
Bird (55).jpg,Bird-drop,JPEG_COMPRESSION,Bird-drop,0.9578,True
Bird (56).jpg,Bird-drop,JPEG_COMPRESSION,Bird-drop,0.4877,True
Bird (63).jpg,Bird-drop,JPEG_COMPRESSION,Bird-drop,0.7019,True
Bird (65).jpg,Bird-drop,JPEG_COMPRESSION,Bird-drop,0.924,True
Bird (71).jpg,Bird-drop,JPEG_COMPRESSION,Dusty,0.5979,False
Bird (77).jpg,Bird-drop,JPEG_COMPRESSION,Bird-drop,0.7959,True
Bird (78).jpg,Bird-drop,JPEG_COMPRESSION,Bird-drop,0.6184,True
Bird (79).jpg,Bird-drop,JPEG_COMPRESSION,Bird-drop,0.8099,True
Bird (81).jpg,Bird-drop,JPEG_COMPRESSION,Bird-drop,0.8916,True
Bird (86).jpg,Bird-drop,JPEG_COMPRESSION,Bird-drop,0.8099,True
Bird (89).jpg,Bird-drop,JPEG_COMPRESSION,Dusty,0.7306,False
Bird (9).jpg,Bird-drop,JPEG_COMPRESSION,Bird-drop,0.5075,True
Bird (92).jpg,Bird-drop,JPEG_COMPRESSION,Electrical-damage,0.9574,False
Bird (95).jpg,Bird-drop,JPEG_COMPRESSION,Dusty,0.7454,False
Bird (97).jpg,Bird-drop,JPEG_COMPRESSION,Bird-drop,0.9625,True
Clean (102).jpg,Clean,JPEG_COMPRESSION,Dusty,0.6026,False
Clean (104).jpg,Clean,JPEG_COMPRESSION,Clean,0.8196,True
Clean (105).jpg,Clean,JPEG_COMPRESSION,Clean,0.4835,True
Clean (107).jpg,Clean,JPEG_COMPRESSION,Dusty,0.3864,False
Clean (117).jpg,Clean,JPEG_COMPRESSION,Clean,0.2487,True
Clean (122).jpg,Clean,JPEG_COMPRESSION,Clean,0.7878,True
Clean (128).jpg,Clean,JPEG_COMPRESSION,Clean,0.9054,True
Clean (129).jpg,Clean,JPEG_COMPRESSION,Dusty,0.5534,False
Clean (131).jpg,Clean,JPEG_COMPRESSION,Dusty,0.2938,False
Clean (135).JPG,Clean,JPEG_COMPRESSION,Clean,0.8043,True
Clean (137).jpg,Clean,JPEG_COMPRESSION,Clean,0.9227,True
Clean (140).JPG,Clean,JPEG_COMPRESSION,Clean,0.7989,True
Clean (144).jpg,Clean,JPEG_COMPRESSION,Physical-damage,0.248,False
Clean (147).jpg,Clean,JPEG_COMPRESSION,Clean,0.9025,True
Clean (148).jpg,Clean,JPEG_COMPRESSION,Clean,0.7131,True
Clean (152).jpg,Clean,JPEG_COMPRESSION,Clean,0.9566,True
Clean (158).jpg,Clean,JPEG_COMPRESSION,Clean,0.4969,True
Clean (16).JPG,Clean,JPEG_COMPRESSION,Clean,0.6882,True
Clean (163).jpg,Clean,JPEG_COMPRESSION,Clean,0.4898,True
Clean (166).jpg,Clean,JPEG_COMPRESSION,Clean,0.9196,True
Clean (176).jpg,Clean,JPEG_COMPRESSION,Clean,0.5221,True
Clean (180).jpg,Clean,JPEG_COMPRESSION,Clean,0.6084,True
Clean (183).jpg,Clean,JPEG_COMPRESSION,Clean,0.8803,True
Clean (184).jpg,Clean,JPEG_COMPRESSION,Clean,0.5908,True
Clean (186).jpg,Clean,JPEG_COMPRESSION,Clean,0.5974,True
Clean (192).jpg,Clean,JPEG_COMPRESSION,Dusty,0.578,False
Clean (3).jpg,Clean,JPEG_COMPRESSION,Clean,0.6386,True
Clean (30).jpg,Clean,JPEG_COMPRESSION,Clean,0.8803,True
Clean (35).jpg,Clean,JPEG_COMPRESSION,Clean,0.7785,True
Clean (37).jpg,Clean,JPEG_COMPRESSION,Clean,0.5567,True
Clean (41).jpg,Clean,JPEG_COMPRESSION,Electrical-damage,0.3856,False
Clean (60).jpg,Clean,JPEG_COMPRESSION,Clean,0.3873,True
Clean (68).jpg,Clean,JPEG_COMPRESSION,Clean,0.5979,True
Clean (7).jpg,Clean,JPEG_COMPRESSION,Dusty,0.4692,False
Clean (73).jpg,Clean,JPEG_COMPRESSION,Bird-drop,0.3499,False
Clean (86).jpg,Clean,JPEG_COMPRESSION,Clean,0.9209,True
Clean (94).jpg,Clean,JPEG_COMPRESSION,Bird-drop,0.5792,False
Clean (96).jpg,Clean,JPEG_COMPRESSION,Clean,0.5652,True
Clean (99).jpg,Clean,JPEG_COMPRESSION,Clean,0.8104,True
Dust (1).jpg,Dusty,JPEG_COMPRESSION,Dusty,0.3412,True
Dust (100).jpg,Dusty,JPEG_COMPRESSION,Dusty,0.9865,True
Dust (109).jpg,Dusty,JPEG_COMPRESSION,Dusty,0.6846,True
Dust (11).jpg,Dusty,JPEG_COMPRESSION,Electrical-damage,0.3169,False
Dust (111).jpg,Dusty,JPEG_COMPRESSION,Dusty,0.86,True
Dust (114).jpg,Dusty,JPEG_COMPRESSION,Dusty,0.5161,True
Dust (115).jpg,Dusty,JPEG_COMPRESSION,Dusty,0.6943,True
Dust (116).jpg,Dusty,JPEG_COMPRESSION,Dusty,0.6924,True
Dust (119).jpg,Dusty,JPEG_COMPRESSION,Dusty,0.7715,True
Dust (123).jpg,Dusty,JPEG_COMPRESSION,Dusty,0.9363,True
Dust (134).jpg,Dusty,JPEG_COMPRESSION,Dusty,0.3871,True
Dust (135).jpg,Dusty,JPEG_COMPRESSION,Dusty,0.8746,True
Dust (136).jpg,Dusty,JPEG_COMPRESSION,Dusty,0.6154,True
Dust (142).jpg,Dusty,JPEG_COMPRESSION,Dusty,0.7428,True
Dust (145).jpg,Dusty,JPEG_COMPRESSION,Dusty,0.7528,True
Dust (146).jpg,Dusty,JPEG_COMPRESSION,Dusty,0.8282,True
Dust (148).jpg,Dusty,JPEG_COMPRESSION,Dusty,0.947,True
Dust (149).jpg,Dusty,JPEG_COMPRESSION,Dusty,0.9499,True
Dust (155).jpg,Dusty,JPEG_COMPRESSION,Dusty,0.7275,True
Dust (165).jpg,Dusty,JPEG_COMPRESSION,Dusty,0.5616,True
Dust (178).jpg,Dusty,JPEG_COMPRESSION,Dusty,0.4997,True
Dust (181).jpg,Dusty,JPEG_COMPRESSION,Bird-drop,0.3458,False
Dust (23).jpg,Dusty,JPEG_COMPRESSION,Electrical-damage,0.3169,False
Dust (33).jpg,Dusty,JPEG_COMPRESSION,Dusty,0.4159,True
Dust (47).jpg,Dusty,JPEG_COMPRESSION,Dusty,0.7437,True
Dust (5).jpg,Dusty,JPEG_COMPRESSION,Dusty,0.4239,True
Dust (51).jpg,Dusty,JPEG_COMPRESSION,Dusty,0.9463,True
Dust (59).jpg,Dusty,JPEG_COMPRESSION,Dusty,0.9764,True
Dust (6).jpg,Dusty,JPEG_COMPRESSION,Dusty,0.7641,True
Dust (60).jpg,Dusty,JPEG_COMPRESSION,Dusty,0.9021,True
Dust (66).jpg,Dusty,JPEG_COMPRESSION,Bird-drop,0.5861,False
Dust (76).jpg,Dusty,JPEG_COMPRESSION,Dusty,0.4535,True
Dust (78).jpg,Dusty,JPEG_COMPRESSION,Dusty,0.931,True
Dust (82).jpg,Dusty,JPEG_COMPRESSION,Dusty,0.9736,True
Dust (87).jpg,Dusty,JPEG_COMPRESSION,Dusty,0.945,True
Dust (89).jpg,Dusty,JPEG_COMPRESSION,Dusty,0.9245,True
Dust (91).jpg,Dusty,JPEG_COMPRESSION,Dusty,0.7027,True
Electrical (1).jpg,Electrical-damage,JPEG_COMPRESSION,Electrical-damage,0.9527,True
Electrical (10).jpg,Electrical-damage,JPEG_COMPRESSION,Electrical-damage,0.9346,True
Electrical (15).jpg,Electrical-damage,JPEG_COMPRESSION,Electrical-damage,0.8089,True
Electrical (16).jpg,Electrical-damage,JPEG_COMPRESSION,Electrical-damage,0.987,True
Electrical (17).jpg,Electrical-damage,JPEG_COMPRESSION,Electrical-damage,0.9697,True
Electrical (20).jpg,Electrical-damage,JPEG_COMPRESSION,Electrical-damage,0.9861,True
Electrical (21).jpg,Electrical-damage,JPEG_COMPRESSION,Electrical-damage,0.9181,True
Electrical (22).jpg,Electrical-damage,JPEG_COMPRESSION,Electrical-damage,0.9324,True
Electrical (34).jpg,Electrical-damage,JPEG_COMPRESSION,Electrical-damage,0.9168,True
Electrical (40).jpg,Electrical-damage,JPEG_COMPRESSION,Electrical-damage,0.9806,True
Electrical (43).jpg,Electrical-damage,JPEG_COMPRESSION,Electrical-damage,0.4078,True
Electrical (57).JPG,Electrical-damage,JPEG_COMPRESSION,Electrical-damage,0.7877,True
Electrical (6).jpg,Electrical-damage,JPEG_COMPRESSION,Electrical-damage,0.4174,True
Electrical (63).jpg,Electrical-damage,JPEG_COMPRESSION,Electrical-damage,0.9527,True
Electrical (66).JPG,Electrical-damage,JPEG_COMPRESSION,Electrical-damage,0.9929,True
Electrical (70).jpg,Electrical-damage,JPEG_COMPRESSION,Electrical-damage,0.9679,True
Electrical (87).jpg,Electrical-damage,JPEG_COMPRESSION,Electrical-damage,0.9572,True
Electrical (90).jpg,Electrical-damage,JPEG_COMPRESSION,Electrical-damage,0.9168,True
Electrical (94).jpg,Electrical-damage,JPEG_COMPRESSION,Electrical-damage,0.8255,True
Electrical (98).jpg,Electrical-damage,JPEG_COMPRESSION,Electrical-damage,0.9861,True
Electrical (99).jpg,Electrical-damage,JPEG_COMPRESSION,Electrical-damage,0.9231,True
Physical (1).jpg,Physical-damage,JPEG_COMPRESSION,Bird-drop,0.873,False
Physical (19).jpg,Physical-damage,JPEG_COMPRESSION,Physical-damage,0.4313,True
Physical (21).jpg,Physical-damage,JPEG_COMPRESSION,Physical-damage,0.5241,True
Physical (27).JPG,Physical-damage,JPEG_COMPRESSION,Physical-damage,0.7014,True
Physical (34).jpg,Physical-damage,JPEG_COMPRESSION,Physical-damage,0.7934,True
Physical (37).jpg,Physical-damage,JPEG_COMPRESSION,Bird-drop,0.3154,False
Physical (4).jpg,Physical-damage,JPEG_COMPRESSION,Physical-damage,0.3412,True
Physical (47).jpg,Physical-damage,JPEG_COMPRESSION,Physical-damage,0.9134,True
Physical (53).jpg,Physical-damage,JPEG_COMPRESSION,Clean,0.3872,False
Physical (6).jpg,Physical-damage,JPEG_COMPRESSION,Physical-damage,0.4628,True
Physical (61).jpg,Physical-damage,JPEG_COMPRESSION,Physical-damage,0.486,True
Physical (8).jpg,Physical-damage,JPEG_COMPRESSION,Physical-damage,0.9193,True
Physical (9).jpg,Physical-damage,JPEG_COMPRESSION,Physical-damage,0.3398,True
Snow (107).jpg,Snow-Covered,JPEG_COMPRESSION,Snow-Covered,0.9091,True
Snow (108).jpg,Snow-Covered,JPEG_COMPRESSION,Snow-Covered,0.5233,True
Snow (109).jpg,Snow-Covered,JPEG_COMPRESSION,Snow-Covered,0.7877,True
Snow (110).jpg,Snow-Covered,JPEG_COMPRESSION,Snow-Covered,0.6675,True
Snow (114).jpg,Snow-Covered,JPEG_COMPRESSION,Snow-Covered,0.6532,True
Snow (115).jpg,Snow-Covered,JPEG_COMPRESSION,Snow-Covered,0.7847,True
Snow (117).jpg,Snow-Covered,JPEG_COMPRESSION,Snow-Covered,0.8719,True
Snow (121).jpg,Snow-Covered,JPEG_COMPRESSION,Bird-drop,0.3981,False
Snow (15).jpg,Snow-Covered,JPEG_COMPRESSION,Snow-Covered,0.9454,True
Snow (20).jpg,Snow-Covered,JPEG_COMPRESSION,Bird-drop,0.4666,False
Snow (23).jpg,Snow-Covered,JPEG_COMPRESSION,Snow-Covered,0.8635,True
Snow (25).jpg,Snow-Covered,JPEG_COMPRESSION,Snow-Covered,0.5183,True
Snow (35).JPG,Snow-Covered,JPEG_COMPRESSION,Snow-Covered,0.9301,True
Snow (5).jpg,Snow-Covered,JPEG_COMPRESSION,Snow-Covered,0.9842,True
Snow (50).jpg,Snow-Covered,JPEG_COMPRESSION,Dusty,0.4552,False
Snow (53).jpg,Snow-Covered,JPEG_COMPRESSION,Snow-Covered,0.9494,True
Snow (54).jpg,Snow-Covered,JPEG_COMPRESSION,Snow-Covered,0.9414,True
Snow (55).jpg,Snow-Covered,JPEG_COMPRESSION,Dusty,0.4552,False
Snow (64).jpg,Snow-Covered,JPEG_COMPRESSION,Snow-Covered,0.8996,True
Snow (66).jpg,Snow-Covered,JPEG_COMPRESSION,Snow-Covered,0.8996,True
Snow (67).jpg,Snow-Covered,JPEG_COMPRESSION,Snow-Covered,0.8996,True
Snow (83).jpg,Snow-Covered,JPEG_COMPRESSION,Snow-Covered,0.5503,True
Snow (86).jpg,Snow-Covered,JPEG_COMPRESSION,Snow-Covered,0.9456,True
Snow (87).JPG,Snow-Covered,JPEG_COMPRESSION,Snow-Covered,0.9226,True
Snow (90).jpg,Snow-Covered,JPEG_COMPRESSION,Snow-Covered,0.8996,True
Snow (91).JPG,Snow-Covered,JPEG_COMPRESSION,Snow-Covered,0.8245,True
13.JPG,Bird-drop,REDUCED_RESOLUTION,Bird-drop,0.3455,True
15.JPG,Bird-drop,REDUCED_RESOLUTION,Bird-drop,0.6763,True
Bird (104).jpg,Bird-drop,REDUCED_RESOLUTION,Bird-drop,0.585,True
Bird (112).jpg,Bird-drop,REDUCED_RESOLUTION,Physical-damage,0.2605,False
Bird (113).jpg,Bird-drop,REDUCED_RESOLUTION,Dusty,0.4377,False
Bird (117).jpg,Bird-drop,REDUCED_RESOLUTION,Physical-damage,0.353,False
Bird (119).jpg,Bird-drop,REDUCED_RESOLUTION,Physical-damage,0.3014,False
Bird (122).jpg,Bird-drop,REDUCED_RESOLUTION,Bird-drop,0.3185,True
Bird (127).jpg,Bird-drop,REDUCED_RESOLUTION,Dusty,0.4647,False
Bird (14).JPG,Bird-drop,REDUCED_RESOLUTION,Physical-damage,0.3017,False
Bird (145).jpg,Bird-drop,REDUCED_RESOLUTION,Physical-damage,0.272,False
Bird (15).JPG,Bird-drop,REDUCED_RESOLUTION,Dusty,0.362,False
Bird (160).jpg,Bird-drop,REDUCED_RESOLUTION,Physical-damage,0.3583,False
Bird (165).jpg,Bird-drop,REDUCED_RESOLUTION,Bird-drop,0.4309,True
Bird (174).jpg,Bird-drop,REDUCED_RESOLUTION,Bird-drop,0.452,True
Bird (175).jpg,Bird-drop,REDUCED_RESOLUTION,Bird-drop,0.2843,True
Bird (183).jpg,Bird-drop,REDUCED_RESOLUTION,Bird-drop,0.2843,True
Bird (185).jpg,Bird-drop,REDUCED_RESOLUTION,Bird-drop,0.2387,True
Bird (190).jpg,Bird-drop,REDUCED_RESOLUTION,Bird-drop,0.4364,True
Bird (194).jpg,Bird-drop,REDUCED_RESOLUTION,Bird-drop,0.4364,True
Bird (2).JPG,Bird-drop,REDUCED_RESOLUTION,Bird-drop,0.4574,True
Bird (3).jpg,Bird-drop,REDUCED_RESOLUTION,Bird-drop,0.245,True
Bird (30).jpg,Bird-drop,REDUCED_RESOLUTION,Physical-damage,0.2605,False
Bird (36).jpg,Bird-drop,REDUCED_RESOLUTION,Electrical-damage,0.2402,False
Bird (38).jpg,Bird-drop,REDUCED_RESOLUTION,Bird-drop,0.452,True
Bird (44).jpg,Bird-drop,REDUCED_RESOLUTION,Physical-damage,0.272,False
Bird (55).jpg,Bird-drop,REDUCED_RESOLUTION,Bird-drop,0.4309,True
Bird (56).jpg,Bird-drop,REDUCED_RESOLUTION,Bird-drop,0.3112,True
Bird (63).jpg,Bird-drop,REDUCED_RESOLUTION,Physical-damage,0.2547,False
Bird (65).jpg,Bird-drop,REDUCED_RESOLUTION,Bird-drop,0.5465,True
Bird (71).jpg,Bird-drop,REDUCED_RESOLUTION,Dusty,0.2841,False
Bird (77).jpg,Bird-drop,REDUCED_RESOLUTION,Physical-damage,0.353,False
Bird (78).jpg,Bird-drop,REDUCED_RESOLUTION,Bird-drop,0.3529,True
Bird (79).jpg,Bird-drop,REDUCED_RESOLUTION,Physical-damage,0.3014,False
Bird (81).jpg,Bird-drop,REDUCED_RESOLUTION,Bird-drop,0.4421,True
Bird (86).jpg,Bird-drop,REDUCED_RESOLUTION,Physical-damage,0.3014,False
Bird (89).jpg,Bird-drop,REDUCED_RESOLUTION,Bird-drop,0.4878,True
Bird (9).jpg,Bird-drop,REDUCED_RESOLUTION,Bird-drop,0.3282,True
Bird (92).jpg,Bird-drop,REDUCED_RESOLUTION,Electrical-damage,0.4166,False
Bird (95).jpg,Bird-drop,REDUCED_RESOLUTION,Dusty,0.487,False
Bird (97).jpg,Bird-drop,REDUCED_RESOLUTION,Dusty,0.2348,False
Clean (102).jpg,Clean,REDUCED_RESOLUTION,Bird-drop,0.2679,False
Clean (104).jpg,Clean,REDUCED_RESOLUTION,Bird-drop,0.2405,False
Clean (105).jpg,Clean,REDUCED_RESOLUTION,Bird-drop,0.2816,False
Clean (107).jpg,Clean,REDUCED_RESOLUTION,Dusty,0.2736,False
Clean (117).jpg,Clean,REDUCED_RESOLUTION,Dusty,0.2611,False
Clean (122).jpg,Clean,REDUCED_RESOLUTION,Physical-damage,0.265,False
Clean (128).jpg,Clean,REDUCED_RESOLUTION,Clean,0.2599,True
Clean (129).jpg,Clean,REDUCED_RESOLUTION,Dusty,0.6396,False
Clean (131).jpg,Clean,REDUCED_RESOLUTION,Bird-drop,0.2637,False
Clean (135).JPG,Clean,REDUCED_RESOLUTION,Electrical-damage,0.4129,False
Clean (137).jpg,Clean,REDUCED_RESOLUTION,Clean,0.276,True
Clean (140).JPG,Clean,REDUCED_RESOLUTION,Physical-damage,0.2519,False
Clean (144).jpg,Clean,REDUCED_RESOLUTION,Physical-damage,0.2514,False
Clean (147).jpg,Clean,REDUCED_RESOLUTION,Clean,0.2324,True
Clean (148).jpg,Clean,REDUCED_RESOLUTION,Electrical-damage,0.2508,False
Clean (152).jpg,Clean,REDUCED_RESOLUTION,Physical-damage,0.2344,False
Clean (158).jpg,Clean,REDUCED_RESOLUTION,Physical-damage,0.2388,False
Clean (16).JPG,Clean,REDUCED_RESOLUTION,Electrical-damage,0.2808,False
Clean (163).jpg,Clean,REDUCED_RESOLUTION,Physical-damage,0.236,False
Clean (166).jpg,Clean,REDUCED_RESOLUTION,Electrical-damage,0.3689,False
Clean (176).jpg,Clean,REDUCED_RESOLUTION,Physical-damage,0.2675,False
Clean (180).jpg,Clean,REDUCED_RESOLUTION,Physical-damage,0.3392,False
Clean (183).jpg,Clean,REDUCED_RESOLUTION,Clean,0.2583,True
Clean (184).jpg,Clean,REDUCED_RESOLUTION,Physical-damage,0.1868,False
Clean (186).jpg,Clean,REDUCED_RESOLUTION,Electrical-damage,0.2786,False
Clean (192).jpg,Clean,REDUCED_RESOLUTION,Dusty,0.5707,False
Clean (3).jpg,Clean,REDUCED_RESOLUTION,Physical-damage,0.255,False
Clean (30).jpg,Clean,REDUCED_RESOLUTION,Clean,0.2583,True
Clean (35).jpg,Clean,REDUCED_RESOLUTION,Clean,0.4249,True
Clean (37).jpg,Clean,REDUCED_RESOLUTION,Dusty,0.59,False
Clean (41).jpg,Clean,REDUCED_RESOLUTION,Physical-damage,0.2488,False
Clean (60).jpg,Clean,REDUCED_RESOLUTION,Bird-drop,0.3476,False
Clean (68).jpg,Clean,REDUCED_RESOLUTION,Dusty,0.2663,False
Clean (7).jpg,Clean,REDUCED_RESOLUTION,Physical-damage,0.2392,False
Clean (73).jpg,Clean,REDUCED_RESOLUTION,Dusty,0.329,False
Clean (86).jpg,Clean,REDUCED_RESOLUTION,Snow-Covered,0.3085,False
Clean (94).jpg,Clean,REDUCED_RESOLUTION,Bird-drop,0.3947,False
Clean (96).jpg,Clean,REDUCED_RESOLUTION,Bird-drop,0.2383,False
Clean (99).jpg,Clean,REDUCED_RESOLUTION,Clean,0.4363,True
Dust (1).jpg,Dusty,REDUCED_RESOLUTION,Dusty,0.2986,True
Dust (100).jpg,Dusty,REDUCED_RESOLUTION,Dusty,0.7361,True
Dust (109).jpg,Dusty,REDUCED_RESOLUTION,Clean,0.2337,False
Dust (11).jpg,Dusty,REDUCED_RESOLUTION,Physical-damage,0.2934,False
Dust (111).jpg,Dusty,REDUCED_RESOLUTION,Dusty,0.5432,True
Dust (114).jpg,Dusty,REDUCED_RESOLUTION,Dusty,0.2622,True
Dust (115).jpg,Dusty,REDUCED_RESOLUTION,Dusty,0.5162,True
Dust (116).jpg,Dusty,REDUCED_RESOLUTION,Dusty,0.5892,True
Dust (119).jpg,Dusty,REDUCED_RESOLUTION,Dusty,0.5024,True
Dust (123).jpg,Dusty,REDUCED_RESOLUTION,Dusty,0.6303,True
Dust (134).jpg,Dusty,REDUCED_RESOLUTION,Dusty,0.2643,True
Dust (135).jpg,Dusty,REDUCED_RESOLUTION,Dusty,0.5903,True
Dust (136).jpg,Dusty,REDUCED_RESOLUTION,Bird-drop,0.3425,False
Dust (142).jpg,Dusty,REDUCED_RESOLUTION,Dusty,0.7584,True
Dust (145).jpg,Dusty,REDUCED_RESOLUTION,Dusty,0.482,True
Dust (146).jpg,Dusty,REDUCED_RESOLUTION,Dusty,0.5052,True
Dust (148).jpg,Dusty,REDUCED_RESOLUTION,Dusty,0.6577,True
Dust (149).jpg,Dusty,REDUCED_RESOLUTION,Dusty,0.7035,True
Dust (155).jpg,Dusty,REDUCED_RESOLUTION,Dusty,0.279,True
Dust (165).jpg,Dusty,REDUCED_RESOLUTION,Dusty,0.3111,True
Dust (178).jpg,Dusty,REDUCED_RESOLUTION,Electrical-damage,0.2558,False
Dust (181).jpg,Dusty,REDUCED_RESOLUTION,Dusty,0.3345,True
Dust (23).jpg,Dusty,REDUCED_RESOLUTION,Physical-damage,0.2934,False
Dust (33).jpg,Dusty,REDUCED_RESOLUTION,Dusty,0.4683,True
Dust (47).jpg,Dusty,REDUCED_RESOLUTION,Dusty,0.4875,True
Dust (5).jpg,Dusty,REDUCED_RESOLUTION,Dusty,0.4841,True
Dust (51).jpg,Dusty,REDUCED_RESOLUTION,Dusty,0.6991,True
Dust (59).jpg,Dusty,REDUCED_RESOLUTION,Dusty,0.5523,True
Dust (6).jpg,Dusty,REDUCED_RESOLUTION,Dusty,0.4763,True
Dust (60).jpg,Dusty,REDUCED_RESOLUTION,Dusty,0.462,True
Dust (66).jpg,Dusty,REDUCED_RESOLUTION,Physical-damage,0.2266,False
Dust (76).jpg,Dusty,REDUCED_RESOLUTION,Dusty,0.3343,True
Dust (78).jpg,Dusty,REDUCED_RESOLUTION,Dusty,0.686,True
Dust (82).jpg,Dusty,REDUCED_RESOLUTION,Dusty,0.9192,True
Dust (87).jpg,Dusty,REDUCED_RESOLUTION,Dusty,0.3839,True
Dust (89).jpg,Dusty,REDUCED_RESOLUTION,Dusty,0.7569,True
Dust (91).jpg,Dusty,REDUCED_RESOLUTION,Dusty,0.5061,True
Electrical (1).jpg,Electrical-damage,REDUCED_RESOLUTION,Electrical-damage,0.6411,True
Electrical (10).jpg,Electrical-damage,REDUCED_RESOLUTION,Electrical-damage,0.2818,True
Electrical (15).jpg,Electrical-damage,REDUCED_RESOLUTION,Electrical-damage,0.9384,True
Electrical (16).jpg,Electrical-damage,REDUCED_RESOLUTION,Electrical-damage,0.6117,True
Electrical (17).jpg,Electrical-damage,REDUCED_RESOLUTION,Electrical-damage,0.4987,True
Electrical (20).jpg,Electrical-damage,REDUCED_RESOLUTION,Electrical-damage,0.8697,True
Electrical (21).jpg,Electrical-damage,REDUCED_RESOLUTION,Electrical-damage,0.3822,True
Electrical (22).jpg,Electrical-damage,REDUCED_RESOLUTION,Electrical-damage,0.7876,True
Electrical (34).jpg,Electrical-damage,REDUCED_RESOLUTION,Electrical-damage,0.5147,True
Electrical (40).jpg,Electrical-damage,REDUCED_RESOLUTION,Electrical-damage,0.9755,True
Electrical (43).jpg,Electrical-damage,REDUCED_RESOLUTION,Clean,0.2194,False
Electrical (57).JPG,Electrical-damage,REDUCED_RESOLUTION,Clean,0.3502,False
Electrical (6).jpg,Electrical-damage,REDUCED_RESOLUTION,Electrical-damage,0.4289,True
Electrical (63).jpg,Electrical-damage,REDUCED_RESOLUTION,Electrical-damage,0.6411,True
Electrical (66).JPG,Electrical-damage,REDUCED_RESOLUTION,Electrical-damage,0.7055,True
Electrical (70).jpg,Electrical-damage,REDUCED_RESOLUTION,Electrical-damage,0.5961,True
Electrical (87).jpg,Electrical-damage,REDUCED_RESOLUTION,Electrical-damage,0.671,True
Electrical (90).jpg,Electrical-damage,REDUCED_RESOLUTION,Electrical-damage,0.5147,True
Electrical (94).jpg,Electrical-damage,REDUCED_RESOLUTION,Electrical-damage,0.2583,True
Electrical (98).jpg,Electrical-damage,REDUCED_RESOLUTION,Electrical-damage,0.8697,True
Electrical (99).jpg,Electrical-damage,REDUCED_RESOLUTION,Electrical-damage,0.6768,True
Physical (1).jpg,Physical-damage,REDUCED_RESOLUTION,Physical-damage,0.232,True
Physical (19).jpg,Physical-damage,REDUCED_RESOLUTION,Physical-damage,0.3275,True
Physical (21).jpg,Physical-damage,REDUCED_RESOLUTION,Electrical-damage,0.3586,False
Physical (27).JPG,Physical-damage,REDUCED_RESOLUTION,Physical-damage,0.2157,True
Physical (34).jpg,Physical-damage,REDUCED_RESOLUTION,Physical-damage,0.311,True
Physical (37).jpg,Physical-damage,REDUCED_RESOLUTION,Bird-drop,0.4061,False
Physical (4).jpg,Physical-damage,REDUCED_RESOLUTION,Bird-drop,0.3226,False
Physical (47).jpg,Physical-damage,REDUCED_RESOLUTION,Physical-damage,0.3648,True
Physical (53).jpg,Physical-damage,REDUCED_RESOLUTION,Snow-Covered,0.207,False
Physical (6).jpg,Physical-damage,REDUCED_RESOLUTION,Physical-damage,0.3032,True
Physical (61).jpg,Physical-damage,REDUCED_RESOLUTION,Physical-damage,0.3458,True
Physical (8).jpg,Physical-damage,REDUCED_RESOLUTION,Electrical-damage,0.2765,False
Physical (9).jpg,Physical-damage,REDUCED_RESOLUTION,Physical-damage,0.2992,True
Snow (107).jpg,Snow-Covered,REDUCED_RESOLUTION,Snow-Covered,0.5647,True
Snow (108).jpg,Snow-Covered,REDUCED_RESOLUTION,Physical-damage,0.3013,False
Snow (109).jpg,Snow-Covered,REDUCED_RESOLUTION,Dusty,0.4747,False
Snow (110).jpg,Snow-Covered,REDUCED_RESOLUTION,Snow-Covered,0.4869,True
Snow (114).jpg,Snow-Covered,REDUCED_RESOLUTION,Physical-damage,0.3319,False
Snow (115).jpg,Snow-Covered,REDUCED_RESOLUTION,Snow-Covered,0.4124,True
Snow (117).jpg,Snow-Covered,REDUCED_RESOLUTION,Physical-damage,0.237,False
Snow (121).jpg,Snow-Covered,REDUCED_RESOLUTION,Dusty,0.5178,False
Snow (15).jpg,Snow-Covered,REDUCED_RESOLUTION,Snow-Covered,0.8191,True
Snow (20).jpg,Snow-Covered,REDUCED_RESOLUTION,Electrical-damage,0.5852,False
Snow (23).jpg,Snow-Covered,REDUCED_RESOLUTION,Snow-Covered,0.2933,True
Snow (25).jpg,Snow-Covered,REDUCED_RESOLUTION,Dusty,0.3143,False
Snow (35).JPG,Snow-Covered,REDUCED_RESOLUTION,Snow-Covered,0.5683,True
Snow (5).jpg,Snow-Covered,REDUCED_RESOLUTION,Snow-Covered,0.8701,True
Snow (50).jpg,Snow-Covered,REDUCED_RESOLUTION,Dusty,0.3131,False
Snow (53).jpg,Snow-Covered,REDUCED_RESOLUTION,Snow-Covered,0.4968,True
Snow (54).jpg,Snow-Covered,REDUCED_RESOLUTION,Snow-Covered,0.3505,True
Snow (55).jpg,Snow-Covered,REDUCED_RESOLUTION,Dusty,0.3131,False
Snow (64).jpg,Snow-Covered,REDUCED_RESOLUTION,Snow-Covered,0.4144,True
Snow (66).jpg,Snow-Covered,REDUCED_RESOLUTION,Snow-Covered,0.4144,True
Snow (67).jpg,Snow-Covered,REDUCED_RESOLUTION,Snow-Covered,0.4144,True
Snow (83).jpg,Snow-Covered,REDUCED_RESOLUTION,Physical-damage,0.2978,False
Snow (86).jpg,Snow-Covered,REDUCED_RESOLUTION,Snow-Covered,0.7506,True
Snow (87).JPG,Snow-Covered,REDUCED_RESOLUTION,Snow-Covered,0.4171,True
Snow (90).jpg,Snow-Covered,REDUCED_RESOLUTION,Snow-Covered,0.4144,True
Snow (91).JPG,Snow-Covered,REDUCED_RESOLUTION,Snow-Covered,0.3005,True
13.JPG,Bird-drop,SMALL_ROTATION,Bird-drop,0.911,True
15.JPG,Bird-drop,SMALL_ROTATION,Bird-drop,0.4662,True
Bird (104).jpg,Bird-drop,SMALL_ROTATION,Bird-drop,0.9289,True
Bird (112).jpg,Bird-drop,SMALL_ROTATION,Bird-drop,0.9541,True
Bird (113).jpg,Bird-drop,SMALL_ROTATION,Dusty,0.5092,False
Bird (117).jpg,Bird-drop,SMALL_ROTATION,Bird-drop,0.9387,True
Bird (119).jpg,Bird-drop,SMALL_ROTATION,Bird-drop,0.651,True
Bird (122).jpg,Bird-drop,SMALL_ROTATION,Bird-drop,0.6752,True
Bird (127).jpg,Bird-drop,SMALL_ROTATION,Bird-drop,0.8442,True
Bird (14).JPG,Bird-drop,SMALL_ROTATION,Bird-drop,0.5824,True
Bird (145).jpg,Bird-drop,SMALL_ROTATION,Bird-drop,0.9192,True
Bird (15).JPG,Bird-drop,SMALL_ROTATION,Bird-drop,0.5068,True
Bird (160).jpg,Bird-drop,SMALL_ROTATION,Bird-drop,0.8881,True
Bird (165).jpg,Bird-drop,SMALL_ROTATION,Bird-drop,0.9771,True
Bird (174).jpg,Bird-drop,SMALL_ROTATION,Bird-drop,0.9284,True
Bird (175).jpg,Bird-drop,SMALL_ROTATION,Bird-drop,0.4093,True
Bird (183).jpg,Bird-drop,SMALL_ROTATION,Bird-drop,0.4093,True
Bird (185).jpg,Bird-drop,SMALL_ROTATION,Bird-drop,0.6403,True
Bird (190).jpg,Bird-drop,SMALL_ROTATION,Bird-drop,0.9114,True
Bird (194).jpg,Bird-drop,SMALL_ROTATION,Bird-drop,0.9114,True
Bird (2).JPG,Bird-drop,SMALL_ROTATION,Bird-drop,0.7094,True
Bird (3).jpg,Bird-drop,SMALL_ROTATION,Bird-drop,0.2497,True
Bird (30).jpg,Bird-drop,SMALL_ROTATION,Bird-drop,0.9541,True
Bird (36).jpg,Bird-drop,SMALL_ROTATION,Bird-drop,0.9844,True
Bird (38).jpg,Bird-drop,SMALL_ROTATION,Bird-drop,0.9284,True
Bird (44).jpg,Bird-drop,SMALL_ROTATION,Bird-drop,0.9192,True
Bird (55).jpg,Bird-drop,SMALL_ROTATION,Bird-drop,0.9771,True
Bird (56).jpg,Bird-drop,SMALL_ROTATION,Bird-drop,0.8229,True
Bird (63).jpg,Bird-drop,SMALL_ROTATION,Bird-drop,0.5726,True
Bird (65).jpg,Bird-drop,SMALL_ROTATION,Bird-drop,0.9145,True
Bird (71).jpg,Bird-drop,SMALL_ROTATION,Dusty,0.6305,False
Bird (77).jpg,Bird-drop,SMALL_ROTATION,Bird-drop,0.9387,True
Bird (78).jpg,Bird-drop,SMALL_ROTATION,Bird-drop,0.9417,True
Bird (79).jpg,Bird-drop,SMALL_ROTATION,Bird-drop,0.651,True
Bird (81).jpg,Bird-drop,SMALL_ROTATION,Bird-drop,0.981,True
Bird (86).jpg,Bird-drop,SMALL_ROTATION,Bird-drop,0.651,True
Bird (89).jpg,Bird-drop,SMALL_ROTATION,Dusty,0.6014,False
Bird (9).jpg,Bird-drop,SMALL_ROTATION,Bird-drop,0.9185,True
Bird (92).jpg,Bird-drop,SMALL_ROTATION,Electrical-damage,0.4107,False
Bird (95).jpg,Bird-drop,SMALL_ROTATION,Dusty,0.8642,False
Bird (97).jpg,Bird-drop,SMALL_ROTATION,Bird-drop,0.9482,True
Clean (102).jpg,Clean,SMALL_ROTATION,Bird-drop,0.4486,False
Clean (104).jpg,Clean,SMALL_ROTATION,Clean,0.9146,True
Clean (105).jpg,Clean,SMALL_ROTATION,Clean,0.9247,True
Clean (107).jpg,Clean,SMALL_ROTATION,Dusty,0.6086,False
Clean (117).jpg,Clean,SMALL_ROTATION,Clean,0.3073,True
Clean (122).jpg,Clean,SMALL_ROTATION,Clean,0.9665,True
Clean (128).jpg,Clean,SMALL_ROTATION,Clean,0.9203,True
Clean (129).jpg,Clean,SMALL_ROTATION,Clean,0.846,True
Clean (131).jpg,Clean,SMALL_ROTATION,Bird-drop,0.6722,False
Clean (135).JPG,Clean,SMALL_ROTATION,Clean,0.9086,True
Clean (137).jpg,Clean,SMALL_ROTATION,Clean,0.9261,True
Clean (140).JPG,Clean,SMALL_ROTATION,Clean,0.8706,True
Clean (144).jpg,Clean,SMALL_ROTATION,Clean,0.7501,True
Clean (147).jpg,Clean,SMALL_ROTATION,Clean,0.9644,True
Clean (148).jpg,Clean,SMALL_ROTATION,Clean,0.75,True
Clean (152).jpg,Clean,SMALL_ROTATION,Clean,0.9937,True
Clean (158).jpg,Clean,SMALL_ROTATION,Clean,0.7707,True
Clean (16).JPG,Clean,SMALL_ROTATION,Clean,0.8753,True
Clean (163).jpg,Clean,SMALL_ROTATION,Clean,0.7226,True
Clean (166).jpg,Clean,SMALL_ROTATION,Clean,0.9857,True
Clean (176).jpg,Clean,SMALL_ROTATION,Clean,0.7514,True
Clean (180).jpg,Clean,SMALL_ROTATION,Clean,0.6704,True
Clean (183).jpg,Clean,SMALL_ROTATION,Clean,0.9891,True
Clean (184).jpg,Clean,SMALL_ROTATION,Clean,0.9016,True
Clean (186).jpg,Clean,SMALL_ROTATION,Clean,0.6607,True
Clean (192).jpg,Clean,SMALL_ROTATION,Clean,0.9496,True
Clean (3).jpg,Clean,SMALL_ROTATION,Clean,0.9035,True
Clean (30).jpg,Clean,SMALL_ROTATION,Clean,0.9891,True
Clean (35).jpg,Clean,SMALL_ROTATION,Clean,0.9468,True
Clean (37).jpg,Clean,SMALL_ROTATION,Clean,0.5573,True
Clean (41).jpg,Clean,SMALL_ROTATION,Clean,0.3116,True
Clean (60).jpg,Clean,SMALL_ROTATION,Clean,0.5898,True
Clean (68).jpg,Clean,SMALL_ROTATION,Clean,0.3682,True
Clean (7).jpg,Clean,SMALL_ROTATION,Bird-drop,0.2973,False
Clean (73).jpg,Clean,SMALL_ROTATION,Dusty,0.3201,False
Clean (86).jpg,Clean,SMALL_ROTATION,Clean,0.9695,True
Clean (94).jpg,Clean,SMALL_ROTATION,Bird-drop,0.5329,False
Clean (96).jpg,Clean,SMALL_ROTATION,Clean,0.5484,True
Clean (99).jpg,Clean,SMALL_ROTATION,Clean,0.9158,True
Dust (1).jpg,Dusty,SMALL_ROTATION,Dusty,0.5315,True
Dust (100).jpg,Dusty,SMALL_ROTATION,Dusty,0.9833,True
Dust (109).jpg,Dusty,SMALL_ROTATION,Dusty,0.8485,True
Dust (11).jpg,Dusty,SMALL_ROTATION,Bird-drop,0.4954,False
Dust (111).jpg,Dusty,SMALL_ROTATION,Dusty,0.9353,True
Dust (114).jpg,Dusty,SMALL_ROTATION,Dusty,0.3833,True
Dust (115).jpg,Dusty,SMALL_ROTATION,Dusty,0.7894,True
Dust (116).jpg,Dusty,SMALL_ROTATION,Snow-Covered,0.649,False
Dust (119).jpg,Dusty,SMALL_ROTATION,Dusty,0.9222,True
Dust (123).jpg,Dusty,SMALL_ROTATION,Dusty,0.9099,True
Dust (134).jpg,Dusty,SMALL_ROTATION,Dusty,0.6631,True
Dust (135).jpg,Dusty,SMALL_ROTATION,Dusty,0.4221,True
Dust (136).jpg,Dusty,SMALL_ROTATION,Dusty,0.835,True
Dust (142).jpg,Dusty,SMALL_ROTATION,Dusty,0.6144,True
Dust (145).jpg,Dusty,SMALL_ROTATION,Dusty,0.6504,True
Dust (146).jpg,Dusty,SMALL_ROTATION,Dusty,0.9518,True
Dust (148).jpg,Dusty,SMALL_ROTATION,Dusty,0.9762,True
Dust (149).jpg,Dusty,SMALL_ROTATION,Dusty,0.9768,True
Dust (155).jpg,Dusty,SMALL_ROTATION,Dusty,0.6187,True
Dust (165).jpg,Dusty,SMALL_ROTATION,Dusty,0.7091,True
Dust (178).jpg,Dusty,SMALL_ROTATION,Bird-drop,0.3727,False
Dust (181).jpg,Dusty,SMALL_ROTATION,Bird-drop,0.46,False
Dust (23).jpg,Dusty,SMALL_ROTATION,Bird-drop,0.4954,False
Dust (33).jpg,Dusty,SMALL_ROTATION,Dusty,0.5815,True
Dust (47).jpg,Dusty,SMALL_ROTATION,Dusty,0.9302,True
Dust (5).jpg,Dusty,SMALL_ROTATION,Dusty,0.4984,True
Dust (51).jpg,Dusty,SMALL_ROTATION,Dusty,0.9757,True
Dust (59).jpg,Dusty,SMALL_ROTATION,Dusty,0.9783,True
Dust (6).jpg,Dusty,SMALL_ROTATION,Dusty,0.7759,True
Dust (60).jpg,Dusty,SMALL_ROTATION,Dusty,0.7719,True
Dust (66).jpg,Dusty,SMALL_ROTATION,Clean,0.4612,False
Dust (76).jpg,Dusty,SMALL_ROTATION,Clean,0.729,False
Dust (78).jpg,Dusty,SMALL_ROTATION,Dusty,0.9797,True
Dust (82).jpg,Dusty,SMALL_ROTATION,Dusty,0.9655,True
Dust (87).jpg,Dusty,SMALL_ROTATION,Dusty,0.9696,True
Dust (89).jpg,Dusty,SMALL_ROTATION,Dusty,0.8828,True
Dust (91).jpg,Dusty,SMALL_ROTATION,Dusty,0.8405,True
Electrical (1).jpg,Electrical-damage,SMALL_ROTATION,Electrical-damage,0.3343,True
Electrical (10).jpg,Electrical-damage,SMALL_ROTATION,Electrical-damage,0.8796,True
Electrical (15).jpg,Electrical-damage,SMALL_ROTATION,Electrical-damage,0.9119,True
Electrical (16).jpg,Electrical-damage,SMALL_ROTATION,Electrical-damage,0.7394,True
Electrical (17).jpg,Electrical-damage,SMALL_ROTATION,Electrical-damage,0.8967,True
Electrical (20).jpg,Electrical-damage,SMALL_ROTATION,Electrical-damage,0.9525,True
Electrical (21).jpg,Electrical-damage,SMALL_ROTATION,Electrical-damage,0.8087,True
Electrical (22).jpg,Electrical-damage,SMALL_ROTATION,Electrical-damage,0.6221,True
Electrical (34).jpg,Electrical-damage,SMALL_ROTATION,Electrical-damage,0.9352,True
Electrical (40).jpg,Electrical-damage,SMALL_ROTATION,Electrical-damage,0.896,True
Electrical (43).jpg,Electrical-damage,SMALL_ROTATION,Clean,0.2822,False
Electrical (57).JPG,Electrical-damage,SMALL_ROTATION,Electrical-damage,0.5165,True
Electrical (6).jpg,Electrical-damage,SMALL_ROTATION,Bird-drop,0.571,False
Electrical (63).jpg,Electrical-damage,SMALL_ROTATION,Electrical-damage,0.3343,True
Electrical (66).JPG,Electrical-damage,SMALL_ROTATION,Electrical-damage,0.972,True
Electrical (70).jpg,Electrical-damage,SMALL_ROTATION,Electrical-damage,0.6505,True
Electrical (87).jpg,Electrical-damage,SMALL_ROTATION,Electrical-damage,0.4455,True
Electrical (90).jpg,Electrical-damage,SMALL_ROTATION,Electrical-damage,0.9352,True
Electrical (94).jpg,Electrical-damage,SMALL_ROTATION,Electrical-damage,0.4064,True
Electrical (98).jpg,Electrical-damage,SMALL_ROTATION,Electrical-damage,0.9525,True
Electrical (99).jpg,Electrical-damage,SMALL_ROTATION,Electrical-damage,0.7526,True
Physical (1).jpg,Physical-damage,SMALL_ROTATION,Bird-drop,0.735,False
Physical (19).jpg,Physical-damage,SMALL_ROTATION,Physical-damage,0.3893,True
Physical (21).jpg,Physical-damage,SMALL_ROTATION,Physical-damage,0.7257,True
Physical (27).JPG,Physical-damage,SMALL_ROTATION,Physical-damage,0.6095,True
Physical (34).jpg,Physical-damage,SMALL_ROTATION,Physical-damage,0.7791,True
Physical (37).jpg,Physical-damage,SMALL_ROTATION,Bird-drop,0.779,False
Physical (4).jpg,Physical-damage,SMALL_ROTATION,Physical-damage,0.3456,True
Physical (47).jpg,Physical-damage,SMALL_ROTATION,Physical-damage,0.8974,True
Physical (53).jpg,Physical-damage,SMALL_ROTATION,Clean,0.5224,False
Physical (6).jpg,Physical-damage,SMALL_ROTATION,Physical-damage,0.5751,True
Physical (61).jpg,Physical-damage,SMALL_ROTATION,Physical-damage,0.8377,True
Physical (8).jpg,Physical-damage,SMALL_ROTATION,Physical-damage,0.9012,True
Physical (9).jpg,Physical-damage,SMALL_ROTATION,Clean,0.2701,False
Snow (107).jpg,Snow-Covered,SMALL_ROTATION,Snow-Covered,0.9906,True
Snow (108).jpg,Snow-Covered,SMALL_ROTATION,Snow-Covered,0.7592,True
Snow (109).jpg,Snow-Covered,SMALL_ROTATION,Snow-Covered,0.9363,True
Snow (110).jpg,Snow-Covered,SMALL_ROTATION,Snow-Covered,0.7774,True
Snow (114).jpg,Snow-Covered,SMALL_ROTATION,Snow-Covered,0.7966,True
Snow (115).jpg,Snow-Covered,SMALL_ROTATION,Snow-Covered,0.373,True
Snow (117).jpg,Snow-Covered,SMALL_ROTATION,Snow-Covered,0.9622,True
Snow (121).jpg,Snow-Covered,SMALL_ROTATION,Bird-drop,0.4079,False
Snow (15).jpg,Snow-Covered,SMALL_ROTATION,Snow-Covered,0.9792,True
Snow (20).jpg,Snow-Covered,SMALL_ROTATION,Bird-drop,0.481,False
Snow (23).jpg,Snow-Covered,SMALL_ROTATION,Snow-Covered,0.8767,True
Snow (25).jpg,Snow-Covered,SMALL_ROTATION,Snow-Covered,0.544,True
Snow (35).JPG,Snow-Covered,SMALL_ROTATION,Snow-Covered,0.9333,True
Snow (5).jpg,Snow-Covered,SMALL_ROTATION,Snow-Covered,0.9859,True
Snow (50).jpg,Snow-Covered,SMALL_ROTATION,Dusty,0.5262,False
Snow (53).jpg,Snow-Covered,SMALL_ROTATION,Snow-Covered,0.9592,True
Snow (54).jpg,Snow-Covered,SMALL_ROTATION,Snow-Covered,0.97,True
Snow (55).jpg,Snow-Covered,SMALL_ROTATION,Dusty,0.5262,False
Snow (64).jpg,Snow-Covered,SMALL_ROTATION,Snow-Covered,0.977,True
Snow (66).jpg,Snow-Covered,SMALL_ROTATION,Snow-Covered,0.977,True
Snow (67).jpg,Snow-Covered,SMALL_ROTATION,Snow-Covered,0.977,True
Snow (83).jpg,Snow-Covered,SMALL_ROTATION,Clean,0.4834,False
Snow (86).jpg,Snow-Covered,SMALL_ROTATION,Snow-Covered,0.9723,True
Snow (87).JPG,Snow-Covered,SMALL_ROTATION,Snow-Covered,0.9721,True
Snow (90).jpg,Snow-Covered,SMALL_ROTATION,Snow-Covered,0.977,True
Snow (91).JPG,Snow-Covered,SMALL_ROTATION,Snow-Covered,0.871,True
